{"type": "FeatureCollection", "features": [{"type": "Feature", "geometry": {"type": "Point", "coordinates": [-71.2191, 46.82908]}, "properties": {"id": "11561354", "nom": "Nordic Paper Québec Inc.", "nature": "EGOU", "secteur": "population", "type": "rejet", "charts": [{"type": "bar", "title": "Volume annuel (m³) — Nordic Paper Québec Inc.", "labels": ["2001", "2002", "2003", "2004", "2005", "2006", "2007", "2008", "2009", "2010", "2011", "2012", "2013", "2014", "2015", "2016", "2017", "2018", "2019", "2020", "2021", "2022", "2023", "2024", "2025"], "values": [495876.0, 491606.0, 491678.0, 487845.0, 491751.0, 490445.0, 490817.0, 491815.0, 492580.0, 499542.0, 501423.0, 502648.0, 499225.0, 498455.0, 498624.0, 498942.0, 498575.0, 499194.0, 497576.0, 501541.0, 501962.0, 504399.0, 513913.0, 525337.0, 432319.0]}, {"type": "line", "title": "Profil mensuel moyen (m³/mois)", "labels": ["Jan", "Fév", "Mar", "Avr", "Mai", "Jun", "Jul", "Aoû", "Sep", "Oct", "Nov", "Déc"], "values": [36924.8, 36791.0, 40268.3, 41562.8, 41931.7, 42391.4, 39355.4, 45292.5, 47210.3, 41987.5, 39357.8, 46275.4]}]}}, {"type": "Feature", "geometry": {"type": "Point", "coordinates": [-73.556084, 45.651621]}, "properties": {"id": "16358459", "nom": "SANIMAX LOM INC.", "nature": "EGOU", "secteur": "population", "type": "rejet", "charts": [{"type": "bar", "title": "Volume annuel (m³) — SANIMAX LOM INC.", "labels": ["2001", "2002", "2003", "2004", "2005", "2006", "2007", "2008", "2009", "2010", "2011", "2012", "2013", "2014", "2015", "2016", "2017", "2018", "2019", "2020", "2021", "2022", "2023", "2024", "2025"], "values": [570956.0, 568497.0, 567399.0, 562260.0, 565181.0, 560757.0, 555932.0, 552038.0, 551479.0, 556586.0, 555916.0, 558184.0, 555776.0, 554974.0, 554536.0, 554842.0, 557462.0, 565672.0, 568430.0, 569753.0, 557374.0, 557001.0, 571928.0, 590465.0, 480105.0]}, {"type": "line", "title": "Profil mensuel moyen (m³/mois)", "labels": ["Jan", "Fév", "Mar", "Avr", "Mai", "Jun", "Jul", "Aoû", "Sep", "Oct", "Nov", "Déc"], "values": [49093.7, 45076.2, 43104.5, 46637.3, 37866.4, 38196.8, 50680.2, 52235.6, 51819.9, 48082.4, 49428.4, 50308.2]}]}}, {"type": "Feature", "geometry": {"type": "Point", "coordinates": [-73.5836111111, 45.6222222222]}, "properties": {"id": "23324387", "nom": "Aliments Ouimet-Cordon Bleu inc.", "nature": "EGOU", "secteur": "population", "type": "rejet", "charts": [{"type": "bar", "title": "Volume annuel (m³) — Aliments Ouimet-Cordon Bleu inc.", "labels": ["2001", "2002", "2003", "2004", "2005", "2006", "2007", "2008", "2009", "2010", "2011", "2012", "2013", "2014", "2015", "2016", "2017", "2018", "2019", "2020", "2021", "2022", "2023", "2024", "2025"], "values": [156443.0, 155536.0, 155361.0, 153900.0, 154751.0, 153690.0, 152292.0, 151147.0, 151006.0, 152476.0, 152198.0, 152954.0, 152223.0, 152028.0, 151820.0, 151924.0, 152634.0, 154858.0, 155582.0, 156043.0, 152666.0, 152556.0, 156593.0, 161750.0, 132954.0]}, {"type": "line", "title": "Profil mensuel moyen (m³/mois)", "labels": ["Jan", "Fév", "Mar", "Avr", "Mai", "Jun", "Jul", "Aoû", "Sep", "Oct", "Nov", "Déc"], "values": [13179.5, 11891.0, 13199.5, 12772.4, 12843.7, 12537.1, 12997.4, 13151.5, 12495.8, 13075.7, 12740.9, 13167.2]}]}}, {"type": "Feature", "geometry": {"type": "Point", "coordinates": [-73.452222, 45.576667]}, "properties": {"id": "28327179", "nom": "Delpharm Boucherville Canada inc.", "nature": "EGOU", "secteur": "population", "type": "rejet", "charts": [{"type": "bar", "title": "Volume annuel (m³) — Delpharm Boucherville Canada inc.", "labels": ["2001", "2002", "2003", "2004", "2005", "2006", "2007", "2008", "2009", "2010", "2011", "2012", "2013", "2014", "2015", "2016", "2017", "2018", "2019", "2020", "2021", "2022", "2023", "2024", "2025"], "values": [91000.0, 90820.0, 91896.0, 92079.0, 93804.0, 93707.0, 93850.0, 93443.0, 93450.0, 94539.0, 94950.0, 94998.0, 93756.0, 93494.0, 93810.0, 93984.0, 93115.0, 93391.0, 92444.0, 92337.0, 91439.0, 90416.0, 90170.0, 90151.0, 76216.0]}, {"type": "line", "title": "Profil mensuel moyen (m³/mois)", "labels": ["Jan", "Fév", "Mar", "Avr", "Mai", "Jun", "Jul", "Aoû", "Sep", "Oct", "Nov", "Déc"], "values": [3587.4, 3661.7, 3941.4, 4239.8, 3913.7, 4275.7, 4358.9, 3556.4, 4185.4, 3894.2, 4052.3, 2667.1]}]}}, {"type": "Feature", "geometry": {"type": "Point", "coordinates": [-71.807808, 45.142538]}, "properties": {"id": "53499430", "nom": "Waterville TG inc.", "nature": "NATU", "secteur": "autre", "type": "rejet", "charts": [{"type": "bar", "title": "Volume annuel (m³) — Waterville TG inc.", "labels": ["2001", "2002", "2003", "2004", "2005", "2006", "2007", "2008", "2009", "2010", "2011", "2012", "2013", "2014", "2015", "2016", "2017", "2018", "2019", "2020", "2021", "2022", "2023", "2024", "2025"], "values": [51178.0, 51892.0, 50438.0, 47870.0, 51096.0, 49330.0, 48731.0, 47153.0, 41695.0, 43855.0, 43673.0, 42591.0, 40896.0, 43702.0, 44432.0, 44411.0, 44339.0, 45213.0, 43969.0, 41708.0, 43813.0, 44750.0, 44394.0, 43766.0, 2009.0]}, {"type": "line", "title": "Profil mensuel moyen (m³/mois)", "labels": ["Jan", "Fév", "Mar", "Avr", "Mai", "Jun", "Jul", "Aoû", "Sep", "Oct", "Nov", "Déc"], "values": [1271.3, 1422.8, 1180.7, 1107.5, 1643.0, 1368.2, 879.9, 1696.2, 1054.8, 1059.6, 1078.9, 1119.5]}]}}, {"type": "Feature", "geometry": {"type": "Point", "coordinates": [-69.09611, 48.637]}, "properties": {"id": "90333865", "nom": "Les crabiers du Nord inc.", "nature": "EGOU", "secteur": "population", "type": "rejet", "charts": [{"type": "bar", "title": "Volume annuel (m³) — Les crabiers du Nord inc.", "labels": ["2001", "2002", "2003", "2004", "2005", "2006", "2007", "2008", "2009", "2010", "2011", "2012", "2013", "2014", "2015", "2016", "2017", "2018", "2019", "2020", "2021", "2022", "2023", "2024", "2025"], "values": [62945.0, 59678.0, 56970.0, 55530.0, 57713.0, 54278.0, 51636.0, 50628.0, 48258.0, 49099.0, 47923.0, 46649.0, 44330.0, 43094.0, 41398.0, 39267.0, 37473.0, 38149.0, 37008.0, 36948.0, 36720.0, 34698.0, 34384.0, 35373.0, 33644.0]}, {"type": "line", "title": "Profil mensuel moyen (m³/mois)", "labels": ["Jan", "Fév", "Mar", "Avr", "Mai", "Jun", "Jul", "Aoû", "Sep", "Oct", "Nov", "Déc"], "values": [802.6, 423.5, 1601.1, 6133.7, 4762.0, 5175.7, 9695.0, 9159.9, 5498.6, 1490.3, 516.4, 118.0]}]}}, {"type": "Feature", "geometry": {"type": "Point", "coordinates": [-68.151317, 49.22146]}, "properties": {"id": "29445244", "nom": "PF RÉSOLU CANADA INC.", "nature": "EGOU", "secteur": "population", "type": "rejet", "charts": [{"type": "bar", "title": "Volume annuel (m³) — PF RÉSOLU CANADA INC.", "labels": ["2001", "2002", "2003", "2004", "2005", "2006", "2007", "2008", "2009", "2010", "2011", "2012", "2013", "2014", "2015", "2016", "2017", "2018", "2019", "2020", "2021", "2022", "2023", "2024", "2025"], "values": [18917.0, 18462.0, 18324.0, 18083.0, 18036.0, 17723.0, 17429.0, 17129.0, 16941.0, 16919.0, 16884.0, 16901.0, 16625.0, 16398.0, 16103.0, 15851.0, 15632.0, 15323.0, 15010.0, 14931.0, 14930.0, 14757.0, 14685.0, 14645.0, 12972.0]}, {"type": "line", "title": "Profil mensuel moyen (m³/mois)", "labels": ["Jan", "Fév", "Mar", "Avr", "Mai", "Jun", "Jul", "Aoû", "Sep", "Oct", "Nov", "Déc"], "values": [1528.4, 1466.9, 1539.8, 1446.9, 1483.6, 1442.3, 1481.0, 1504.8, 1423.1, 1487.0, 1457.5, 188.9]}]}}, {"type": "Feature", "geometry": {"type": "Point", "coordinates": [-77.5930929303, 48.0385064189]}, "properties": {"id": "X2099244", "nom": "MINES AGNICO EAGLE LIMITÉE", "nature": "NATU", "secteur": "mines", "type": "rejet", "charts": [{"type": "bar", "title": "Volume annuel (m³) — MINES AGNICO EAGLE LIMITÉE", "labels": ["2001", "2002", "2003", "2004", "2005", "2006", "2007", "2008", "2009", "2010", "2011", "2012", "2013", "2014", "2015", "2016", "2017", "2018", "2019", "2020", "2021", "2022", "2023", "2024"], "values": [627215.0, 596499.0, 639447.0, 547900.0, 502837.0, 494323.0, 518571.0, 532008.0, 509980.0, 530002.0, 572300.0, 566793.0, 628334.0, 726617.0, 783320.0, 786110.0, 837591.0, 877388.0, 852883.0, 821119.0, 870558.0, 834122.0, 876254.0, 912920.0]}, {"type": "line", "title": "Profil mensuel moyen (m³/mois)", "labels": ["Jan", "Fév", "Mar", "Avr", "Mai", "Jun", "Jul", "Aoû", "Sep", "Oct", "Nov", "Déc"], "values": [23245.3, 15887.6, 73810.6, 108507.1, 46000.9, 72755.3, 49192.3, 48551.0, 72640.2, 63889.6, 71728.9, 39003.4]}]}}, {"type": "Feature", "geometry": {"type": "Point", "coordinates": [-73.439867, 45.507059]}, "properties": {"id": "27106103", "nom": "LABORATOIRES CONFAB INC.", "nature": "EGOU", "secteur": "population", "type": "rejet", "charts": [{"type": "bar", "title": "Volume annuel (m³) — LABORATOIRES CONFAB INC.", "labels": ["2001", "2002", "2003", "2004", "2005", "2006", "2007", "2008", "2009", "2010", "2011", "2012", "2013", "2014", "2015", "2016", "2017", "2018", "2019", "2020", "2021", "2022", "2023", "2024", "2025"], "values": [38475.0, 38080.0, 38028.0, 37671.0, 37793.0, 37400.0, 37025.0, 36656.0, 36390.0, 36654.0, 36724.0, 36766.0, 36692.0, 36673.0, 36672.0, 36819.0, 36929.0, 37273.0, 37481.0, 38019.0, 38042.0, 37750.0, 38316.0, 39144.0, 32060.0]}, {"type": "line", "title": "Profil mensuel moyen (m³/mois)", "labels": ["Jan", "Fév", "Mar", "Avr", "Mai", "Jun", "Jul", "Aoû", "Sep", "Oct", "Nov", "Déc"], "values": [3695.8, 3067.3, 2845.5, 2963.2, 3058.0, 2760.0, 2911.1, 2735.3, 3675.0, 3312.3, 3673.6, 2740.9]}]}}, {"type": "Feature", "geometry": {"type": "Point", "coordinates": [-73.433325, 45.715268]}, "properties": {"id": "53983623", "nom": "KRONOS CANADA, INC.", "nature": "NATU", "secteur": "chimie", "type": "rejet", "charts": [{"type": "bar", "title": "Volume annuel (m³) — KRONOS CANADA, INC.", "labels": ["2001", "2002", "2003", "2004", "2005", "2006", "2007", "2008", "2009", "2010", "2011", "2012", "2013", "2014", "2015", "2016", "2017", "2018", "2019", "2020", "2021", "2022", "2023", "2024"], "values": [22537188.0, 22498849.0, 22698102.0, 21802739.0, 21649951.0, 21246793.0, 18106704.0, 16723870.0, 16557884.0, 17135458.0, 16283398.0, 17166025.0, 15300269.0, 15574319.0, 14620556.0, 15128529.0, 15509434.0, 16573924.0, 16244323.0, 16219680.0, 17487288.0, 18938139.0, 19099015.0, 19270468.0]}, {"type": "line", "title": "Profil mensuel moyen (m³/mois)", "labels": ["Jan", "Fév", "Mar", "Avr", "Mai", "Jun", "Jul", "Aoû", "Sep", "Oct", "Nov", "Déc"], "values": [1167497.9, 1214918.9, 1604208.8, 1763572.9, 1624709.8, 1573289.5, 1752185.1, 1795298.9, 1735614.4, 1257647.6, 1258728.7, 1351198.4]}]}}, {"type": "Feature", "geometry": {"type": "Point", "coordinates": [-73.1784632951, 46.0878089806]}, "properties": {"id": "90424672", "nom": "CASCADES CANADA ULC", "nature": "EGOU", "secteur": "population", "type": "rejet", "charts": [{"type": "bar", "title": "Volume annuel (m³) — CASCADES CANADA ULC", "labels": ["2001", "2002", "2003", "2004", "2005", "2006", "2007", "2008", "2009", "2010", "2011", "2012", "2013", "2014", "2015", "2016", "2017", "2018", "2019", "2020", "2021", "2022", "2023", "2024", "2025"], "values": [149.0, 146.0, 144.0, 144.0, 144.0, 145.0, 143.0, 143.0, 143.0, 145.0, 144.0, 144.0, 143.0, 143.0, 143.0, 143.0, 144.0, 145.0, 145.0, 146.0, 147.0, 145.0, 145.0, 148.0, 125.0]}, {"type": "line", "title": "Profil mensuel moyen (m³/mois)", "labels": ["Jan", "Fév", "Mar", "Avr", "Mai", "Jun", "Jul", "Aoû", "Sep", "Oct", "Nov", "Déc"], "values": [12.8, 12.8, 12.8, 12.8, 12.5, 12.6, 12.6, 12.8, 10.6, 10.7, 10.8, 10.8]}]}}, {"type": "Feature", "geometry": {"type": "Point", "coordinates": [-73.671241, 45.612686]}, "properties": {"id": "11144466", "nom": "2533-4517 QUÉBEC INC.", "nature": "EGOU", "secteur": "population", "type": "rejet", "charts": [{"type": "bar", "title": "Volume annuel (m³) — 2533-4517 QUÉBEC INC.", "labels": ["2001", "2002", "2003", "2004", "2005", "2006", "2007", "2008", "2009", "2010", "2011", "2012", "2013", "2014", "2015", "2016", "2017", "2018", "2019", "2020", "2021", "2022", "2023", "2024", "2025"], "values": [326018.0, 325215.0, 328022.0, 328420.0, 333991.0, 335798.0, 337919.0, 340876.0, 343633.0, 351646.0, 355090.0, 358749.0, 358275.0, 358669.0, 359783.0, 361581.0, 362020.0, 363698.0, 362128.0, 364859.0, 364650.0, 364069.0, 367689.0, 373502.0, 306135.0]}, {"type": "line", "title": "Profil mensuel moyen (m³/mois)", "labels": ["Jan", "Fév", "Mar", "Avr", "Mai", "Jun", "Jul", "Aoû", "Sep", "Oct", "Nov", "Déc"], "values": [28349.1, 25699.4, 28709.4, 25784.4, 31481.0, 29648.3, 31409.6, 27247.0, 31549.3, 30626.1, 32770.7, 28473.0]}]}}, {"type": "Feature", "geometry": {"type": "Point", "coordinates": [-70.97547, 45.78661]}, "properties": {"id": "11846037", "nom": "A. LACROIX & FILS GRANIT LTÉE", "nature": "NATU", "secteur": "autre", "type": "rejet", "charts": [{"type": "bar", "title": "Volume annuel (m³) — A. LACROIX & FILS GRANIT LTÉE", "labels": ["2001", "2002", "2003", "2004", "2005", "2006", "2007", "2008", "2009", "2010", "2011", "2012", "2013", "2014", "2015", "2016", "2017", "2018", "2019", "2020", "2021", "2022", "2023", "2024"], "values": [137534.0, 139957.0, 135743.0, 128677.0, 137752.0, 132616.0, 131039.0, 126646.0, 111029.0, 117046.0, 116845.0, 113632.0, 109150.0, 117195.0, 119239.0, 119269.0, 119424.0, 121706.0, 118467.0, 111955.0, 117717.0, 120555.0, 119822.0, 117720.0]}, {"type": "line", "title": "Profil mensuel moyen (m³/mois)", "labels": ["Jan", "Fév", "Mar", "Avr", "Mai", "Jun", "Jul", "Aoû", "Sep", "Oct", "Nov", "Déc"], "values": [9675.3, 9621.3, 9829.3, 9991.2, 10149.4, 10354.4, 9676.1, 10235.1, 10600.0, 10870.7, 11026.7, 10501.3]}]}}, {"type": "Feature", "geometry": {"type": "Point", "coordinates": [-73.651228, 45.631245]}, "properties": {"id": "X2142284", "nom": "LES ALIMENTS MAPLE LEAF INC.", "nature": "EGOU", "secteur": "population", "type": "rejet", "charts": [{"type": "bar", "title": "Volume annuel (m³) — LES ALIMENTS MAPLE LEAF INC.", "labels": ["2001", "2002", "2003", "2004", "2005", "2006", "2007", "2008", "2009", "2010", "2011", "2012", "2013", "2014", "2015", "2016", "2017", "2018", "2019", "2020", "2021", "2022", "2023", "2024", "2025"], "values": [71448.0, 71672.0, 72105.0, 72151.0, 73413.0, 73549.0, 73988.0, 74822.0, 75434.0, 77200.0, 77999.0, 78689.0, 78562.0, 78631.0, 79156.0, 79440.0, 79340.0, 80160.0, 79647.0, 80139.0, 79953.0, 79843.0, 80663.0, 82000.0, 68935.0]}, {"type": "line", "title": "Profil mensuel moyen (m³/mois)", "labels": ["Jan", "Fév", "Mar", "Avr", "Mai", "Jun", "Jul", "Aoû", "Sep", "Oct", "Nov", "Déc"], "values": [5979.6, 5973.3, 5988.8, 3802.2, 3700.6, 3731.8, 10765.4, 10892.4, 10694.0, 3767.3, 5969.8, 5970.0]}]}}, {"type": "Feature", "geometry": {"type": "Point", "coordinates": [-78.796524, 48.432174]}, "properties": {"id": "90262965", "nom": "IAMGOLD CORPORATION", "nature": "NATU", "secteur": "autre", "type": "rejet", "charts": [{"type": "bar", "title": "Volume annuel (m³) — IAMGOLD CORPORATION", "labels": ["2001", "2002", "2003", "2004", "2005", "2006", "2007", "2008", "2009", "2010", "2011", "2012", "2013", "2014", "2015", "2016", "2017", "2018", "2019", "2020", "2021", "2022", "2023", "2024"], "values": [50257.0, 51557.0, 49835.0, 47520.0, 50338.0, 48565.0, 48085.0, 46610.0, 41036.0, 42936.0, 42829.0, 41522.0, 40110.0, 43068.0, 43666.0, 43654.0, 43821.0, 44689.0, 43775.0, 41137.0, 42949.0, 44057.0, 43758.0, 42910.0]}, {"type": "line", "title": "Profil mensuel moyen (m³/mois)", "labels": ["Jan", "Fév", "Mar", "Avr", "Mai", "Jun", "Jul", "Aoû", "Sep", "Oct", "Nov", "Déc"], "values": [13266.6, 31358.1, 20.3, 103.2, 44.5, 11.0, 26.9, 12.1, 20.0, 23.5, 59.2, 0.0]}]}}, {"type": "Feature", "geometry": {"type": "Point", "coordinates": [-72.74913, 46.56675]}, "properties": {"id": "26241968", "nom": "LA COMPAGNIE COMMONWEALTH PLYWOOD LTÉE", "nature": "EGOU", "secteur": "population", "type": "rejet", "charts": [{"type": "bar", "title": "Volume annuel (m³) — LA COMPAGNIE COMMONWEALTH PLYWOOD LTÉE", "labels": ["2001", "2002", "2003", "2004", "2005", "2006", "2007", "2008", "2009", "2010", "2011", "2012", "2013", "2014", "2015", "2016", "2017", "2018", "2019", "2020", "2021", "2022", "2023", "2024", "2025"], "values": [7180.0, 7016.0, 6970.0, 6891.0, 6919.0, 6829.0, 6763.0, 6657.0, 6535.0, 6507.0, 6403.0, 6364.0, 6269.0, 6206.0, 6150.0, 6111.0, 6032.0, 5974.0, 5886.0, 5922.0, 6023.0, 6061.0, 6093.0, 6132.0, 5043.0]}, {"type": "line", "title": "Profil mensuel moyen (m³/mois)", "labels": ["Jan", "Fév", "Mar", "Avr", "Mai", "Jun", "Jul", "Aoû", "Sep", "Oct", "Nov", "Déc"], "values": [536.9, 536.4, 537.7, 537.8, 523.2, 527.8, 529.3, 535.8, 526.1, 532.7, 538.4, 538.4]}]}}, {"type": "Feature", "geometry": {"type": "Point", "coordinates": [-71.864063, 46.890315]}, "properties": {"id": "X0300825", "nom": "SAPUTO PRODUITS LAITIERS CANADA S.E.N.C.", "nature": "EGOU", "secteur": "population", "type": "rejet", "charts": [{"type": "bar", "title": "Volume annuel (m³) — SAPUTO PRODUITS LAITIERS CANADA S.E.N.C.", "labels": ["2001", "2002", "2003", "2004", "2005", "2006", "2007", "2008", "2009", "2010", "2011", "2012", "2013", "2014", "2015", "2016", "2017", "2018", "2019", "2020", "2021", "2022", "2023", "2024", "2025"], "values": [81.0, 80.0, 80.0, 80.0, 81.0, 80.0, 80.0, 79.0, 79.0, 81.0, 81.0, 82.0, 83.0, 83.0, 84.0, 85.0, 85.0, 85.0, 85.0, 87.0, 89.0, 90.0, 91.0, 92.0, 78.0]}, {"type": "line", "title": "Profil mensuel moyen (m³/mois)", "labels": ["Jan", "Fév", "Mar", "Avr", "Mai", "Jun", "Jul", "Aoû", "Sep", "Oct", "Nov", "Déc"], "values": [6.5, 6.6, 6.8, 6.7, 7.0, 6.6, 7.1, 8.2, 7.8, 7.9, 6.7, 5.7]}]}}, {"type": "Feature", "geometry": {"type": "Point", "coordinates": [-72.204061, 48.880928]}, "properties": {"id": "90283086", "nom": "PF RÉSOLU CANADA INC.", "nature": "EGOU", "secteur": "population", "type": "rejet", "charts": [{"type": "bar", "title": "Volume annuel (m³) — PF RÉSOLU CANADA INC.", "labels": ["2001", "2002", "2003", "2004", "2005", "2006", "2007", "2008", "2009", "2010", "2011", "2012", "2013", "2014", "2015", "2016", "2017", "2018", "2019", "2020", "2021", "2022", "2023", "2024", "2025"], "values": [12104.0, 11789.0, 11585.0, 11388.0, 11448.0, 11348.0, 11099.0, 11003.0, 10918.0, 10891.0, 10816.0, 10835.0, 10661.0, 10533.0, 10423.0, 10334.0, 10173.0, 10102.0, 9876.0, 9834.0, 9750.0, 9672.0, 9652.0, 9608.0, 8500.0]}, {"type": "line", "title": "Profil mensuel moyen (m³/mois)", "labels": ["Jan", "Fév", "Mar", "Avr", "Mai", "Jun", "Jul", "Aoû", "Sep", "Oct", "Nov", "Déc"], "values": [995.1, 333.6, 1331.1, 1284.3, 1258.1, 1065.7, 1302.5, 646.4, 554.0, 830.4, 589.8, 423.1]}]}}, {"type": "Feature", "geometry": {"type": "Point", "coordinates": [-72.733889, 45.392083]}, "properties": {"id": "53920732", "nom": "PRODUITS BELT-TECH INC.", "nature": "EGOU", "secteur": "population", "type": "rejet", "charts": [{"type": "bar", "title": "Volume annuel (m³) — PRODUITS BELT-TECH INC.", "labels": ["2001", "2002", "2003", "2004", "2005", "2006", "2007", "2008", "2009", "2010", "2011", "2012", "2013", "2014", "2015", "2016", "2017", "2018", "2019", "2020", "2021", "2022", "2023", "2024", "2025"], "values": [19021.0, 18909.0, 18973.0, 19040.0, 19424.0, 19544.0, 19637.0, 19721.0, 19744.0, 20106.0, 20252.0, 20361.0, 20309.0, 20304.0, 20343.0, 20417.0, 20397.0, 20412.0, 20340.0, 20549.0, 20774.0, 20765.0, 20946.0, 21145.0, 16853.0]}, {"type": "line", "title": "Profil mensuel moyen (m³/mois)", "labels": ["Jan", "Fév", "Mar", "Avr", "Mai", "Jun", "Jul", "Aoû", "Sep", "Oct", "Nov", "Déc"], "values": [789.8, 662.8, 701.4, 940.1, 854.3, 787.7, 925.3, 687.9, 992.9, 721.5, 822.8, 1158.5]}]}}, {"type": "Feature", "geometry": {"type": "Point", "coordinates": [-75.837681, 45.436849]}, "properties": {"id": "90374844", "nom": "Amrize Canada Inc.", "nature": "NATU", "secteur": "metaux", "type": "rejet", "charts": [{"type": "bar", "title": "Volume annuel (m³) — Amrize Canada Inc.", "labels": ["2001", "2002", "2003", "2004", "2005", "2006", "2007", "2008", "2009", "2010", "2011", "2012", "2013", "2014", "2015", "2016", "2017", "2018", "2019", "2020", "2021", "2022", "2023", "2024"], "values": [1039774.0, 1016731.0, 926417.0, 1014214.0, 1108604.0, 1067953.0, 1111998.0, 1088912.0, 903458.0, 952965.0, 995384.0, 981929.0, 904447.0, 968217.0, 954524.0, 888726.0, 903251.0, 929081.0, 944134.0, 902127.0, 883626.0, 845146.0, 857739.0, 837324.0]}, {"type": "line", "title": "Profil mensuel moyen (m³/mois)", "labels": ["Jan", "Fév", "Mar", "Avr", "Mai", "Jun", "Jul", "Aoû", "Sep", "Oct", "Nov", "Déc"], "values": [41673.6, 78629.6, 98574.2, 140854.9, 142749.0, 109920.7, 168902.6, 54948.7, 49341.7, 33578.7, 22518.3, 17753.1]}]}}, {"type": "Feature", "geometry": {"type": "Point", "coordinates": [-78.4349893262, 48.253194165]}, "properties": {"id": "90156969", "nom": "MINES AGNICO EAGLE LIMITÉE", "nature": "NATU", "secteur": "mines", "type": "rejet", "charts": [{"type": "bar", "title": "Volume annuel (m³) — MINES AGNICO EAGLE LIMITÉE", "labels": ["2001", "2002", "2003", "2004", "2005", "2006", "2007", "2008", "2009", "2010", "2011", "2012", "2013", "2014", "2015", "2016", "2017", "2018", "2019", "2020", "2021", "2022", "2023", "2024"], "values": [3276641.0, 3111060.0, 3336699.0, 2858554.0, 2624378.0, 2582189.0, 2705301.0, 2774249.0, 2660201.0, 2769183.0, 2988009.0, 2961521.0, 3282518.0, 3796009.0, 4088750.0, 4106019.0, 4365281.0, 4587831.0, 4455515.0, 4294236.0, 4538692.0, 4359635.0, 4567623.0, 4768473.0]}, {"type": "line", "title": "Profil mensuel moyen (m³/mois)", "labels": ["Jan", "Fév", "Mar", "Avr", "Mai", "Jun", "Jul", "Aoû", "Sep", "Oct", "Nov", "Déc"], "values": [232640.5, 193599.1, 260241.0, 315977.3, 333004.3, 373323.9, 349488.9, 317430.1, 256781.5, 312131.3, 361450.4, 271372.0]}]}}, {"type": "Feature", "geometry": {"type": "Point", "coordinates": [-72.5502205469, 46.3259747573]}, "properties": {"id": "51615219", "nom": "KRUGER TROIS-RIVIÈRES S.E.C.", "nature": "NATU", "secteur": "papier", "type": "rejet", "charts": [{"type": "bar", "title": "Volume annuel (m³) — KRUGER TROIS-RIVIÈRES S.E.C.", "labels": ["2001", "2002", "2003", "2004", "2005", "2006", "2007", "2008", "2009", "2010", "2011", "2012", "2013", "2014", "2015", "2016", "2017", "2018", "2019", "2020", "2021", "2022", "2023", "2024"], "values": [38004307.0, 38958360.0, 36678576.0, 31925951.0, 37052365.0, 34150692.0, 33618135.0, 30711894.0, 23272028.0, 25956943.0, 24872945.0, 22447006.0, 19738704.0, 22448652.0, 22457863.0, 21697786.0, 20347519.0, 19808437.0, 17142035.0, 15090127.0, 15508891.0, 16812559.0, 17876184.0, 15512097.0]}, {"type": "line", "title": "Profil mensuel moyen (m³/mois)", "labels": ["Jan", "Fév", "Mar", "Avr", "Mai", "Jun", "Jul", "Aoû", "Sep", "Oct", "Nov", "Déc"], "values": [2370165.3, 1909289.1, 2211270.3, 2251630.4, 2291354.9, 1651600.3, 2209498.1, 2109445.6, 1829449.4, 2042229.1, 2051862.6, 2159290.6]}]}}, {"type": "Feature", "geometry": {"type": "Point", "coordinates": [-72.7927777778, 47.4513888889]}, "properties": {"id": "90289331", "nom": "COMPAGNIE WESTROCK DU CANADA CORP.", "nature": "NATU", "secteur": "papier", "type": "rejet", "charts": [{"type": "bar", "title": "Volume annuel (m³) — COMPAGNIE WESTROCK DU CANADA CORP.", "labels": ["2001", "2002", "2003", "2004", "2005", "2006", "2007", "2008", "2009", "2010", "2011", "2012", "2013", "2014", "2015", "2016", "2017", "2018", "2019", "2020", "2021", "2022", "2023", "2024"], "values": [100747722.0, 103332289.0, 97275684.0, 84643816.0, 98340527.0, 90475407.0, 89143848.0, 81424255.0, 61687508.0, 68747419.0, 65956095.0, 59480533.0, 52307432.0, 59523623.0, 59519293.0, 57528158.0, 53977542.0, 52495555.0, 45450031.0, 39999283.0, 41139547.0, 44564162.0, 47418266.0, 41129436.0]}, {"type": "line", "title": "Profil mensuel moyen (m³/mois)", "labels": ["Jan", "Fév", "Mar", "Avr", "Mai", "Jun", "Jul", "Aoû", "Sep", "Oct", "Nov", "Déc"], "values": [5799610.3, 5071640.9, 5452983.5, 5377475.5, 4812958.1, 5146033.4, 5836472.0, 5932274.1, 5759100.9, 6113017.9, 5374037.3, 5837205.8]}]}}, {"type": "Feature", "geometry": {"type": "Point", "coordinates": [-64.380623, 48.996484]}, "properties": {"id": "90272428", "nom": "LES PÊCHERIES MARINARD LTÉE", "nature": "EGOU", "secteur": "population", "type": "rejet", "charts": [{"type": "bar", "title": "Volume annuel (m³) — LES PÊCHERIES MARINARD LTÉE", "labels": ["2001", "2002", "2003", "2004", "2005", "2006", "2007", "2008", "2009", "2010", "2011", "2012", "2013", "2014", "2015", "2016", "2017", "2018", "2019", "2020", "2021", "2022", "2023", "2024", "2025"], "values": [554286.0, 542460.0, 537133.0, 529500.0, 530671.0, 528219.0, 526767.0, 524932.0, 521758.0, 525441.0, 522348.0, 518261.0, 506797.0, 498333.0, 491760.0, 485753.0, 485529.0, 488698.0, 485015.0, 485840.0, 493312.0, 490540.0, 494269.0, 497049.0, 407268.0]}, {"type": "line", "title": "Profil mensuel moyen (m³/mois)", "labels": ["Jan", "Fév", "Mar", "Avr", "Mai", "Jun", "Jul", "Aoû", "Sep", "Oct", "Nov", "Déc"], "values": [43522.3, 40670.8, 43588.6, 42182.5, 42409.3, 41402.9, 42910.7, 43428.6, 41262.6, 43177.8, 42212.9, 43538.7]}]}}, {"type": "Feature", "geometry": {"type": "Point", "coordinates": [-71.4389228, 46.7528085]}, "properties": {"id": "X0300893", "nom": "BISCUITS LECLERC LTÉE", "nature": "EGOU", "secteur": "population", "type": "rejet", "charts": [{"type": "bar", "title": "Volume annuel (m³) — BISCUITS LECLERC LTÉE", "labels": ["2001", "2002", "2003", "2004", "2005", "2006", "2007", "2008", "2009", "2010", "2011", "2012", "2013", "2014", "2015", "2016", "2017", "2018", "2019", "2020", "2021", "2022", "2023", "2024", "2025"], "values": [28566.0, 28946.0, 29353.0, 29521.0, 30101.0, 30043.0, 30134.0, 30063.0, 29983.0, 30487.0, 30622.0, 30797.0, 30538.0, 30692.0, 30524.0, 30759.0, 30491.0, 30778.0, 30829.0, 31219.0, 31648.0, 31897.0, 32201.0, 32377.0, 25658.0]}, {"type": "line", "title": "Profil mensuel moyen (m³/mois)", "labels": ["Jan", "Fév", "Mar", "Avr", "Mai", "Jun", "Jul", "Aoû", "Sep", "Oct", "Nov", "Déc"], "values": [1726.5, 1836.8, 2133.1, 2129.2, 2367.8, 1977.7, 3080.9, 3711.4, 2475.3, 3050.7, 3677.0, 2406.1]}]}}, {"type": "Feature", "geometry": {"type": "Point", "coordinates": [-73.856812, 45.450786]}, "properties": {"id": "X0600390", "nom": "GROUPE COLAS QUÉBEC INC.", "nature": "EGOU", "secteur": "population", "type": "rejet", "charts": [{"type": "bar", "title": "Volume annuel (m³) — GROUPE COLAS QUÉBEC INC.", "labels": ["2001", "2002", "2003", "2004", "2005", "2006", "2007", "2008", "2009", "2010", "2011", "2012", "2013", "2014", "2015", "2016", "2017", "2018", "2019", "2020", "2021", "2022", "2023", "2024", "2025"], "values": [151563.0, 150293.0, 150877.0, 149025.0, 148378.0, 145763.0, 145883.0, 145121.0, 144756.0, 146223.0, 146471.0, 145238.0, 141156.0, 139128.0, 137016.0, 134636.0, 132894.0, 131743.0, 129980.0, 128613.0, 126327.0, 126785.0, 126987.0, 125925.0, 104468.0]}, {"type": "line", "title": "Profil mensuel moyen (m³/mois)", "labels": ["Jan", "Fév", "Mar", "Avr", "Mai", "Jun", "Jul", "Aoû", "Sep", "Oct", "Nov", "Déc"], "values": [7882.6, 7874.3, 13966.9, 13966.7, 13587.5, 10726.9, 10759.1, 10889.4, 13661.6, 13834.0, 14015.6, 7923.0]}]}}, {"type": "Feature", "geometry": {"type": "Point", "coordinates": [-72.49208, 45.8613]}, "properties": {"id": "19279694", "nom": "Les produits industriels de haute température Pyrotek Inc.", "nature": "EGOU", "secteur": "population", "type": "rejet", "charts": [{"type": "bar", "title": "Volume annuel (m³) — Les produits industriels de haute tempér", "labels": ["2001", "2002", "2003", "2004", "2005", "2006", "2007", "2008", "2009", "2010", "2011", "2012", "2013", "2014", "2015", "2016", "2017", "2018", "2019", "2020", "2021", "2022", "2023", "2024", "2025"], "values": [63838.0, 63446.0, 64165.0, 64242.0, 65477.0, 65397.0, 65406.0, 65812.0, 66096.0, 67256.0, 67691.0, 68117.0, 67899.0, 67958.0, 68296.0, 68685.0, 69038.0, 69177.0, 68736.0, 69537.0, 70612.0, 71051.0, 72388.0, 73629.0, 62331.0]}, {"type": "line", "title": "Profil mensuel moyen (m³/mois)", "labels": ["Jan", "Fév", "Mar", "Avr", "Mai", "Jun", "Jul", "Aoû", "Sep", "Oct", "Nov", "Déc"], "values": [5813.4, 5807.2, 5545.1, 5822.0, 5936.1, 5170.6, 6006.5, 6077.3, 5424.8, 6043.1, 5797.1, 4416.5]}]}}, {"type": "Feature", "geometry": {"type": "Point", "coordinates": [-72.9718844062, 45.1193591203]}, "properties": {"id": "17502311", "nom": "JTEKT BEARINGS CANADA INC.", "nature": "EGOU", "secteur": "population", "type": "rejet", "charts": [{"type": "bar", "title": "Volume annuel (m³) — JTEKT BEARINGS CANADA INC.", "labels": ["2001", "2002", "2003", "2004", "2005", "2006", "2007", "2008", "2009", "2010", "2011", "2012", "2013", "2014", "2015", "2016", "2017", "2018", "2019", "2020", "2021", "2022", "2023", "2024", "2025"], "values": [17926.0, 17823.0, 17937.0, 17903.0, 18216.0, 18095.0, 18228.0, 18294.0, 18389.0, 18771.0, 18902.0, 19021.0, 19038.0, 18953.0, 18972.0, 19007.0, 19014.0, 19032.0, 18968.0, 19291.0, 19734.0, 19701.0, 20283.0, 20694.0, 17275.0]}, {"type": "line", "title": "Profil mensuel moyen (m³/mois)", "labels": ["Jan", "Fév", "Mar", "Avr", "Mai", "Jun", "Jul", "Aoû", "Sep", "Oct", "Nov", "Déc"], "values": [809.2, 769.7, 816.4, 774.9, 786.5, 763.3, 802.6, 777.2, 801.9, 778.3, 811.0, 761.5]}]}}, {"type": "Feature", "geometry": {"type": "Point", "coordinates": [-73.6868611111, 45.5113056]}, "properties": {"id": "31460744", "nom": "PF Soins de santé SRI", "nature": "EGOU", "secteur": "population", "type": "rejet", "charts": [{"type": "bar", "title": "Volume annuel (m³) — PF Soins de santé SRI", "labels": ["2001", "2002", "2003", "2004", "2005", "2006", "2007", "2008", "2009", "2010", "2011", "2012", "2013", "2014", "2015", "2016", "2017", "2018", "2019", "2020", "2021", "2022", "2023", "2024", "2025"], "values": [122543.0, 121855.0, 121699.0, 120514.0, 121265.0, 120389.0, 119257.0, 118378.0, 118246.0, 119494.0, 119216.0, 119832.0, 119233.0, 119073.0, 118923.0, 119021.0, 119505.0, 121388.0, 121872.0, 122242.0, 119614.0, 119483.0, 122659.0, 126744.0, 107584.0]}, {"type": "line", "title": "Profil mensuel moyen (m³/mois)", "labels": ["Jan", "Fév", "Mar", "Avr", "Mai", "Jun", "Jul", "Aoû", "Sep", "Oct", "Nov", "Déc"], "values": [3435.7, 3118.4, 3048.0, 3611.5, 3408.0, 3347.9, 3923.8, 4069.8, 3266.0, 3324.3, 2874.9, 2799.0]}]}}, {"type": "Feature", "geometry": {"type": "Point", "coordinates": [-72.3708333333, 46.3844444444]}, "properties": {"id": "55241798", "nom": "OLIN CANADA ULC", "nature": "NATU", "secteur": "autre", "type": "rejet", "charts": [{"type": "bar", "title": "Volume annuel (m³) — OLIN CANADA ULC", "labels": ["2001", "2002", "2003", "2004", "2005", "2006", "2007", "2008", "2009", "2010", "2011", "2012", "2013", "2014", "2015", "2016", "2017", "2018", "2019", "2020", "2021", "2022", "2023", "2024", "2025"], "values": [839578.0, 854316.0, 828562.0, 785131.0, 841286.0, 809762.0, 799375.0, 773295.0, 678813.0, 716180.0, 714517.0, 695813.0, 668091.0, 716912.0, 728834.0, 729475.0, 729191.0, 745232.0, 724971.0, 685864.0, 720269.0, 737572.0, 732700.0, 720807.0, 6447.0]}, {"type": "line", "title": "Profil mensuel moyen (m³/mois)", "labels": ["Jan", "Fév", "Mar", "Avr", "Mai", "Jun", "Jul", "Aoû", "Sep", "Oct", "Nov", "Déc"], "values": [27940.2, 26654.1, 33759.8, 25021.0, 29010.8, 34832.1, 39177.8, 41095.2, 25732.9, 28259.2, 27697.7, 28975.7]}]}}, {"type": "Feature", "geometry": {"type": "Point", "coordinates": [-79.233157, 49.57025]}, "properties": {"id": "90379504", "nom": "HECLA QUÉBEC INC.", "nature": "NATU", "secteur": "mines", "type": "rejet", "charts": [{"type": "bar", "title": "Volume annuel (m³) — HECLA QUÉBEC INC.", "labels": ["2001", "2002", "2003", "2004", "2005", "2006", "2007", "2008", "2009", "2010", "2011", "2012", "2013", "2014", "2015", "2016", "2017", "2018", "2019", "2020", "2021", "2022", "2023", "2024"], "values": [2675090.0, 2563571.0, 2733415.0, 2337537.0, 2154602.0, 2087973.0, 2199401.0, 2259818.0, 2167655.0, 2257400.0, 2448356.0, 2415801.0, 2675279.0, 3092087.0, 3359662.0, 3373222.0, 3562517.0, 3776907.0, 3647121.0, 3502990.0, 3720180.0, 3569566.0, 3732226.0, 3901947.0]}, {"type": "line", "title": "Profil mensuel moyen (m³/mois)", "labels": ["Jan", "Fév", "Mar", "Avr", "Mai", "Jun", "Jul", "Aoû", "Sep", "Oct", "Nov", "Déc"], "values": [190.5, 168.4, 143.1, 143.0, 116.2, 84.6, 181377.0, 341689.2, 207981.5, 120476.8, 122692.7, 136.1]}]}}, {"type": "Feature", "geometry": {"type": "Point", "coordinates": [-73.541389, 45.658333]}, "properties": {"id": "X0600586", "nom": "KIK Holdco Company inc.", "nature": "EGOU", "secteur": "population", "type": "rejet", "charts": [{"type": "bar", "title": "Volume annuel (m³) — KIK Holdco Company inc.", "labels": ["2001", "2002", "2003", "2004", "2005", "2006", "2007", "2008", "2009", "2010", "2011", "2012", "2013", "2014", "2015", "2016", "2017", "2018", "2019", "2020", "2021", "2022", "2023", "2024", "2025"], "values": [16.0, 16.0, 16.0, 16.0, 16.0, 16.0, 16.0, 15.0, 15.0, 16.0, 16.0, 16.0, 16.0, 16.0, 16.0, 16.0, 16.0, 16.0, 16.0, 16.0, 16.0, 16.0, 16.0, 17.0, 14.0]}, {"type": "line", "title": "Profil mensuel moyen (m³/mois)", "labels": ["Jan", "Fév", "Mar", "Avr", "Mai", "Jun", "Jul", "Aoû", "Sep", "Oct", "Nov", "Déc"], "values": [1.4, 1.4, 1.1, 1.5, 1.7, 1.3, 1.3, 1.1, 1.0, 1.3, 1.2, 1.5]}]}}, {"type": "Feature", "geometry": {"type": "Point", "coordinates": [-73.8670943628, 45.6370804577]}, "properties": {"id": "90571654", "nom": "Jus Loop Inc.", "nature": "EGOU", "secteur": "population", "type": "rejet", "charts": [{"type": "bar", "title": "Volume annuel (m³) — Jus Loop Inc.", "labels": ["2001", "2002", "2003", "2004", "2005", "2006", "2007", "2008", "2009", "2010", "2011", "2012", "2013", "2014", "2015", "2016", "2017", "2018", "2019", "2020", "2021", "2022", "2023", "2024", "2025"], "values": [22765.0, 22308.0, 22082.0, 21870.0, 21870.0, 21629.0, 21429.0, 21145.0, 21046.0, 21251.0, 21227.0, 21268.0, 21001.0, 20843.0, 20883.0, 20493.0, 20100.0, 20133.0, 20256.0, 20707.0, 21235.0, 21243.0, 21398.0, 21523.0, 18706.0]}, {"type": "line", "title": "Profil mensuel moyen (m³/mois)", "labels": ["Jan", "Fév", "Mar", "Avr", "Mai", "Jun", "Jul", "Aoû", "Sep", "Oct", "Nov", "Déc"], "values": [1859.8, 1627.3, 1786.9, 1868.6, 2076.0, 1685.6, 2022.0, 2134.8, 1520.1, 1909.3, 1398.5, 1357.7]}]}}, {"type": "Feature", "geometry": {"type": "Point", "coordinates": [-73.6443027778, 45.42394]}, "properties": {"id": "19356310", "nom": "LA BRASSERIE LABATT LIMITÉE", "nature": "EGOU", "secteur": "population", "type": "rejet", "charts": [{"type": "bar", "title": "Volume annuel (m³) — LA BRASSERIE LABATT LIMITÉE", "labels": ["2001", "2002", "2003", "2004", "2005", "2006", "2007", "2008", "2009", "2010", "2011", "2012", "2013", "2014", "2015", "2016", "2017", "2018", "2019", "2020", "2021", "2022", "2023", "2024", "2025"], "values": [1325914.0, 1318988.0, 1317071.0, 1304388.0, 1312502.0, 1301507.0, 1290507.0, 1280636.0, 1279273.0, 1291792.0, 1290356.0, 1296025.0, 1289824.0, 1288284.0, 1287242.0, 1288171.0, 1293985.0, 1312932.0, 1318576.0, 1322132.0, 1294446.0, 1293164.0, 1327812.0, 1371409.0, 1122436.0]}, {"type": "line", "title": "Profil mensuel moyen (m³/mois)", "labels": ["Jan", "Fév", "Mar", "Avr", "Mai", "Jun", "Jul", "Aoû", "Sep", "Oct", "Nov", "Déc"], "values": [43095.9, 46179.3, 48231.3, 50697.4, 49196.5, 51017.3, 60016.7, 67149.0, 64094.9, 61380.7, 53704.2, 58096.1]}]}}, {"type": "Feature", "geometry": {"type": "Point", "coordinates": [-72.3606920106, 46.0814900131]}, "properties": {"id": "28409027", "nom": "Les Aliments Bari inc.", "nature": "NATU", "secteur": "autre", "type": "rejet", "charts": [{"type": "bar", "title": "Volume annuel (m³) — Les Aliments Bari inc.", "labels": ["2001", "2002", "2003", "2004", "2005", "2006", "2007", "2008", "2009", "2010", "2011", "2012", "2013", "2014", "2015", "2016", "2017", "2018", "2019", "2020", "2021", "2022", "2023", "2024"], "values": [50784.0, 51699.0, 50134.0, 47523.0, 50881.0, 49003.0, 48384.0, 46781.0, 41005.0, 43253.0, 43155.0, 41977.0, 40318.0, 43284.0, 44036.0, 44046.0, 44085.0, 44981.0, 43771.0, 41370.0, 43460.0, 44516.0, 44250.0, 43484.0]}, {"type": "line", "title": "Profil mensuel moyen (m³/mois)", "labels": ["Jan", "Fév", "Mar", "Avr", "Mai", "Jun", "Jul", "Aoû", "Sep", "Oct", "Nov", "Déc"], "values": [3932.0, 3524.7, 3670.1, 3765.7, 3796.3, 3839.9, 4210.4, 3832.5, 3682.3, 3601.4, 3716.1, 3686.1]}]}}, {"type": "Feature", "geometry": {"type": "Point", "coordinates": [-71.971597, 46.1483306]}, "properties": {"id": "X2091429", "nom": "CARRIÈRES P.C.M. INC.", "nature": "NATU", "secteur": "autre", "type": "rejet", "charts": [{"type": "bar", "title": "Volume annuel (m³) — CARRIÈRES P.C.M. INC.", "labels": ["2001", "2002", "2003", "2004", "2005", "2006", "2007", "2008", "2009", "2010", "2011", "2012", "2013", "2014", "2015", "2016", "2017", "2018", "2019", "2020", "2021", "2022", "2023", "2024"], "values": [354432.0, 360584.0, 350691.0, 330262.0, 360813.0, 344617.0, 338246.0, 327359.0, 284506.0, 301655.0, 302058.0, 293502.0, 281241.0, 303547.0, 304944.0, 307080.0, 307702.0, 314958.0, 306464.0, 291614.0, 303662.0, 310391.0, 311008.0, 306126.0]}, {"type": "line", "title": "Profil mensuel moyen (m³/mois)", "labels": ["Jan", "Fév", "Mar", "Avr", "Mai", "Jun", "Jul", "Aoû", "Sep", "Oct", "Nov", "Déc"], "values": [0.0, 0.0, 0.0, 0.0, 0.0, 112043.4, 105986.4, 21344.6, 28293.4, 33885.8, 15007.1, 0.0]}]}}, {"type": "Feature", "geometry": {"type": "Point", "coordinates": [-74.440022, 45.387958]}, "properties": {"id": "90143371", "nom": "CONSTRUCTION DJL INC.", "nature": "NATU", "secteur": "autre", "type": "rejet", "charts": [{"type": "bar", "title": "Volume annuel (m³) — CONSTRUCTION DJL INC.", "labels": ["2001", "2002", "2003", "2004", "2005", "2006", "2007", "2008", "2009", "2010", "2011", "2012", "2013", "2014", "2015", "2016", "2017", "2018", "2019", "2020", "2021", "2022", "2023", "2024"], "values": [203281.0, 207395.0, 201011.0, 190449.0, 203711.0, 196366.0, 193714.0, 187483.0, 164465.0, 173499.0, 172733.0, 168218.0, 161443.0, 173308.0, 176536.0, 176363.0, 176427.0, 180447.0, 175436.0, 165624.0, 174068.0, 177917.0, 177097.0, 174100.0]}, {"type": "line", "title": "Profil mensuel moyen (m³/mois)", "labels": ["Jan", "Fév", "Mar", "Avr", "Mai", "Jun", "Jul", "Aoû", "Sep", "Oct", "Nov", "Déc"], "values": [30805.9, 15398.4, 22999.2, 20839.0, 14292.8, 14415.7, 15714.2, 16124.1, 15827.1, 6024.8, 2014.9, 6839.3]}]}}, {"type": "Feature", "geometry": {"type": "Point", "coordinates": [-73.646411, 45.498811]}, "properties": {"id": "X2129278", "nom": "Boulangerie Kascher de Montréal ltée", "nature": "EGOU", "secteur": "population", "type": "rejet", "charts": [{"type": "bar", "title": "Volume annuel (m³) — Boulangerie Kascher de Montréal ltée", "labels": ["2001", "2002", "2003", "2004", "2005", "2006", "2007", "2008", "2009", "2010", "2011", "2012", "2013", "2014", "2015", "2016", "2017", "2018", "2019", "2020", "2021", "2022", "2023", "2024", "2025"], "values": [708.0, 704.0, 703.0, 696.0, 700.0, 696.0, 689.0, 684.0, 683.0, 690.0, 689.0, 692.0, 689.0, 688.0, 687.0, 688.0, 691.0, 701.0, 704.0, 706.0, 691.0, 690.0, 709.0, 732.0, 602.0]}, {"type": "line", "title": "Profil mensuel moyen (m³/mois)", "labels": ["Jan", "Fév", "Mar", "Avr", "Mai", "Jun", "Jul", "Aoû", "Sep", "Oct", "Nov", "Déc"], "values": [59.5, 55.6, 59.6, 57.6, 58.0, 56.6, 58.7, 59.4, 56.4, 59.0, 57.5, 59.4]}]}}, {"type": "Feature", "geometry": {"type": "Point", "coordinates": [-77.7680277778, 49.7194166667]}, "properties": {"id": "X2010159", "nom": "GLENCORE CANADA CORPORATION", "nature": "NATU", "secteur": "autre", "type": "rejet", "charts": [{"type": "bar", "title": "Volume annuel (m³) — GLENCORE CANADA CORPORATION", "labels": ["2001", "2002", "2003", "2004", "2005", "2006", "2007", "2008", "2009", "2010", "2011", "2012", "2013", "2014", "2015", "2016", "2017", "2018", "2019", "2020", "2021", "2022", "2023", "2024"], "values": [318905.0, 321959.0, 313981.0, 296353.0, 318389.0, 309057.0, 303087.0, 292888.0, 256426.0, 271492.0, 269940.0, 263379.0, 252337.0, 271226.0, 276069.0, 275432.0, 275404.0, 281405.0, 272754.0, 259720.0, 271386.0, 279052.0, 276823.0, 273437.0]}, {"type": "line", "title": "Profil mensuel moyen (m³/mois)", "labels": ["Jan", "Fév", "Mar", "Avr", "Mai", "Jun", "Jul", "Aoû", "Sep", "Oct", "Nov", "Déc"], "values": [9451.0, 6408.6, 13136.2, 25508.7, 57761.5, 52965.9, 27384.4, 325.3, 22592.8, 3863.8, 41144.8, 22827.8]}]}}, {"type": "Feature", "geometry": {"type": "Point", "coordinates": [-79.30436, 47.4257]}, "properties": {"id": "X0800897", "nom": "LACTALIS CANADA INC.", "nature": "EGOU", "secteur": "population", "type": "rejet", "charts": [{"type": "bar", "title": "Volume annuel (m³) — LACTALIS CANADA INC.", "labels": ["2001", "2002", "2003", "2004", "2005", "2006", "2007", "2008", "2009", "2010", "2011", "2012", "2013", "2014", "2015", "2016", "2017", "2018", "2019", "2020", "2021", "2022", "2023", "2024", "2025"], "values": [265761.0, 254992.0, 253678.0, 245654.0, 245230.0, 243079.0, 238251.0, 236638.0, 233090.0, 233025.0, 232111.0, 225959.0, 221860.0, 215100.0, 216139.0, 211245.0, 205315.0, 208899.0, 204974.0, 203988.0, 203787.0, 208042.0, 207101.0, 206375.0, 166874.0]}, {"type": "line", "title": "Profil mensuel moyen (m³/mois)", "labels": ["Jan", "Fév", "Mar", "Avr", "Mai", "Jun", "Jul", "Aoû", "Sep", "Oct", "Nov", "Déc"], "values": [13776.1, 14024.9, 15692.6, 23101.2, 23985.3, 24012.1, 19566.8, 15470.7, 15935.6, 19200.9, 19923.8, 20410.1]}]}}, {"type": "Feature", "geometry": {"type": "Point", "coordinates": [-71.31845, 46.79032]}, "properties": {"id": "90411851", "nom": "ID BIOMEDICAL CORPORATION OF QUEBEC", "nature": "EGOU", "secteur": "population", "type": "rejet", "charts": [{"type": "bar", "title": "Volume annuel (m³) — ID BIOMEDICAL CORPORATION OF QUEBEC", "labels": ["2001", "2002", "2003", "2004", "2005", "2006", "2007", "2008", "2009", "2010", "2011", "2012", "2013", "2014", "2015", "2016", "2017", "2018", "2019", "2020", "2021", "2022", "2023", "2024", "2025"], "values": [143.0, 141.0, 141.0, 140.0, 141.0, 141.0, 141.0, 142.0, 142.0, 144.0, 144.0, 145.0, 144.0, 144.0, 144.0, 144.0, 143.0, 144.0, 143.0, 144.0, 144.0, 145.0, 148.0, 151.0, 132.0]}, {"type": "line", "title": "Profil mensuel moyen (m³/mois)", "labels": ["Jan", "Fév", "Mar", "Avr", "Mai", "Jun", "Jul", "Aoû", "Sep", "Oct", "Nov", "Déc"], "values": [11.2, 12.3, 14.2, 13.9, 15.5, 12.4, 12.9, 12.1, 10.9, 10.5, 9.0, 8.8]}]}}, {"type": "Feature", "geometry": {"type": "Point", "coordinates": [-71.2908100654, 46.7210360829]}, "properties": {"id": "11560620", "nom": "SANIMAX ACI INC.", "nature": "NATU", "secteur": "autre", "type": "rejet", "charts": [{"type": "bar", "title": "Volume annuel (m³) — SANIMAX ACI INC.", "labels": ["2001", "2002", "2003", "2004", "2005", "2006", "2007", "2008", "2009", "2010", "2011", "2012", "2013", "2014", "2015", "2016", "2017", "2018", "2019", "2020", "2021", "2022", "2023", "2024"], "values": [383812.0, 390521.0, 378768.0, 358939.0, 384602.0, 370255.0, 365581.0, 353429.0, 309744.0, 326761.0, 326068.0, 317186.0, 304624.0, 327109.0, 332586.0, 332827.0, 333037.0, 339858.0, 330717.0, 312675.0, 328463.0, 336439.0, 334294.0, 328596.0]}, {"type": "line", "title": "Profil mensuel moyen (m³/mois)", "labels": ["Jan", "Fév", "Mar", "Avr", "Mai", "Jun", "Jul", "Aoû", "Sep", "Oct", "Nov", "Déc"], "values": [29899.2, 25826.0, 23928.3, 25635.7, 28401.9, 32016.1, 33169.4, 31542.1, 25557.2, 29048.3, 29752.0, 27177.9]}]}}, {"type": "Feature", "geometry": {"type": "Point", "coordinates": [-69.88648, 48.277993]}, "properties": {"id": "90550583", "nom": "Sacopan inc.", "nature": "NATU", "secteur": "autre", "type": "rejet", "charts": [{"type": "bar", "title": "Volume annuel (m³) — Sacopan inc.", "labels": ["2001", "2002", "2003", "2004", "2005", "2006", "2007", "2008", "2009", "2010", "2011", "2012", "2013", "2014", "2015", "2016", "2017", "2018", "2019", "2020", "2021", "2022", "2023", "2024"], "values": [662.0, 673.0, 653.0, 620.0, 662.0, 639.0, 630.0, 609.0, 535.0, 564.0, 562.0, 547.0, 526.0, 564.0, 574.0, 574.0, 574.0, 586.0, 571.0, 539.0, 566.0, 580.0, 576.0, 566.0]}, {"type": "line", "title": "Profil mensuel moyen (m³/mois)", "labels": ["Jan", "Fév", "Mar", "Avr", "Mai", "Jun", "Jul", "Aoû", "Sep", "Oct", "Nov", "Déc"], "values": [58.7, 51.3, 67.2, 57.7, 60.2, 28.8, 48.6, 48.1, 33.9, 41.7, 45.1, 48.3]}]}}, {"type": "Feature", "geometry": {"type": "Point", "coordinates": [-73.61811, 45.60064]}, "properties": {"id": "X2159489", "nom": "Chrome & Zinc C.J.G.M. inc.", "nature": "EGOU", "secteur": "population", "type": "rejet", "charts": [{"type": "bar", "title": "Volume annuel (m³) — Chrome & Zinc C.J.G.M. inc.", "labels": ["2001", "2002", "2003", "2004", "2005", "2006", "2007", "2008", "2009", "2010", "2011", "2012", "2013", "2014", "2015", "2016", "2017", "2018", "2019", "2020", "2021", "2022", "2023", "2024", "2025"], "values": [16275.0, 16120.0, 16128.0, 15964.0, 16058.0, 15984.0, 15820.0, 15677.0, 15663.0, 15866.0, 15805.0, 15915.0, 15822.0, 15791.0, 15784.0, 15791.0, 15842.0, 16092.0, 16127.0, 16204.0, 15862.0, 15866.0, 16261.0, 16830.0, 14621.0]}, {"type": "line", "title": "Profil mensuel moyen (m³/mois)", "labels": ["Jan", "Fév", "Mar", "Avr", "Mai", "Jun", "Jul", "Aoû", "Sep", "Oct", "Nov", "Déc"], "values": [1122.4, 1098.3, 1251.9, 1354.7, 2358.8, 1339.1, 1413.5, 1541.3, 1164.6, 1444.8, 1251.7, 662.3]}]}}, {"type": "Feature", "geometry": {"type": "Point", "coordinates": [-73.7089913, 45.4768529]}, "properties": {"id": "X0000165", "nom": "CAE inc.", "nature": "EGOU", "secteur": "population", "type": "rejet", "charts": [{"type": "bar", "title": "Volume annuel (m³) — CAE inc.", "labels": ["2001", "2002", "2003", "2004", "2005", "2006", "2007", "2008", "2009", "2010", "2011", "2012", "2013", "2014", "2015", "2016", "2017", "2018", "2019", "2020", "2021", "2022", "2023", "2024", "2025"], "values": [1700.0, 1690.0, 1689.0, 1673.0, 1682.0, 1670.0, 1655.0, 1643.0, 1641.0, 1657.0, 1654.0, 1662.0, 1654.0, 1652.0, 1650.0, 1651.0, 1659.0, 1683.0, 1691.0, 1696.0, 1659.0, 1658.0, 1702.0, 1758.0, 1446.0]}, {"type": "line", "title": "Profil mensuel moyen (m³/mois)", "labels": ["Jan", "Fév", "Mar", "Avr", "Mai", "Jun", "Jul", "Aoû", "Sep", "Oct", "Nov", "Déc"], "values": [142.9, 133.2, 143.2, 138.3, 139.3, 135.8, 141.0, 142.6, 135.4, 141.8, 138.0, 142.8]}]}}, {"type": "Feature", "geometry": {"type": "Point", "coordinates": [-64.921606, 48.186355]}, "properties": {"id": "X2152569", "nom": "ST. MARYS CEMENT INC. (CANADA)", "nature": "NATU", "secteur": "autre", "type": "rejet", "charts": [{"type": "bar", "title": "Volume annuel (m³) — ST. MARYS CEMENT INC. (CANADA)", "labels": ["2001", "2002", "2003", "2004", "2005", "2006", "2007", "2008", "2009", "2010", "2011", "2012", "2013", "2014", "2015", "2016", "2017", "2018", "2019", "2020", "2021", "2022", "2023", "2024"], "values": [617.0, 628.0, 609.0, 578.0, 618.0, 595.0, 588.0, 569.0, 498.0, 526.0, 525.0, 510.0, 490.0, 526.0, 535.0, 535.0, 536.0, 547.0, 532.0, 503.0, 528.0, 541.0, 538.0, 528.0]}, {"type": "line", "title": "Profil mensuel moyen (m³/mois)", "labels": ["Jan", "Fév", "Mar", "Avr", "Mai", "Jun", "Jul", "Aoû", "Sep", "Oct", "Nov", "Déc"], "values": [46.9, 43.8, 47.0, 45.5, 45.7, 44.6, 46.2, 46.8, 44.5, 46.6, 45.4, 47.0]}]}}, {"type": "Feature", "geometry": {"type": "Point", "coordinates": [-72.9656484, 45.6248064]}, "properties": {"id": "13731526", "nom": "BARRY CALLEBAUT CANADA INC.", "nature": "EGOU", "secteur": "population", "type": "rejet", "charts": [{"type": "bar", "title": "Volume annuel (m³) — BARRY CALLEBAUT CANADA INC.", "labels": ["2001", "2002", "2003", "2004", "2005", "2006", "2007", "2008", "2009", "2010", "2011", "2012", "2013", "2014", "2015", "2016", "2017", "2018", "2019", "2020", "2021", "2022", "2023", "2024", "2025"], "values": [59287.0, 57991.0, 58314.0, 57368.0, 58293.0, 58079.0, 57873.0, 57494.0, 57095.0, 58247.0, 57846.0, 58570.0, 58121.0, 58381.0, 58365.0, 58575.0, 58224.0, 58127.0, 57428.0, 58369.0, 58927.0, 59273.0, 59995.0, 61190.0, 54887.0]}, {"type": "line", "title": "Profil mensuel moyen (m³/mois)", "labels": ["Jan", "Fév", "Mar", "Avr", "Mai", "Jun", "Jul", "Aoû", "Sep", "Oct", "Nov", "Déc"], "values": [1117.4, 4126.6, 194.8, 4059.6, 12937.8, 12139.6, 4005.0, 6393.8, 3619.1, 4470.3, 2511.5, 2893.5]}]}}, {"type": "Feature", "geometry": {"type": "Point", "coordinates": [-72.509441, 45.747511]}, "properties": {"id": "X1700713", "nom": "CARRIÈRES P.C.M. INC.", "nature": "NATU", "secteur": "autre", "type": "rejet", "charts": [{"type": "bar", "title": "Volume annuel (m³) — CARRIÈRES P.C.M. INC.", "labels": ["2001", "2002", "2003", "2004", "2005", "2006", "2007", "2008", "2009", "2010", "2011", "2012", "2013", "2014", "2015", "2016", "2017", "2018", "2019", "2020", "2021", "2022", "2023", "2024"], "values": [317202.0, 319709.0, 312511.0, 292902.0, 319685.0, 308399.0, 301722.0, 291937.0, 254721.0, 269777.0, 267646.0, 261841.0, 250036.0, 270324.0, 271825.0, 272890.0, 273156.0, 279422.0, 271126.0, 258688.0, 271722.0, 275783.0, 275470.0, 272205.0]}, {"type": "line", "title": "Profil mensuel moyen (m³/mois)", "labels": ["Jan", "Fév", "Mar", "Avr", "Mai", "Jun", "Jul", "Aoû", "Sep", "Oct", "Nov", "Déc"], "values": [0.0, 0.0, 0.0, 63540.7, 30900.4, 122663.6, 42773.1, 14410.7, 5356.5, 2050.6, 0.0, 0.0]}]}}, {"type": "Feature", "geometry": {"type": "Point", "coordinates": [-73.7699749, 45.4869279]}, "properties": {"id": "X2159576", "nom": "Solutions d'Aluminium Montréal Inc.", "nature": "EGOU", "secteur": "population", "type": "rejet", "charts": [{"type": "bar", "title": "Volume annuel (m³) — Solutions d'Aluminium Montréal Inc.", "labels": ["2001", "2002", "2003", "2004", "2005", "2006", "2007", "2008", "2009", "2010", "2011", "2012", "2013", "2014", "2015", "2016", "2017", "2018", "2019", "2020", "2021", "2022", "2023", "2024", "2025"], "values": [100721.0, 99852.0, 99426.0, 98206.0, 98541.0, 98599.0, 97657.0, 96754.0, 95422.0, 96561.0, 96592.0, 97383.0, 97040.0, 96787.0, 97269.0, 97493.0, 97582.0, 99096.0, 98797.0, 98345.0, 96227.0, 97068.0, 98323.0, 100612.0, 84908.0]}, {"type": "line", "title": "Profil mensuel moyen (m³/mois)", "labels": ["Jan", "Fév", "Mar", "Avr", "Mai", "Jun", "Jul", "Aoû", "Sep", "Oct", "Nov", "Déc"], "values": [8624.5, 8222.1, 7850.1, 8240.0, 8400.8, 7320.0, 8503.1, 8602.3, 7677.8, 8554.3, 8223.3, 7834.5]}]}}, {"type": "Feature", "geometry": {"type": "Point", "coordinates": [-73.56823, 45.62009]}, "properties": {"id": "X0601167", "nom": "La Verrerie Walker Ltée", "nature": "EGOU", "secteur": "population", "type": "rejet", "charts": [{"type": "bar", "title": "Volume annuel (m³) — La Verrerie Walker Ltée", "labels": ["2001", "2002", "2003", "2004", "2005", "2006", "2007", "2008", "2009", "2010", "2011", "2012", "2013", "2014", "2015", "2016", "2017", "2018", "2019", "2020", "2021", "2022", "2023", "2024", "2025"], "values": [56453.0, 56130.0, 56067.0, 55539.0, 55846.0, 55461.0, 54958.0, 54548.0, 54498.0, 55020.0, 54922.0, 55191.0, 54929.0, 54862.0, 54786.0, 54821.0, 55082.0, 55880.0, 56144.0, 56310.0, 55090.0, 55048.0, 56508.0, 58368.0, 48008.0]}, {"type": "line", "title": "Profil mensuel moyen (m³/mois)", "labels": ["Jan", "Fév", "Mar", "Avr", "Mai", "Jun", "Jul", "Aoû", "Sep", "Oct", "Nov", "Déc"], "values": [4666.3, 4661.3, 4673.3, 4673.1, 4547.4, 4587.1, 4601.8, 4656.4, 4572.0, 4629.5, 4661.6, 4661.9]}]}}, {"type": "Feature", "geometry": {"type": "Point", "coordinates": [-73.6835701961, 61.6915188534]}, "properties": {"id": "90096116", "nom": "GLENCORE CANADA CORPORATION", "nature": "NATU", "secteur": "autre", "type": "rejet", "charts": [{"type": "bar", "title": "Volume annuel (m³) — GLENCORE CANADA CORPORATION", "labels": ["2001", "2002", "2003", "2004", "2005", "2006", "2007", "2008", "2009", "2010", "2011", "2012", "2013", "2014", "2015", "2016", "2017", "2018", "2019", "2020", "2021", "2022", "2023", "2024"], "values": [424445.0, 432894.0, 419407.0, 397421.0, 425237.0, 408821.0, 404013.0, 390744.0, 342776.0, 361474.0, 360815.0, 350813.0, 336794.0, 361480.0, 368916.0, 368525.0, 368401.0, 376534.0, 365846.0, 345463.0, 363303.0, 372101.0, 369711.0, 363513.0]}, {"type": "line", "title": "Profil mensuel moyen (m³/mois)", "labels": ["Jan", "Fév", "Mar", "Avr", "Mai", "Jun", "Jul", "Aoû", "Sep", "Oct", "Nov", "Déc"], "values": [31165.4, 26603.0, 34335.0, 26138.6, 29612.8, 20318.2, 34233.6, 46716.4, 45260.7, 25973.9, 28564.7, 29388.1]}]}}, {"type": "Feature", "geometry": {"type": "Point", "coordinates": [-73.8873393694, 45.3107801821]}, "properties": {"id": "90405432", "nom": "Chemtrade Electrochem Inc.", "nature": "NATU", "secteur": "autre", "type": "rejet", "charts": [{"type": "bar", "title": "Volume annuel (m³) — Chemtrade Electrochem Inc.", "labels": ["2001", "2002", "2003", "2004", "2005", "2006", "2007", "2008", "2009", "2010", "2011", "2012", "2013", "2014", "2015", "2016", "2017", "2018", "2019", "2020", "2021", "2022", "2023", "2024", "2025"], "values": [1424.0, 1452.0, 1407.0, 1333.0, 1428.0, 1373.0, 1356.0, 1312.0, 1150.0, 1213.0, 1211.0, 1177.0, 1131.0, 1214.0, 1236.0, 1236.0, 1236.0, 1263.0, 1229.0, 1161.0, 1219.0, 1249.0, 1241.0, 1220.0, 1.0]}, {"type": "line", "title": "Profil mensuel moyen (m³/mois)", "labels": ["Jan", "Fév", "Mar", "Avr", "Mai", "Jun", "Jul", "Aoû", "Sep", "Oct", "Nov", "Déc"], "values": [56.0, 46.4, 47.7, 41.9, 42.8, 48.2, 66.7, 66.8, 57.6, 49.0, 43.3, 57.5]}]}}, {"type": "Feature", "geometry": {"type": "Point", "coordinates": [-71.5961343067, 45.6291164665]}, "properties": {"id": "X0501602", "nom": "GRAYMONT (QC) INC.", "nature": "NATU", "secteur": "chimie", "type": "rejet", "charts": [{"type": "bar", "title": "Volume annuel (m³) — GRAYMONT (QC) INC.", "labels": ["2001", "2002", "2003", "2004", "2005", "2006", "2007", "2008", "2009", "2010", "2011", "2012", "2013", "2014", "2015", "2016", "2017", "2018", "2019", "2020", "2021", "2022", "2023", "2024"], "values": [187891.0, 188291.0, 189356.0, 182031.0, 180506.0, 177800.0, 150750.0, 139776.0, 138060.0, 144099.0, 136082.0, 143499.0, 127996.0, 129706.0, 122499.0, 126479.0, 129067.0, 139342.0, 135767.0, 135624.0, 145775.0, 158198.0, 159617.0, 161264.0]}, {"type": "line", "title": "Profil mensuel moyen (m³/mois)", "labels": ["Jan", "Fév", "Mar", "Avr", "Mai", "Jun", "Jul", "Aoû", "Sep", "Oct", "Nov", "Déc"], "values": [6413.2, 0.0, 0.0, 36200.5, 21237.7, 300.5, 33445.9, 25036.1, 15294.3, 3319.9, 9980.1, 0.0]}]}}, {"type": "Feature", "geometry": {"type": "Point", "coordinates": [-73.540339, 45.347766]}, "properties": {"id": "X1606194", "nom": "Amrize Canada Inc.", "nature": "NATU", "secteur": "metaux", "type": "rejet", "charts": [{"type": "bar", "title": "Volume annuel (m³) — Amrize Canada Inc.", "labels": ["2001", "2002", "2003", "2004", "2005", "2006", "2007", "2008", "2009", "2010", "2011", "2012", "2013", "2014", "2015", "2016", "2017", "2018", "2019", "2020", "2021", "2022", "2023", "2024"], "values": [526218.0, 517088.0, 470356.0, 514293.0, 561456.0, 536660.0, 562526.0, 550769.0, 458265.0, 480000.0, 503907.0, 494988.0, 456226.0, 489300.0, 485001.0, 450486.0, 458397.0, 469581.0, 477234.0, 454437.0, 448237.0, 427217.0, 433908.0, 423138.0]}, {"type": "line", "title": "Profil mensuel moyen (m³/mois)", "labels": ["Jan", "Fév", "Mar", "Avr", "Mai", "Jun", "Jul", "Aoû", "Sep", "Oct", "Nov", "Déc"], "values": [39609.7, 73973.3, 31478.1, 58635.9, 37113.2, 37208.8, 36690.1, 56392.5, 84638.6, 16538.8, 13124.6, 0.0]}]}}, {"type": "Feature", "geometry": {"type": "Point", "coordinates": [-71.12169, 48.40276]}, "properties": {"id": "X0200791", "nom": "Les produits industriels de haute température Pyrotek Inc.", "nature": "EGOU", "secteur": "population", "type": "rejet", "charts": [{"type": "bar", "title": "Volume annuel (m³) — Les produits industriels de haute tempér", "labels": ["2001", "2002", "2003", "2004", "2005", "2006", "2007", "2008", "2009", "2010", "2011", "2012", "2013", "2014", "2015", "2016", "2017", "2018", "2019", "2020", "2021", "2022", "2023", "2024", "2025"], "values": [921.0, 900.0, 890.0, 875.0, 872.0, 861.0, 854.0, 849.0, 841.0, 847.0, 844.0, 846.0, 837.0, 830.0, 827.0, 822.0, 814.0, 808.0, 796.0, 798.0, 797.0, 797.0, 805.0, 816.0, 686.0]}, {"type": "line", "title": "Profil mensuel moyen (m³/mois)", "labels": ["Jan", "Fév", "Mar", "Avr", "Mai", "Jun", "Jul", "Aoû", "Sep", "Oct", "Nov", "Déc"], "values": [71.4, 71.3, 68.4, 71.5, 73.6, 64.1, 74.5, 75.4, 66.9, 74.9, 71.5, 55.0]}]}}, {"type": "Feature", "geometry": {"type": "Point", "coordinates": [-71.6184885849, 45.614277564]}, "properties": {"id": "X2080823", "nom": "GRAYMONT (QC) INC.", "nature": "NATU", "secteur": "chimie", "type": "rejet", "charts": [{"type": "bar", "title": "Volume annuel (m³) — GRAYMONT (QC) INC.", "labels": ["2001", "2002", "2003", "2004", "2005", "2006", "2007", "2008", "2009", "2010", "2011", "2012", "2013", "2014", "2015", "2016", "2017", "2018", "2019", "2020", "2021", "2022", "2023", "2024"], "values": [671331.0, 670492.0, 676155.0, 649458.0, 645054.0, 632738.0, 539230.0, 498433.0, 493832.0, 510163.0, 484802.0, 511503.0, 455667.0, 464171.0, 434908.0, 450479.0, 461533.0, 493737.0, 484598.0, 483515.0, 521242.0, 563905.0, 568031.0, 573084.0]}, {"type": "line", "title": "Profil mensuel moyen (m³/mois)", "labels": ["Jan", "Fév", "Mar", "Avr", "Mai", "Jun", "Jul", "Aoû", "Sep", "Oct", "Nov", "Déc"], "values": [44839.6, 27976.8, 69422.8, 43999.7, 33145.6, 52578.7, 46463.2, 61441.0, 31906.4, 32600.5, 33244.8, 61466.8]}]}}, {"type": "Feature", "geometry": {"type": "Point", "coordinates": [-73.399450221, 46.0328086361]}, "properties": {"id": "55245864", "nom": "BÉTON PROVINCIAL LTÉE", "nature": "NATU", "secteur": "autre", "type": "rejet", "charts": [{"type": "bar", "title": "Volume annuel (m³) — BÉTON PROVINCIAL LTÉE", "labels": ["2001", "2002", "2003", "2004", "2005", "2006", "2007", "2008", "2009", "2010", "2011", "2012", "2013", "2014", "2015", "2016", "2017", "2018", "2019", "2020", "2021", "2022", "2023", "2024"], "values": [1766471.0, 1800608.0, 1745059.0, 1652782.0, 1770800.0, 1702660.0, 1681717.0, 1626962.0, 1426541.0, 1504521.0, 1501006.0, 1460252.0, 1401393.0, 1504648.0, 1533323.0, 1532849.0, 1532638.0, 1566284.0, 1522339.0, 1438159.0, 1513047.0, 1547920.0, 1538597.0, 1512666.0]}, {"type": "line", "title": "Profil mensuel moyen (m³/mois)", "labels": ["Jan", "Fév", "Mar", "Avr", "Mai", "Jun", "Jul", "Aoû", "Sep", "Oct", "Nov", "Déc"], "values": [38586.7, 30448.8, 50935.6, 49467.8, 37966.8, 41304.1, 49459.1, 64147.3, 54535.4, 36274.9, 39161.4, 32479.4]}]}}, {"type": "Feature", "geometry": {"type": "Point", "coordinates": [-73.5587728, 45.4727498]}, "properties": {"id": "55411771", "nom": "O-I CANADA CORP.", "nature": "EGOU", "secteur": "population", "type": "rejet", "charts": [{"type": "bar", "title": "Volume annuel (m³) — O-I CANADA CORP.", "labels": ["2001", "2002", "2003", "2004", "2005", "2006", "2007", "2008", "2009", "2010", "2011", "2012", "2013", "2014", "2015", "2016", "2017", "2018", "2019", "2020", "2021", "2022", "2023", "2024", "2025"], "values": [42398.0, 42155.0, 42108.0, 41711.0, 41942.0, 41653.0, 41275.0, 40967.0, 40930.0, 41321.0, 41248.0, 41450.0, 41253.0, 41203.0, 41146.0, 41172.0, 41368.0, 41967.0, 42166.0, 42291.0, 41374.0, 41343.0, 42439.0, 43836.0, 36055.0]}, {"type": "line", "title": "Profil mensuel moyen (m³/mois)", "labels": ["Jan", "Fév", "Mar", "Avr", "Mai", "Jun", "Jul", "Aoû", "Sep", "Oct", "Nov", "Déc"], "values": [3504.5, 3500.8, 3509.8, 3509.7, 3415.2, 3445.0, 3456.1, 3497.1, 3433.7, 3476.9, 3501.0, 3501.2]}]}}, {"type": "Feature", "geometry": {"type": "Point", "coordinates": [-72.388489, 45.048911]}, "properties": {"id": "21642269", "nom": "NEXKEMIA PÉTROCHIMIE INC.", "nature": "NATU", "secteur": "autre", "type": "rejet", "charts": [{"type": "bar", "title": "Volume annuel (m³) — NEXKEMIA PÉTROCHIMIE INC.", "labels": ["2001", "2002", "2003", "2004", "2005", "2006", "2007", "2008", "2009", "2010", "2011", "2012", "2013", "2014", "2015", "2016", "2017", "2018", "2019", "2020", "2021", "2022", "2023", "2024", "2025"], "values": [1405163.0, 1429880.0, 1387565.0, 1312961.0, 1409998.0, 1354372.0, 1337231.0, 1292140.0, 1132585.0, 1196755.0, 1194958.0, 1161950.0, 1115191.0, 1197435.0, 1219347.0, 1219804.0, 1219392.0, 1246160.0, 1209706.0, 1145125.0, 1203595.0, 1232391.0, 1226103.0, 1206747.0, 6137.0]}, {"type": "line", "title": "Profil mensuel moyen (m³/mois)", "labels": ["Jan", "Fév", "Mar", "Avr", "Mai", "Jun", "Jul", "Aoû", "Sep", "Oct", "Nov", "Déc"], "values": [41223.7, 30310.9, 24746.0, 35093.0, 55818.6, 64711.3, 79485.2, 77363.5, 73843.0, 54811.1, 42488.6, 35215.2]}]}}, {"type": "Feature", "geometry": {"type": "Point", "coordinates": [-67.6502726, 48.5581309]}, "properties": {"id": "90366345", "nom": "UNIBOARD CANADA INC.", "nature": "EGOU", "secteur": "population", "type": "rejet", "charts": [{"type": "bar", "title": "Volume annuel (m³) — UNIBOARD CANADA INC.", "labels": ["2001", "2002", "2003", "2004", "2005", "2006", "2007", "2008", "2009", "2010", "2011", "2012", "2013", "2014", "2015", "2016", "2017", "2018", "2019", "2020", "2021", "2022", "2023", "2024", "2025"], "values": [11750.0, 11531.0, 11306.0, 10963.0, 11023.0, 11129.0, 11024.0, 10771.0, 10491.0, 10268.0, 10323.0, 10046.0, 10026.0, 9968.0, 9844.0, 9738.0, 9550.0, 9215.0, 8910.0, 8796.0, 8938.0, 8877.0, 9137.0, 9058.0, 7299.0]}, {"type": "line", "title": "Profil mensuel moyen (m³/mois)", "labels": ["Jan", "Fév", "Mar", "Avr", "Mai", "Jun", "Jul", "Aoû", "Sep", "Oct", "Nov", "Déc"], "values": [2633.1, 469.6, 468.6, 592.8, 535.3, 577.4, 810.1, 372.1, 223.2, 1585.1, 662.3, 1141.8]}]}}, {"type": "Feature", "geometry": {"type": "Point", "coordinates": [-73.7889, 45.47]}, "properties": {"id": "X2085523", "nom": "BOMBARDIER INC.", "nature": "EGOU", "secteur": "population", "type": "rejet", "charts": [{"type": "bar", "title": "Volume annuel (m³) — BOMBARDIER INC.", "labels": ["2001", "2002", "2003", "2004", "2005", "2006", "2007", "2008", "2009", "2010", "2011", "2012", "2013", "2014", "2015", "2016", "2017", "2018", "2019", "2020", "2021", "2022", "2023", "2024", "2025"], "values": [13614.0, 13561.0, 13513.0, 13378.0, 13444.0, 13431.0, 13324.0, 13352.0, 13344.0, 13359.0, 13291.0, 13288.0, 13129.0, 12980.0, 13039.0, 13151.0, 13159.0, 13308.0, 13480.0, 13649.0, 13610.0, 13801.0, 14216.0, 14662.0, 12303.0]}, {"type": "line", "title": "Profil mensuel moyen (m³/mois)", "labels": ["Jan", "Fév", "Mar", "Avr", "Mai", "Jun", "Jul", "Aoû", "Sep", "Oct", "Nov", "Déc"], "values": [1118.4, 1117.2, 1120.1, 1145.3, 1114.5, 1124.2, 1127.8, 1141.1, 1120.5, 1122.1, 1127.2, 1127.3]}]}}, {"type": "Feature", "geometry": {"type": "Point", "coordinates": [-72.995611, 45.124985]}, "properties": {"id": "11363595", "nom": "ALIMENTS NORTERA INC.", "nature": "EGOU", "secteur": "population", "type": "rejet", "charts": [{"type": "bar", "title": "Volume annuel (m³) — ALIMENTS NORTERA INC.", "labels": ["2001", "2002", "2003", "2004", "2005", "2006", "2007", "2008", "2009", "2010", "2011", "2012", "2013", "2014", "2015", "2016", "2017", "2018", "2019", "2020", "2021", "2022", "2023", "2024", "2025"], "values": [181528.0, 177352.0, 173494.0, 174401.0, 174345.0, 170135.0, 170951.0, 171051.0, 168269.0, 168993.0, 170547.0, 165935.0, 165215.0, 158033.0, 157094.0, 156983.0, 156037.0, 154312.0, 150691.0, 151474.0, 154025.0, 156659.0, 156835.0, 160272.0, 112383.0]}, {"type": "line", "title": "Profil mensuel moyen (m³/mois)", "labels": ["Jan", "Fév", "Mar", "Avr", "Mai", "Jun", "Jul", "Aoû", "Sep", "Oct", "Nov", "Déc"], "values": [14.5, 3.1, 287.6, 124.1, 118.8, 3115.9, 20867.4, 29523.3, 25206.0, 33496.9, 37915.5, 13671.0]}]}}, {"type": "Feature", "geometry": {"type": "Point", "coordinates": [-73.920963, 45.0376]}, "properties": {"id": "13324124", "nom": "VERGERS LEAHY INC.", "nature": "NATU", "secteur": "autre", "type": "rejet", "charts": [{"type": "bar", "title": "Volume annuel (m³) — VERGERS LEAHY INC.", "labels": ["2001", "2002", "2003", "2004", "2005", "2006", "2007", "2008", "2009", "2010", "2011", "2012", "2013", "2014", "2015", "2016", "2017", "2018", "2019", "2020", "2021", "2022", "2023", "2024"], "values": [144754.0, 147162.0, 142789.0, 135413.0, 144608.0, 139651.0, 137888.0, 133261.0, 116961.0, 123331.0, 122835.0, 119657.0, 114895.0, 123286.0, 125532.0, 125450.0, 125566.0, 128045.0, 124589.0, 117718.0, 123833.0, 126794.0, 125902.0, 123763.0]}, {"type": "line", "title": "Profil mensuel moyen (m³/mois)", "labels": ["Jan", "Fév", "Mar", "Avr", "Mai", "Jun", "Jul", "Aoû", "Sep", "Oct", "Nov", "Déc"], "values": [7350.3, 6834.3, 7172.8, 7007.6, 7187.8, 4393.6, 3101.7, 4590.9, 4120.3, 4174.2, 4515.4, 4002.9]}]}}, {"type": "Feature", "geometry": {"type": "Point", "coordinates": [-71.5375061577, 45.272491847]}, "properties": {"id": "X2012976", "nom": "Scierie Clifton inc.", "nature": "NATU", "secteur": "bois", "type": "rejet", "charts": [{"type": "bar", "title": "Volume annuel (m³) — Scierie Clifton inc.", "labels": ["2001", "2002", "2003", "2004", "2005", "2006", "2007", "2008", "2009", "2010", "2011", "2012", "2013", "2014", "2015", "2016", "2017", "2018", "2019", "2020", "2021", "2022", "2023", "2024"], "values": [123570.0, 133663.0, 130016.0, 122813.0, 136523.0, 131638.0, 118221.0, 110982.0, 95525.0, 98136.0, 95440.0, 93989.0, 95383.0, 98267.0, 105300.0, 112952.0, 108266.0, 112930.0, 112800.0, 100409.0, 112558.0, 117223.0, 106803.0, 112718.0]}, {"type": "line", "title": "Profil mensuel moyen (m³/mois)", "labels": ["Jan", "Fév", "Mar", "Avr", "Mai", "Jun", "Jul", "Aoû", "Sep", "Oct", "Nov", "Déc"], "values": [4.7, 4.2, 4.7, 4.5, 9310.2, 9094.5, 9423.6, 9540.4, 9066.7, 9498.2, 4.5, 4.7]}]}}, {"type": "Feature", "geometry": {"type": "Point", "coordinates": [-73.2699444444, 45.8254805556]}, "properties": {"id": "53751400", "nom": "AIR LIQUIDE CANADA INC.", "nature": "EGOU", "secteur": "population", "type": "rejet", "charts": [{"type": "bar", "title": "Volume annuel (m³) — AIR LIQUIDE CANADA INC.", "labels": ["2001", "2002", "2003", "2004", "2005", "2006", "2007", "2008", "2009", "2010", "2011", "2012", "2013", "2014", "2015", "2016", "2017", "2018", "2019", "2020", "2021", "2022", "2023", "2024", "2025"], "values": [13262.0, 12911.0, 12984.0, 13111.0, 13539.0, 13583.0, 13698.0, 13661.0, 13642.0, 14224.0, 14619.0, 15766.0, 16051.0, 16720.0, 17451.0, 18039.0, 18409.0, 19248.0, 19549.0, 20214.0, 20903.0, 21345.0, 22084.0, 22473.0, 19371.0]}, {"type": "line", "title": "Profil mensuel moyen (m³/mois)", "labels": ["Jan", "Fév", "Mar", "Avr", "Mai", "Jun", "Jul", "Aoû", "Sep", "Oct", "Nov", "Déc"], "values": [1059.0, 1093.3, 1764.7, 733.4, 1892.6, 1714.5, 2424.4, 900.5, 1667.8, 1186.1, 1282.9, 1048.4]}]}}, {"type": "Feature", "geometry": {"type": "Point", "coordinates": [-72.6183670313, 45.2299498197]}, "properties": {"id": "X2051606", "nom": "CONSTRUCTION DJL INC.", "nature": "NATU", "secteur": "autre", "type": "rejet", "charts": [{"type": "bar", "title": "Volume annuel (m³) — CONSTRUCTION DJL INC.", "labels": ["2001", "2002", "2003", "2004", "2005", "2006", "2007", "2008", "2009", "2010", "2011", "2012", "2013", "2014", "2015", "2016", "2017", "2018", "2019", "2020", "2021", "2022", "2023", "2024"], "values": [155058.0, 157869.0, 152965.0, 144805.0, 155163.0, 149158.0, 147330.0, 142565.0, 125186.0, 131990.0, 131509.0, 128112.0, 122871.0, 131975.0, 134376.0, 134471.0, 134090.0, 137480.0, 133564.0, 126141.0, 132820.0, 135806.0, 134515.0, 132459.0]}, {"type": "line", "title": "Profil mensuel moyen (m³/mois)", "labels": ["Jan", "Fév", "Mar", "Avr", "Mai", "Jun", "Jul", "Aoû", "Sep", "Oct", "Nov", "Déc"], "values": [12283.4, 11478.9, 10599.9, 10203.3, 10309.7, 10013.3, 10907.7, 24970.1, 7520.7, 8463.9, 8968.8, 12291.9]}]}}, {"type": "Feature", "geometry": {"type": "Point", "coordinates": [-71.207278, 46.781111]}, "properties": {"id": "52670411", "nom": "ÉNERGIE VALERO INC.", "nature": "NATU", "secteur": "chimie", "type": "rejet", "charts": [{"type": "bar", "title": "Volume annuel (m³) — ÉNERGIE VALERO INC.", "labels": ["2001", "2002", "2003", "2004", "2005", "2006", "2007", "2008", "2009", "2010", "2011", "2012", "2013", "2014", "2015", "2016", "2017", "2018", "2019", "2020", "2021", "2022", "2023", "2024"], "values": [4591924.0, 4580987.0, 4622173.0, 4440710.0, 4409102.0, 4327449.0, 3689098.0, 3406869.0, 3373554.0, 3489158.0, 3316460.0, 3496293.0, 3116943.0, 3173319.0, 2976126.0, 3081393.0, 3159260.0, 3373894.0, 3309227.0, 3304357.0, 3563057.0, 3858931.0, 3888798.0, 3923221.0]}, {"type": "line", "title": "Profil mensuel moyen (m³/mois)", "labels": ["Jan", "Fév", "Mar", "Avr", "Mai", "Jun", "Jul", "Aoû", "Sep", "Oct", "Nov", "Déc"], "values": [139487.1, 126583.1, 151896.8, 167287.5, 160589.7, 166063.3, 159508.4, 180850.3, 145938.4, 142284.9, 149512.7, 153170.6]}]}}, {"type": "Feature", "geometry": {"type": "Point", "coordinates": [-73.0370717651, 45.3994845571]}, "properties": {"id": "X1600654", "nom": "LES BETONS DU COTEAU LTEE", "nature": "NATU", "secteur": "autre", "type": "rejet", "charts": [{"type": "bar", "title": "Volume annuel (m³) — LES BETONS DU COTEAU LTEE", "labels": ["2001", "2002", "2003", "2004", "2005", "2006", "2007", "2008", "2009", "2010", "2011", "2012", "2013", "2014", "2015", "2016", "2017", "2018", "2019", "2020", "2021", "2022", "2023", "2024", "2025"], "values": [1532.0, 1556.0, 1516.0, 1442.0, 1544.0, 1495.0, 1471.0, 1430.0, 1269.0, 1335.0, 1334.0, 1303.0, 1256.0, 1340.0, 1354.0, 1355.0, 1357.0, 1384.0, 1350.0, 1289.0, 1339.0, 1367.0, 1364.0, 1344.0, 117.0]}, {"type": "line", "title": "Profil mensuel moyen (m³/mois)", "labels": ["Jan", "Fév", "Mar", "Avr", "Mai", "Jun", "Jul", "Aoû", "Sep", "Oct", "Nov", "Déc"], "values": [16.3, 56.0, 44.0, 40.8, 23.3, 95.5, 72.0, 10.6, 20.9, 11.1, 30.0, 38.7]}]}}, {"type": "Feature", "geometry": {"type": "Point", "coordinates": [-64.340614, 48.418758]}, "properties": {"id": "90492075", "nom": "E.GAGNON ET FILS LTÉE", "nature": "EGOU", "secteur": "population", "type": "rejet", "charts": [{"type": "bar", "title": "Volume annuel (m³) — E.GAGNON ET FILS LTÉE", "labels": ["2001", "2002", "2003", "2004", "2005", "2006", "2007", "2008", "2009", "2010", "2011", "2012", "2013", "2014", "2015", "2016", "2017", "2018", "2019", "2020", "2021", "2022", "2023", "2024", "2025"], "values": [844.0, 815.0, 799.0, 777.0, 784.0, 757.0, 735.0, 726.0, 719.0, 728.0, 715.0, 713.0, 676.0, 666.0, 659.0, 652.0, 628.0, 634.0, 621.0, 626.0, 638.0, 638.0, 625.0, 633.0, 627.0]}, {"type": "line", "title": "Profil mensuel moyen (m³/mois)", "labels": ["Jan", "Fév", "Mar", "Avr", "Mai", "Jun", "Jul", "Aoû", "Sep", "Oct", "Nov", "Déc"], "values": [0.0, 0.0, 0.0, 2.2, 66.2, 93.1, 153.7, 305.7, 76.4, 0.0, 0.0, 0.0]}]}}, {"type": "Feature", "geometry": {"type": "Point", "coordinates": [-71.2978333333, 46.8525555556]}, "properties": {"id": "12434569", "nom": "CARRIÈRE UNION LTÉE", "nature": "EGOU", "secteur": "population", "type": "rejet", "charts": [{"type": "bar", "title": "Volume annuel (m³) — CARRIÈRE UNION LTÉE", "labels": ["2001", "2002", "2003", "2004", "2005", "2006", "2007", "2008", "2009", "2010", "2011", "2012", "2013", "2014", "2015", "2016", "2017", "2018", "2019", "2020", "2021", "2022", "2023", "2024", "2025"], "values": [505301.0, 501380.0, 501057.0, 497162.0, 501036.0, 499978.0, 499435.0, 501282.0, 502450.0, 509548.0, 510909.0, 513217.0, 508870.0, 507976.0, 508218.0, 508551.0, 506793.0, 509982.0, 508071.0, 512085.0, 511312.0, 514322.0, 522548.0, 534859.0, 414564.0]}, {"type": "line", "title": "Profil mensuel moyen (m³/mois)", "labels": ["Jan", "Fév", "Mar", "Avr", "Mai", "Jun", "Jul", "Aoû", "Sep", "Oct", "Nov", "Déc"], "values": [8061.5, 27189.9, 85691.6, 26515.0, 38034.5, 36716.2, 51366.8, 64579.3, 30289.9, 27844.4, 46710.7, 65942.6]}]}}, {"type": "Feature", "geometry": {"type": "Point", "coordinates": [-73.1510733869, 45.7890375881]}, "properties": {"id": "29537677", "nom": "ALIMENTS NORTERA INC.", "nature": "NATU", "secteur": "autre", "type": "rejet", "charts": [{"type": "bar", "title": "Volume annuel (m³) — ALIMENTS NORTERA INC.", "labels": ["2001", "2002", "2003", "2004", "2005", "2006", "2007", "2008", "2009", "2010", "2011", "2012", "2013", "2014", "2015", "2016", "2017", "2018", "2019", "2020", "2021", "2022", "2023", "2024"], "values": [318946.0, 326506.0, 315755.0, 299359.0, 321001.0, 307311.0, 303903.0, 294058.0, 257465.0, 272029.0, 271991.0, 263948.0, 253534.0, 271930.0, 277721.0, 277589.0, 277552.0, 284015.0, 275733.0, 260139.0, 273437.0, 280034.0, 279076.0, 274065.0]}, {"type": "line", "title": "Profil mensuel moyen (m³/mois)", "labels": ["Jan", "Fév", "Mar", "Avr", "Mai", "Jun", "Jul", "Aoû", "Sep", "Oct", "Nov", "Déc"], "values": [3978.1, 23615.4, 21656.5, 18704.7, 12309.9, 11322.8, 47393.7, 43679.9, 47379.7, 27472.6, 18115.9, 9249.9]}]}}, {"type": "Feature", "geometry": {"type": "Point", "coordinates": [-73.6242738236, 45.4435294615]}, "properties": {"id": "X2062497", "nom": "EMBALLAGES KRUGER S.E.C.", "nature": "EGOU", "secteur": "population", "type": "rejet", "charts": [{"type": "bar", "title": "Volume annuel (m³) — EMBALLAGES KRUGER S.E.C.", "labels": ["2001", "2002", "2003", "2004", "2005", "2006", "2007", "2008", "2009", "2010", "2011", "2012", "2013", "2014", "2015", "2016", "2017", "2018", "2019", "2020", "2021", "2022", "2023", "2024", "2025"], "values": [3231.0, 3211.0, 3208.0, 3178.0, 3196.0, 3175.0, 3145.0, 3121.0, 3118.0, 3150.0, 3142.0, 3160.0, 3144.0, 3140.0, 3134.0, 3137.0, 3151.0, 3198.0, 3213.0, 3223.0, 3153.0, 3150.0, 3233.0, 3340.0, 2851.0]}, {"type": "line", "title": "Profil mensuel moyen (m³/mois)", "labels": ["Jan", "Fév", "Mar", "Avr", "Mai", "Jun", "Jul", "Aoû", "Sep", "Oct", "Nov", "Déc"], "values": [277.3, 277.0, 326.7, 281.5, 274.9, 271.6, 275.3, 276.7, 225.6, 260.8, 238.6, 195.5]}]}}, {"type": "Feature", "geometry": {"type": "Point", "coordinates": [-73.715976, 45.589694]}, "properties": {"id": "90511148", "nom": "Amrize Canada Inc.", "nature": "EGOU", "secteur": "population", "type": "rejet", "charts": [{"type": "bar", "title": "Volume annuel (m³) — Amrize Canada Inc.", "labels": ["2001", "2002", "2003", "2004", "2005", "2006", "2007", "2008", "2009", "2010", "2011", "2012", "2013", "2014", "2015", "2016", "2017", "2018", "2019", "2020", "2021", "2022", "2023", "2024", "2025"], "values": [5130.0, 5108.0, 5156.0, 5154.0, 5266.0, 5274.0, 5314.0, 5348.0, 5384.0, 5526.0, 5585.0, 5641.0, 5631.0, 5640.0, 5652.0, 5690.0, 5695.0, 5719.0, 5684.0, 5730.0, 5746.0, 5726.0, 5794.0, 5887.0, 5011.0]}, {"type": "line", "title": "Profil mensuel moyen (m³/mois)", "labels": ["Jan", "Fév", "Mar", "Avr", "Mai", "Jun", "Jul", "Aoû", "Sep", "Oct", "Nov", "Déc"], "values": [109.2, 101.5, 115.0, 378.3, 553.2, 647.5, 723.6, 697.1, 641.6, 794.0, 304.2, 465.3]}]}}, {"type": "Feature", "geometry": {"type": "Point", "coordinates": [-75.8206654, 45.4280259]}, "properties": {"id": "51794311", "nom": "Amrize Canada Inc.", "nature": "NATU", "secteur": "metaux", "type": "rejet", "charts": [{"type": "bar", "title": "Volume annuel (m³) — Amrize Canada Inc.", "labels": ["2001", "2002", "2003", "2004", "2005", "2006", "2007", "2008", "2009", "2010", "2011", "2012", "2013", "2014", "2015", "2016", "2017", "2018", "2019", "2020", "2021", "2022", "2023", "2024"], "values": [363678.0, 355700.0, 324016.0, 354848.0, 387608.0, 372418.0, 389058.0, 380787.0, 316288.0, 332269.0, 347985.0, 343012.0, 315994.0, 338574.0, 333514.0, 310812.0, 316273.0, 324067.0, 330076.0, 315000.0, 309534.0, 295610.0, 299705.0, 292205.0]}, {"type": "line", "title": "Profil mensuel moyen (m³/mois)", "labels": ["Jan", "Fév", "Mar", "Avr", "Mai", "Jun", "Jul", "Aoû", "Sep", "Oct", "Nov", "Déc"], "values": [24689.2, 28458.1, 45650.0, 41846.4, 36996.1, 37331.6, 39312.9, 22735.4, 18600.8, 20753.1, 19002.8, 0.0]}]}}, {"type": "Feature", "geometry": {"type": "Point", "coordinates": [-72.997069, 45.111839]}, "properties": {"id": "52625118", "nom": "GRAYMONT (QC) INC.", "nature": "NATU", "secteur": "chimie", "type": "rejet", "charts": [{"type": "bar", "title": "Volume annuel (m³) — GRAYMONT (QC) INC.", "labels": ["2001", "2002", "2003", "2004", "2005", "2006", "2007", "2008", "2009", "2010", "2011", "2012", "2013", "2014", "2015", "2016", "2017", "2018", "2019", "2020", "2021", "2022", "2023", "2024"], "values": [1631477.0, 1630626.0, 1643649.0, 1579830.0, 1568672.0, 1540717.0, 1311329.0, 1212636.0, 1199996.0, 1242786.0, 1179551.0, 1243920.0, 1109190.0, 1128668.0, 1057712.0, 1095508.0, 1122408.0, 1202116.0, 1179027.0, 1176761.0, 1266252.0, 1371218.0, 1383048.0, 1395077.0]}, {"type": "line", "title": "Profil mensuel moyen (m³/mois)", "labels": ["Jan", "Fév", "Mar", "Avr", "Mai", "Jun", "Jul", "Aoû", "Sep", "Oct", "Nov", "Déc"], "values": [72435.8, 41514.7, 56227.1, 70465.5, 49748.9, 56429.5, 82788.7, 66063.5, 37405.7, 37877.5, 32483.5, 52229.9]}]}}, {"type": "Feature", "geometry": {"type": "Point", "coordinates": [-72.7452029924, 45.3933451904]}, "properties": {"id": "X2033181", "nom": "COLOREX INC.", "nature": "EGOU", "secteur": "population", "type": "rejet", "charts": [{"type": "bar", "title": "Volume annuel (m³) — COLOREX INC.", "labels": ["2001", "2002", "2003", "2004", "2005", "2006", "2007", "2008", "2009", "2010", "2011", "2012", "2013", "2014", "2015", "2016", "2017", "2018", "2019", "2020", "2021", "2022", "2023", "2024", "2025"], "values": [37354.0, 37149.0, 37259.0, 37415.0, 38169.0, 38342.0, 38574.0, 38720.0, 38779.0, 39471.0, 39785.0, 40020.0, 39902.0, 39889.0, 39927.0, 40116.0, 40074.0, 40096.0, 39981.0, 40355.0, 40841.0, 40798.0, 41138.0, 41511.0, 35106.0]}, {"type": "line", "title": "Profil mensuel moyen (m³/mois)", "labels": ["Jan", "Fév", "Mar", "Avr", "Mai", "Jun", "Jul", "Aoû", "Sep", "Oct", "Nov", "Déc"], "values": [2359.0, 4133.4, 4574.7, 2798.8, 2723.9, 2747.1, 3634.2, 3500.5, 3503.4, 3654.6, 2917.4, 2917.4]}]}}, {"type": "Feature", "geometry": {"type": "Point", "coordinates": [-72.77125, 45.38317]}, "properties": {"id": "13596416", "nom": "Bow groupe de plomberie inc.", "nature": "EGOU", "secteur": "population", "type": "rejet", "charts": [{"type": "bar", "title": "Volume annuel (m³) — Bow groupe de plomberie inc.", "labels": ["2001", "2002", "2003", "2004", "2005", "2006", "2007", "2008", "2009", "2010", "2011", "2012", "2013", "2014", "2015", "2016", "2017", "2018", "2019", "2020", "2021", "2022", "2023", "2024", "2025"], "values": [34123.0, 33847.0, 34002.0, 34091.0, 34799.0, 35017.0, 35188.0, 35303.0, 35382.0, 36031.0, 36268.0, 36534.0, 36388.0, 36400.0, 36443.0, 36598.0, 36518.0, 36576.0, 36420.0, 36819.0, 37256.0, 37222.0, 37472.0, 37894.0, 33457.0]}, {"type": "line", "title": "Profil mensuel moyen (m³/mois)", "labels": ["Jan", "Fév", "Mar", "Avr", "Mai", "Jun", "Jul", "Aoû", "Sep", "Oct", "Nov", "Déc"], "values": [4132.1, 3868.5, 3709.8, 2037.5, 3750.3, 3359.7, 2555.0, 3229.1, 2899.3, 2470.9, 2409.6, 1579.7]}]}}, {"type": "Feature", "geometry": {"type": "Point", "coordinates": [-71.157093, 46.827634]}, "properties": {"id": "11592136", "nom": "CHANTIER DAVIE CANADA INC.", "nature": "EGOU", "secteur": "population", "type": "rejet", "charts": [{"type": "bar", "title": "Volume annuel (m³) — CHANTIER DAVIE CANADA INC.", "labels": ["2001", "2002", "2003", "2004", "2005", "2006", "2007", "2008", "2009", "2010", "2011", "2012", "2013", "2014", "2015", "2016", "2017", "2018", "2019", "2020", "2021", "2022", "2023", "2024", "2025"], "values": [1333.0, 1324.0, 1331.0, 1326.0, 1353.0, 1366.0, 1375.0, 1382.0, 1385.0, 1410.0, 1409.0, 1415.0, 1402.0, 1398.0, 1405.0, 1408.0, 1402.0, 1405.0, 1394.0, 1417.0, 1436.0, 1445.0, 1467.0, 1493.0, 1304.0]}, {"type": "line", "title": "Profil mensuel moyen (m³/mois)", "labels": ["Jan", "Fév", "Mar", "Avr", "Mai", "Jun", "Jul", "Aoû", "Sep", "Oct", "Nov", "Déc"], "values": [99.2, 29.3, 79.5, 202.6, 174.1, 138.4, 139.8, 119.8, 144.5, 97.5, 99.0, 74.5]}]}}, {"type": "Feature", "geometry": {"type": "Point", "coordinates": [-71.767243, 46.214546]}, "properties": {"id": "52294329", "nom": "AGROPUR COOPÉRATIVE", "nature": "NATU", "secteur": "agroalimentaire", "type": "rejet", "charts": [{"type": "bar", "title": "Volume annuel (m³) — AGROPUR COOPÉRATIVE", "labels": ["2001", "2002", "2003", "2004", "2005", "2006", "2007", "2008", "2009", "2010", "2011", "2012", "2013", "2014", "2015", "2016", "2017", "2018", "2019", "2020", "2021", "2022", "2023", "2024", "2025"], "values": [944604.0, 925822.0, 898677.0, 913695.0, 936062.0, 926353.0, 949447.0, 988023.0, 994298.0, 1007396.0, 995755.0, 965795.0, 972851.0, 1033810.0, 1081713.0, 1089829.0, 1113620.0, 1106156.0, 1104456.0, 1084365.0, 1153846.0, 1191805.0, 1200391.0, 1196617.0, 122284.0]}, {"type": "line", "title": "Profil mensuel moyen (m³/mois)", "labels": ["Jan", "Fév", "Mar", "Avr", "Mai", "Jun", "Jul", "Aoû", "Sep", "Oct", "Nov", "Déc"], "values": [30176.8, 26766.7, 44572.5, 33902.4, 47425.2, 47583.5, 49364.9, 69875.8, 49421.4, 39862.8, 38682.5, 31922.0]}]}}, {"type": "Feature", "geometry": {"type": "Point", "coordinates": [-73.1763160229, 45.4317683144]}, "properties": {"id": "51932309", "nom": "IFASTGROUPE 2004 L.P.", "nature": "NATU", "secteur": "autre", "type": "rejet", "charts": [{"type": "bar", "title": "Volume annuel (m³) — IFASTGROUPE 2004 L.P.", "labels": ["2001", "2002", "2003", "2004", "2005", "2006", "2007", "2008", "2009", "2010", "2011", "2012", "2013", "2014", "2015", "2016", "2017", "2018", "2019", "2020", "2021", "2022", "2023", "2024"], "values": [88577.0, 90089.0, 87413.0, 82846.0, 88703.0, 85348.0, 84401.0, 81522.0, 71462.0, 75302.0, 75248.0, 73136.0, 70259.0, 75450.0, 76803.0, 76809.0, 76960.0, 78291.0, 76208.0, 72043.0, 75808.0, 77650.0, 77192.0, 75827.0]}, {"type": "line", "title": "Profil mensuel moyen (m³/mois)", "labels": ["Jan", "Fév", "Mar", "Avr", "Mai", "Jun", "Jul", "Aoû", "Sep", "Oct", "Nov", "Déc"], "values": [6290.5, 5691.3, 5695.2, 5911.6, 6807.4, 6884.4, 5303.5, 6016.6, 8415.3, 7944.2, 8522.0, 5407.5]}]}}, {"type": "Feature", "geometry": {"type": "Point", "coordinates": [-74.100318, 45.224858]}, "properties": {"id": "11307774", "nom": "ZINC ÉLECTROLYTIQUE DU CANADA LIMITÉE", "nature": "NATU", "secteur": "metaux", "type": "rejet", "charts": [{"type": "bar", "title": "Volume annuel (m³) — ZINC ÉLECTROLYTIQUE DU CANADA LIMITÉE", "labels": ["2001", "2002", "2003", "2004", "2005", "2006", "2007", "2008", "2009", "2010", "2011", "2012", "2013", "2014", "2015", "2016", "2017", "2018", "2019", "2020", "2021", "2022", "2023", "2024"], "values": [48475165.0, 47456502.0, 43205438.0, 47269792.0, 51578683.0, 49585209.0, 51745062.0, 50741318.0, 42209585.0, 44270429.0, 46346387.0, 45658879.0, 42060552.0, 45089890.0, 44522895.0, 41423593.0, 42041258.0, 43247161.0, 44000929.0, 42002114.0, 41184261.0, 39397789.0, 39809662.0, 38890496.0]}, {"type": "line", "title": "Profil mensuel moyen (m³/mois)", "labels": ["Jan", "Fév", "Mar", "Avr", "Mai", "Jun", "Jul", "Aoû", "Sep", "Oct", "Nov", "Déc"], "values": [3931042.5, 3866907.7, 4009698.3, 4256061.9, 4840989.3, 4157110.3, 4487906.8, 4393696.5, 2385564.5, 472392.7, 3939084.8, 3935088.2]}]}}, {"type": "Feature", "geometry": {"type": "Point", "coordinates": [-79.4298, 47.32864]}, "properties": {"id": "54582671", "nom": "GLOBAL LVL INC.", "nature": "EGOU", "secteur": "population", "type": "rejet", "charts": [{"type": "bar", "title": "Volume annuel (m³) — GLOBAL LVL INC.", "labels": ["2001", "2002", "2003", "2004", "2005", "2006", "2007", "2008", "2009", "2010", "2011", "2012", "2013", "2014", "2015", "2016", "2017", "2018", "2019", "2020", "2021", "2022", "2023", "2024", "2025"], "values": [185942.0, 179936.0, 177295.0, 175038.0, 173216.0, 171484.0, 167012.0, 165125.0, 162532.0, 163483.0, 160176.0, 158026.0, 157945.0, 155997.0, 153101.0, 153063.0, 148376.0, 147868.0, 142478.0, 142400.0, 143984.0, 139569.0, 138873.0, 139859.0, 130630.0]}, {"type": "line", "title": "Profil mensuel moyen (m³/mois)", "labels": ["Jan", "Fév", "Mar", "Avr", "Mai", "Jun", "Jul", "Aoû", "Sep", "Oct", "Nov", "Déc"], "values": [5401.7, 4699.5, 5092.1, 12894.1, 37104.4, 19445.2, 21947.8, 16954.5, 7799.4, 17891.1, 5414.3, 3030.0]}]}}, {"type": "Feature", "geometry": {"type": "Point", "coordinates": [-72.7610375035, 45.3871467265]}, "properties": {"id": "16751059", "nom": "HERSHEY CANADA INC.", "nature": "EGOU", "secteur": "population", "type": "rejet", "charts": [{"type": "bar", "title": "Volume annuel (m³) — HERSHEY CANADA INC.", "labels": ["2001", "2002", "2003", "2004", "2005", "2006", "2007", "2008", "2009", "2010", "2011", "2012", "2013", "2014", "2015", "2016", "2017", "2018", "2019", "2020", "2021", "2022", "2023", "2024", "2025"], "values": [203514.0, 202082.0, 202793.0, 203659.0, 207463.0, 208830.0, 210152.0, 210880.0, 211248.0, 214979.0, 216518.0, 217772.0, 217252.0, 217086.0, 217517.0, 218388.0, 218320.0, 217945.0, 217316.0, 219419.0, 222485.0, 222180.0, 223987.0, 225937.0, 185378.0]}, {"type": "line", "title": "Profil mensuel moyen (m³/mois)", "labels": ["Jan", "Fév", "Mar", "Avr", "Mai", "Jun", "Jul", "Aoû", "Sep", "Oct", "Nov", "Déc"], "values": [17181.2, 15714.1, 18367.8, 26445.9, 19961.0, 13369.2, 11749.5, 15215.1, 19279.4, 20371.8, 20433.9, 16721.3]}]}}, {"type": "Feature", "geometry": {"type": "Point", "coordinates": [-73.630557, 45.170937]}, "properties": {"id": "X2089742", "nom": "CONSTRUCTION DJL INC.", "nature": "NATU", "secteur": "autre", "type": "rejet", "charts": [{"type": "bar", "title": "Volume annuel (m³) — CONSTRUCTION DJL INC.", "labels": ["2001", "2002", "2003", "2004", "2005", "2006", "2007", "2008", "2009", "2010", "2011", "2012", "2013", "2014", "2015", "2016", "2017", "2018", "2019", "2020", "2021", "2022", "2023", "2024"], "values": [2767355.0, 2817946.0, 2732242.0, 2590242.0, 2771697.0, 2668889.0, 2636490.0, 2549127.0, 2234798.0, 2356252.0, 2351801.0, 2286441.0, 2196742.0, 2358145.0, 2400913.0, 2400559.0, 2403021.0, 2450633.0, 2384713.0, 2253460.0, 2368022.0, 2426087.0, 2411224.0, 2369206.0]}, {"type": "line", "title": "Profil mensuel moyen (m³/mois)", "labels": ["Jan", "Fév", "Mar", "Avr", "Mai", "Jun", "Jul", "Aoû", "Sep", "Oct", "Nov", "Déc"], "values": [232152.1, 197128.0, 173289.6, 202664.6, 205019.1, 185796.3, 206455.4, 209009.4, 224920.9, 197587.0, 224600.2, 207460.9]}]}}, {"type": "Feature", "geometry": {"type": "Point", "coordinates": [-73.053032, 45.431144]}, "properties": {"id": "11506607", "nom": "A. LASSONDE INC.", "nature": "EGOU", "secteur": "population", "type": "rejet", "charts": [{"type": "bar", "title": "Volume annuel (m³) — A. LASSONDE INC.", "labels": ["2001", "2002", "2003", "2004", "2005", "2006", "2007", "2008", "2009", "2010", "2011", "2012", "2013", "2014", "2015", "2016", "2017", "2018", "2019", "2020", "2021", "2022", "2023", "2024", "2025"], "values": [351836.0, 348227.0, 345724.0, 343368.0, 345785.0, 341295.0, 339776.0, 340146.0, 341439.0, 340778.0, 344388.0, 342033.0, 337496.0, 336465.0, 333803.0, 338620.0, 332330.0, 332413.0, 323883.0, 324012.0, 323898.0, 314250.0, 318761.0, 320692.0, 270976.0]}, {"type": "line", "title": "Profil mensuel moyen (m³/mois)", "labels": ["Jan", "Fév", "Mar", "Avr", "Mai", "Jun", "Jul", "Aoû", "Sep", "Oct", "Nov", "Déc"], "values": [27033.3, 26626.7, 26993.2, 25773.6, 28703.6, 25736.2, 25080.2, 30333.3, 28345.1, 33314.5, 31511.5, 26151.1]}]}}, {"type": "Feature", "geometry": {"type": "Point", "coordinates": [-71.5959320427, 45.6555822483]}, "properties": {"id": "X0501467", "nom": "GRAYMONT (QC) INC.", "nature": "NATU", "secteur": "chimie", "type": "rejet", "charts": [{"type": "bar", "title": "Volume annuel (m³) — GRAYMONT (QC) INC.", "labels": ["2001", "2002", "2003", "2004", "2005", "2006", "2007", "2008", "2009", "2010", "2011", "2012", "2013", "2014", "2015", "2016", "2017", "2018", "2019", "2020", "2021", "2022", "2023", "2024"], "values": [467277.0, 466881.0, 470663.0, 452206.0, 448996.0, 440833.0, 375459.0, 347230.0, 343887.0, 355575.0, 337504.0, 356241.0, 317370.0, 323097.0, 302756.0, 313591.0, 321295.0, 343869.0, 337438.0, 336631.0, 363024.0, 392483.0, 395622.0, 398991.0]}, {"type": "line", "title": "Profil mensuel moyen (m³/mois)", "labels": ["Jan", "Fév", "Mar", "Avr", "Mai", "Jun", "Jul", "Aoû", "Sep", "Oct", "Nov", "Déc"], "values": [33747.8, 13541.2, 51052.3, 46132.2, 24220.6, 34768.7, 35424.4, 42282.4, 19429.5, 21084.6, 20207.3, 33480.6]}]}}, {"type": "Feature", "geometry": {"type": "Point", "coordinates": [-73.736058373, 45.4500575607]}, "properties": {"id": "53760070", "nom": "Multibond inc.", "nature": "EGOU", "secteur": "population", "type": "rejet", "charts": [{"type": "bar", "title": "Volume annuel (m³) — Multibond inc.", "labels": ["2001", "2002", "2003", "2004", "2005", "2006", "2007", "2008", "2009", "2010", "2011", "2012", "2013", "2014", "2015", "2016", "2017", "2018", "2019", "2020", "2021", "2022", "2023", "2024", "2025"], "values": [2510.0, 2488.0, 2478.0, 2447.0, 2457.0, 2459.0, 2434.0, 2412.0, 2379.0, 2407.0, 2407.0, 2427.0, 2418.0, 2413.0, 2423.0, 2429.0, 2432.0, 2470.0, 2462.0, 2452.0, 2398.0, 2418.0, 2451.0, 2508.0, 2150.0]}, {"type": "line", "title": "Profil mensuel moyen (m³/mois)", "labels": ["Jan", "Fév", "Mar", "Avr", "Mai", "Jun", "Jul", "Aoû", "Sep", "Oct", "Nov", "Déc"], "values": [199.3, 219.6, 198.6, 238.9, 206.6, 218.1, 221.7, 194.9, 179.9, 197.7, 186.3, 182.4]}]}}, {"type": "Feature", "geometry": {"type": "Point", "coordinates": [-73.128796, 45.519634]}, "properties": {"id": "90540014", "nom": "Unidindon inc.", "nature": "EGOU", "secteur": "population", "type": "rejet", "charts": [{"type": "bar", "title": "Volume annuel (m³) — Unidindon inc.", "labels": ["2001", "2002", "2003", "2004", "2005", "2006", "2007", "2008", "2009", "2010", "2011", "2012", "2013", "2014", "2015", "2016", "2017", "2018", "2019", "2020", "2021", "2022", "2023", "2024", "2025"], "values": [303290.0, 290557.0, 288543.0, 295658.0, 306707.0, 314463.0, 315570.0, 322977.0, 318002.0, 325914.0, 325096.0, 319335.0, 317697.0, 317584.0, 311726.0, 314566.0, 312681.0, 311095.0, 310380.0, 308587.0, 307107.0, 307921.0, 305178.0, 308032.0, 252477.0]}, {"type": "line", "title": "Profil mensuel moyen (m³/mois)", "labels": ["Jan", "Fév", "Mar", "Avr", "Mai", "Jun", "Jul", "Aoû", "Sep", "Oct", "Nov", "Déc"], "values": [24978.1, 26181.0, 26029.4, 27962.3, 26962.1, 25125.0, 24710.8, 21300.3, 25729.6, 27972.7, 27159.4, 26480.7]}]}}, {"type": "Feature", "geometry": {"type": "Point", "coordinates": [-71.6527704, 48.5504607]}, "properties": {"id": "90491556", "nom": "PF RÉSOLU CANADA INC.", "nature": "NATU", "secteur": "papier", "type": "rejet", "charts": [{"type": "bar", "title": "Volume annuel (m³) — PF RÉSOLU CANADA INC.", "labels": ["2001", "2002", "2003", "2004", "2005", "2006", "2007", "2008", "2009", "2010", "2011", "2012", "2013", "2014", "2015", "2016", "2017", "2018", "2019", "2020", "2021", "2022", "2023", "2024"], "values": [26168683.0, 26844885.0, 25271179.0, 21972781.0, 25557933.0, 23502386.0, 23139561.0, 21145642.0, 16018991.0, 17861030.0, 17128820.0, 15453372.0, 13581664.0, 15459808.0, 15458485.0, 14942817.0, 14005847.0, 13648017.0, 11806797.0, 10395180.0, 10685092.0, 11572988.0, 12308876.0, 10685888.0]}, {"type": "line", "title": "Profil mensuel moyen (m³/mois)", "labels": ["Jan", "Fév", "Mar", "Avr", "Mai", "Jun", "Jul", "Aoû", "Sep", "Oct", "Nov", "Déc"], "values": [1483219.7, 1307972.5, 1387551.8, 1252971.0, 1217418.9, 1507523.9, 1776690.3, 1871407.1, 1466490.3, 1383124.4, 1301012.2, 1320314.7]}]}}, {"type": "Feature", "geometry": {"type": "Point", "coordinates": [-72.508369, 45.710721]}, "properties": {"id": "14764807", "nom": "Germain Blanchard ltée", "nature": "NATU", "secteur": "autre", "type": "rejet", "charts": [{"type": "bar", "title": "Volume annuel (m³) — Germain Blanchard ltée", "labels": ["2001", "2002", "2003", "2004", "2005", "2006", "2007", "2008", "2009", "2010", "2011", "2012", "2013", "2014", "2015", "2016", "2017", "2018", "2019", "2020", "2021", "2022", "2023", "2024"], "values": [44621.0, 45160.0, 43964.0, 41528.0, 44534.0, 43004.0, 42343.0, 40779.0, 35791.0, 37984.0, 37802.0, 36940.0, 35310.0, 37897.0, 38796.0, 38661.0, 38554.0, 39518.0, 38164.0, 36196.0, 38028.0, 39057.0, 38752.0, 38299.0]}, {"type": "line", "title": "Profil mensuel moyen (m³/mois)", "labels": ["Jan", "Fév", "Mar", "Avr", "Mai", "Jun", "Jul", "Aoû", "Sep", "Oct", "Nov", "Déc"], "values": [0.0, 0.0, 6854.2, 0.0, 8669.8, 3656.5, 4345.7, 4399.5, 6072.4, 2112.1, 947.1, 2596.2]}]}}, {"type": "Feature", "geometry": {"type": "Point", "coordinates": [-72.375242, 46.385879]}, "properties": {"id": "54469143", "nom": "ARKEMA CANADA INC.", "nature": "NATU", "secteur": "autre", "type": "rejet", "charts": [{"type": "bar", "title": "Volume annuel (m³) — ARKEMA CANADA INC.", "labels": ["2001", "2002", "2003", "2004", "2005", "2006", "2007", "2008", "2009", "2010", "2011", "2012", "2013", "2014", "2015", "2016", "2017", "2018", "2019", "2020", "2021", "2022", "2023", "2024"], "values": [168501.0, 171519.0, 166368.0, 157586.0, 168941.0, 162495.0, 160474.0, 155103.0, 135936.0, 143414.0, 143180.0, 139254.0, 133691.0, 143591.0, 146118.0, 146155.0, 146240.0, 149262.0, 145160.0, 137238.0, 144191.0, 147680.0, 146817.0, 144348.0]}, {"type": "line", "title": "Profil mensuel moyen (m³/mois)", "labels": ["Jan", "Fév", "Mar", "Avr", "Mai", "Jun", "Jul", "Aoû", "Sep", "Oct", "Nov", "Déc"], "values": [11425.9, 10419.2, 11647.6, 9312.0, 12309.9, 14341.6, 15242.0, 14568.7, 14605.9, 12436.0, 11615.1, 12212.2]}]}}, {"type": "Feature", "geometry": {"type": "Point", "coordinates": [-73.5805554, 45.4682589]}, "properties": {"id": "X2185479", "nom": "Amrize Canada Inc.", "nature": "EGOU", "secteur": "population", "type": "rejet", "charts": [{"type": "bar", "title": "Volume annuel (m³) — Amrize Canada Inc.", "labels": ["2001", "2002", "2003", "2004", "2005", "2006", "2007", "2008", "2009", "2010", "2011", "2012", "2013", "2014", "2015", "2016", "2017", "2018", "2019", "2020", "2021", "2022", "2023", "2024", "2025"], "values": [10465.0, 10357.0, 10368.0, 10248.0, 10362.0, 10249.0, 10170.0, 10060.0, 10034.0, 10156.0, 10174.0, 10211.0, 10156.0, 10154.0, 10135.0, 10159.0, 10202.0, 10327.0, 10355.0, 10417.0, 10203.0, 10215.0, 10477.0, 10838.0, 8179.0]}, {"type": "line", "title": "Profil mensuel moyen (m³/mois)", "labels": ["Jan", "Fév", "Mar", "Avr", "Mai", "Jun", "Jul", "Aoû", "Sep", "Oct", "Nov", "Déc"], "values": [0.0, 0.0, 0.0, 0.0, 1169.6, 1281.6, 1248.8, 1231.1, 1310.3, 1659.0, 1400.2, 981.5]}]}}, {"type": "Feature", "geometry": {"type": "Point", "coordinates": [-73.3108333333, 45.30275]}, "properties": {"id": "55134522", "nom": "BAILLARGEON MATÉRIAUX INC.", "nature": "NATU", "secteur": "autre", "type": "rejet", "charts": [{"type": "bar", "title": "Volume annuel (m³) — BAILLARGEON MATÉRIAUX INC.", "labels": ["2001", "2002", "2003", "2004", "2005", "2006", "2007", "2008", "2009", "2010", "2011", "2012", "2013", "2014", "2015", "2016", "2017", "2018", "2019", "2020", "2021", "2022", "2023", "2024", "2025"], "values": [500296.0, 508838.0, 493296.0, 467403.0, 499657.0, 483623.0, 476305.0, 461017.0, 404252.0, 428470.0, 424317.0, 414598.0, 397402.0, 425450.0, 434482.0, 433736.0, 433362.0, 443743.0, 430081.0, 406293.0, 429462.0, 437786.0, 435783.0, 428399.0, 549.0]}, {"type": "line", "title": "Profil mensuel moyen (m³/mois)", "labels": ["Jan", "Fév", "Mar", "Avr", "Mai", "Jun", "Jul", "Aoû", "Sep", "Oct", "Nov", "Déc"], "values": [120.3, 175.3, 21429.5, 44739.1, 21302.3, 8334.3, 12429.5, 18624.0, 9694.3, 6838.6, 2674.8, 234.2]}]}}, {"type": "Feature", "geometry": {"type": "Point", "coordinates": [-72.24295, 46.10307]}, "properties": {"id": "X2162770", "nom": "Emblème Canneberge inc.", "nature": "EGOU", "secteur": "population", "type": "rejet", "charts": [{"type": "bar", "title": "Volume annuel (m³) — Emblème Canneberge inc.", "labels": ["2001", "2002", "2003", "2004", "2005", "2006", "2007", "2008", "2009", "2010", "2011", "2012", "2013", "2014", "2015", "2016", "2017", "2018", "2019", "2020", "2021", "2022", "2023", "2024", "2025"], "values": [13924.0, 13724.0, 13705.0, 13978.0, 13731.0, 13337.0, 13227.0, 13230.0, 12994.0, 12779.0, 12764.0, 13024.0, 13069.0, 12696.0, 12626.0, 12717.0, 12789.0, 13114.0, 12891.0, 13282.0, 13875.0, 13724.0, 13869.0, 14052.0, 12372.0]}, {"type": "line", "title": "Profil mensuel moyen (m³/mois)", "labels": ["Jan", "Fév", "Mar", "Avr", "Mai", "Jun", "Jul", "Aoû", "Sep", "Oct", "Nov", "Déc"], "values": [397.8, 230.2, 322.7, 387.8, 508.7, 525.5, 1078.6, 4179.1, 2352.5, 1700.1, 1337.9, 304.4]}]}}, {"type": "Feature", "geometry": {"type": "Point", "coordinates": [-71.1419342, 46.4964861]}, "properties": {"id": "X2157641", "nom": "LES SPÉCIALITÉS PRODAL (1975) LTÉE", "nature": "EGOU", "secteur": "population", "type": "rejet", "charts": [{"type": "bar", "title": "Volume annuel (m³) — LES SPÉCIALITÉS PRODAL (1975) LTÉE", "labels": ["2001", "2002", "2003", "2004", "2005", "2006", "2007", "2008", "2009", "2010", "2011", "2012", "2013", "2014", "2015", "2016", "2017", "2018", "2019", "2020", "2021", "2022", "2023", "2024", "2025"], "values": [8124.0, 7952.0, 7769.0, 7609.0, 7527.0, 7318.0, 7334.0, 7473.0, 7367.0, 7501.0, 7593.0, 7601.0, 7737.0, 7965.0, 8165.0, 8438.0, 8556.0, 8587.0, 8627.0, 8904.0, 9024.0, 9086.0, 9129.0, 9150.0, 7603.0]}, {"type": "line", "title": "Profil mensuel moyen (m³/mois)", "labels": ["Jan", "Fév", "Mar", "Avr", "Mai", "Jun", "Jul", "Aoû", "Sep", "Oct", "Nov", "Déc"], "values": [694.8, 649.3, 695.9, 673.3, 677.2, 661.0, 685.3, 693.5, 659.0, 689.5, 669.4, 691.7]}]}}, {"type": "Feature", "geometry": {"type": "Point", "coordinates": [-68.4154166, 49.17519444]}, "properties": {"id": "54903323", "nom": "PF RÉSOLU CANADA INC.", "nature": "NATU", "secteur": "papier", "type": "rejet", "charts": [{"type": "bar", "title": "Volume annuel (m³) — PF RÉSOLU CANADA INC.", "labels": ["2001", "2002", "2003", "2004", "2005", "2006", "2007", "2008", "2009", "2010", "2011", "2012", "2013", "2014", "2015", "2016", "2017", "2018", "2019", "2020", "2021", "2022", "2023", "2024"], "values": [130354.0, 133627.0, 125798.0, 109417.0, 127183.0, 116905.0, 115280.0, 105302.0, 79791.0, 88849.0, 85283.0, 76881.0, 67613.0, 76963.0, 76966.0, 74412.0, 69808.0, 67840.0, 58737.0, 51701.0, 53257.0, 57657.0, 61298.0, 53171.0]}, {"type": "line", "title": "Profil mensuel moyen (m³/mois)", "labels": ["Jan", "Fév", "Mar", "Avr", "Mai", "Jun", "Jul", "Aoû", "Sep", "Oct", "Nov", "Déc"], "values": [6232.7, 6370.8, 4998.6, 7956.0, 5753.7, 6903.3, 6051.7, 9234.6, 7605.5, 8684.6, 9208.1, 7004.5]}]}}, {"type": "Feature", "geometry": {"type": "Point", "coordinates": [-73.69898, 45.45618]}, "properties": {"id": "X2150617", "nom": "FRUITS DE MER LAGOON INC.", "nature": "EGOU", "secteur": "population", "type": "rejet", "charts": [{"type": "bar", "title": "Volume annuel (m³) — FRUITS DE MER LAGOON INC.", "labels": ["2001", "2002", "2003", "2004", "2005", "2006", "2007", "2008", "2009", "2010", "2011", "2012", "2013", "2014", "2015", "2016", "2017", "2018", "2019", "2020", "2021", "2022", "2023", "2024", "2025"], "values": [47885.0, 47607.0, 47553.0, 47106.0, 47367.0, 47042.0, 46614.0, 46264.0, 46221.0, 46670.0, 46585.0, 46817.0, 46593.0, 46533.0, 46469.0, 46501.0, 46719.0, 47399.0, 47621.0, 47762.0, 46728.0, 46695.0, 47931.0, 49509.0, 40695.0]}, {"type": "line", "title": "Profil mensuel moyen (m³/mois)", "labels": ["Jan", "Fév", "Mar", "Avr", "Mai", "Jun", "Jul", "Aoû", "Sep", "Oct", "Nov", "Déc"], "values": [4034.1, 3639.8, 4040.2, 3909.3, 3931.3, 3837.3, 3978.3, 4025.5, 3824.7, 4002.3, 3899.7, 4030.3]}]}}, {"type": "Feature", "geometry": {"type": "Point", "coordinates": [-73.436261, 45.56252]}, "properties": {"id": "X2159966", "nom": "BRIDOR INC.", "nature": "EGOU", "secteur": "population", "type": "rejet", "charts": [{"type": "bar", "title": "Volume annuel (m³) — BRIDOR INC.", "labels": ["2001", "2002", "2003", "2004", "2005", "2006", "2007", "2008", "2009", "2010", "2011", "2012", "2013", "2014", "2015", "2016", "2017", "2018", "2019", "2020", "2021", "2022", "2023", "2024", "2025"], "values": [73853.0, 73576.0, 74543.0, 74552.0, 76350.0, 76019.0, 76167.0, 75734.0, 75636.0, 76557.0, 77023.0, 77045.0, 75983.0, 75910.0, 75908.0, 76216.0, 75556.0, 75681.0, 74932.0, 74940.0, 74269.0, 73321.0, 73233.0, 73237.0, 63071.0]}, {"type": "line", "title": "Profil mensuel moyen (m³/mois)", "labels": ["Jan", "Fév", "Mar", "Avr", "Mai", "Jun", "Jul", "Aoû", "Sep", "Oct", "Nov", "Déc"], "values": [3828.1, 4015.4, 4086.0, 4474.7, 5144.3, 12154.3, 9225.3, 6615.8, 7171.8, 8876.3, 5218.7, 4344.1]}]}}, {"type": "Feature", "geometry": {"type": "Point", "coordinates": [-63.4028826822, 50.5464186152]}, "properties": {"id": "90089426", "nom": "Rio Tinto Fer et Titane inc.", "nature": "NATU", "secteur": "mines", "type": "rejet", "charts": [{"type": "bar", "title": "Volume annuel (m³) — Rio Tinto Fer et Titane inc.", "labels": ["2001", "2002", "2003", "2004", "2005", "2006", "2007", "2008", "2009", "2010", "2011", "2012", "2013", "2014", "2015", "2016", "2017", "2018", "2019", "2020", "2021", "2022", "2023", "2024"], "values": [1425665.0, 1353747.0, 1451767.0, 1242580.0, 1140820.0, 1125520.0, 1175455.0, 1207106.0, 1157741.0, 1208904.0, 1298962.0, 1290692.0, 1428561.0, 1650606.0, 1780563.0, 1786311.0, 1893776.0, 2002038.0, 1938601.0, 1869715.0, 1973985.0, 1895304.0, 1984060.0, 2075823.0]}, {"type": "line", "title": "Profil mensuel moyen (m³/mois)", "labels": ["Jan", "Fév", "Mar", "Avr", "Mai", "Jun", "Jul", "Aoû", "Sep", "Oct", "Nov", "Déc"], "values": [23232.5, 18730.5, 27813.9, 41669.0, 39214.0, 30757.0, 39256.1, 37156.7, 15619.6, 11461.2, 19025.0, 7383.8]}]}}, {"type": "Feature", "geometry": {"type": "Point", "coordinates": [-73.92838, 45.68296]}, "properties": {"id": "X2176450", "nom": "LALLEMAND SOLUTIONS SANTÉ INC.", "nature": "EGOU", "secteur": "population", "type": "rejet", "charts": [{"type": "bar", "title": "Volume annuel (m³) — LALLEMAND SOLUTIONS SANTÉ INC.", "labels": ["2001", "2002", "2003", "2004", "2005", "2006", "2007", "2008", "2009", "2010", "2011", "2012", "2013", "2014", "2015", "2016", "2017", "2018", "2019", "2020", "2021", "2022", "2023", "2024", "2025"], "values": [2896.0, 3001.0, 3133.0, 3252.0, 3405.0, 3536.0, 3651.0, 3780.0, 3871.0, 4027.0, 4147.0, 4290.0, 4410.0, 4543.0, 4704.0, 4841.0, 4991.0, 5164.0, 5320.0, 5515.0, 5737.0, 5860.0, 5993.0, 6099.0, 5059.0]}, {"type": "line", "title": "Profil mensuel moyen (m³/mois)", "labels": ["Jan", "Fév", "Mar", "Avr", "Mai", "Jun", "Jul", "Aoû", "Sep", "Oct", "Nov", "Déc"], "values": [561.9, 372.7, 467.8, 435.9, 294.6, 228.5, 319.3, 385.0, 243.8, 391.7, 412.2, 366.9]}]}}, {"type": "Feature", "geometry": {"type": "Point", "coordinates": [-73.59467, 45.948385]}, "properties": {"id": "X2019530", "nom": "GROUPE COLAS QUÉBEC INC.", "nature": "NATU", "secteur": "autre", "type": "rejet", "charts": [{"type": "bar", "title": "Volume annuel (m³) — GROUPE COLAS QUÉBEC INC.", "labels": ["2001", "2002", "2003", "2004", "2005", "2006", "2007", "2008", "2009", "2010", "2011", "2012", "2013", "2014", "2015", "2016", "2017", "2018", "2019", "2020", "2021", "2022", "2023", "2024"], "values": [625560.0, 636778.0, 617509.0, 585421.0, 626605.0, 603384.0, 596048.0, 576202.0, 505159.0, 532603.0, 531515.0, 516972.0, 496578.0, 533131.0, 542408.0, 542524.0, 543150.0, 553827.0, 539078.0, 509386.0, 535426.0, 548321.0, 545010.0, 535464.0]}, {"type": "line", "title": "Profil mensuel moyen (m³/mois)", "labels": ["Jan", "Fév", "Mar", "Avr", "Mai", "Jun", "Jul", "Aoû", "Sep", "Oct", "Nov", "Déc"], "values": [46774.9, 46726.2, 46844.5, 46845.3, 45561.8, 45973.4, 46104.2, 46674.6, 45832.8, 46471.8, 46802.3, 46807.3]}]}}, {"type": "Feature", "geometry": {"type": "Point", "coordinates": [-70.928666, 46.368144]}, "properties": {"id": "55007207", "nom": "CONCORBEC INC.", "nature": "NATU", "secteur": "autre", "type": "rejet", "charts": [{"type": "bar", "title": "Volume annuel (m³) — CONCORBEC INC.", "labels": ["2001", "2002", "2003", "2004", "2005", "2006", "2007", "2008", "2009", "2010", "2011", "2012", "2013", "2014", "2015", "2016", "2017", "2018", "2019", "2020", "2021", "2022", "2023", "2024"], "values": [210157.0, 212555.0, 206728.0, 195287.0, 210693.0, 202082.0, 199585.0, 192051.0, 168008.0, 178485.0, 178253.0, 173590.0, 166328.0, 178634.0, 181836.0, 182217.0, 181863.0, 185831.0, 179818.0, 170627.0, 179677.0, 184261.0, 182998.0, 180508.0]}, {"type": "line", "title": "Profil mensuel moyen (m³/mois)", "labels": ["Jan", "Fév", "Mar", "Avr", "Mai", "Jun", "Jul", "Aoû", "Sep", "Oct", "Nov", "Déc"], "values": [0.0, 0.0, 0.0, 0.0, 30680.9, 24656.8, 31840.7, 31645.6, 24277.3, 29926.2, 13725.4, 0.0]}]}}, {"type": "Feature", "geometry": {"type": "Point", "coordinates": [-72.471365, 45.872454]}, "properties": {"id": "53686440", "nom": "TEXTILES MONTEREY (1996) INC.", "nature": "EGOU", "secteur": "population", "type": "rejet", "charts": [{"type": "bar", "title": "Volume annuel (m³) — TEXTILES MONTEREY (1996) INC.", "labels": ["2001", "2002", "2003", "2004", "2005", "2006", "2007", "2008", "2009", "2010", "2011", "2012", "2013", "2014", "2015", "2016", "2017", "2018", "2019", "2020", "2021", "2022", "2023", "2024", "2025"], "values": [175496.0, 173939.0, 176165.0, 176147.0, 179722.0, 179664.0, 179638.0, 180577.0, 181465.0, 184693.0, 185691.0, 187136.0, 186340.0, 186636.0, 187462.0, 188549.0, 189438.0, 189767.0, 188427.0, 190793.0, 194081.0, 195060.0, 198570.0, 202204.0, 173168.0]}, {"type": "line", "title": "Profil mensuel moyen (m³/mois)", "labels": ["Jan", "Fév", "Mar", "Avr", "Mai", "Jun", "Jul", "Aoû", "Sep", "Oct", "Nov", "Déc"], "values": [15053.4, 13512.4, 15427.1, 17799.9, 20842.4, 19350.4, 11692.4, 17768.6, 12621.3, 16044.1, 13192.7, 12975.3]}]}}, {"type": "Feature", "geometry": {"type": "Point", "coordinates": [-71.57703, 46.704539]}, "properties": {"id": "54386677", "nom": "CONSTRUCTION ET PAVAGE PORTNEUF INC.", "nature": "NATU", "secteur": "autre", "type": "rejet", "charts": [{"type": "bar", "title": "Volume annuel (m³) — CONSTRUCTION ET PAVAGE PORTNEUF INC.", "labels": ["2001", "2002", "2003", "2004", "2005", "2006", "2007", "2008", "2009", "2010", "2011", "2012", "2013", "2014", "2015", "2016", "2017", "2018", "2019", "2020", "2021", "2022", "2023", "2024"], "values": [247.0, 247.0, 241.0, 228.0, 244.0, 238.0, 234.0, 224.0, 197.0, 211.0, 208.0, 204.0, 195.0, 209.0, 214.0, 213.0, 212.0, 218.0, 209.0, 199.0, 210.0, 216.0, 213.0, 212.0]}, {"type": "line", "title": "Profil mensuel moyen (m³/mois)", "labels": ["Jan", "Fév", "Mar", "Avr", "Mai", "Jun", "Jul", "Aoû", "Sep", "Oct", "Nov", "Déc"], "values": [0.0, 0.0, 0.0, 27.9, 98.6, 20.0, 21.4, 19.7, 14.6, 16.2, 0.0, 0.0]}]}}, {"type": "Feature", "geometry": {"type": "Point", "coordinates": [-73.51454434, 45.61513965]}, "properties": {"id": "X2138760", "nom": "Amrize Canada Inc.", "nature": "NATU", "secteur": "metaux", "type": "rejet", "charts": [{"type": "bar", "title": "Volume annuel (m³) — Amrize Canada Inc.", "labels": ["2001", "2002", "2003", "2004", "2005", "2006", "2007", "2008", "2009", "2010", "2011", "2012", "2013", "2014", "2015", "2016", "2017", "2018", "2019", "2020", "2021", "2022", "2023", "2024"], "values": [168390.0, 165851.0, 150844.0, 164951.0, 180142.0, 171449.0, 180354.0, 176371.0, 146658.0, 153046.0, 161613.0, 158160.0, 145905.0, 156654.0, 155535.0, 144309.0, 147418.0, 149971.0, 152723.0, 145277.0, 143519.0, 136793.0, 139438.0, 135599.0]}, {"type": "line", "title": "Profil mensuel moyen (m³/mois)", "labels": ["Jan", "Fév", "Mar", "Avr", "Mai", "Jun", "Jul", "Aoû", "Sep", "Oct", "Nov", "Déc"], "values": [8724.1, 11064.7, 13863.7, 12101.4, 4718.0, 12586.0, 8171.8, 10922.8, 42548.8, 11158.0, 9317.3, 10280.3]}]}}, {"type": "Feature", "geometry": {"type": "Point", "coordinates": [-73.797243, 45.468646]}, "properties": {"id": "90519349", "nom": "Hydro Extrusion Canada, inc.", "nature": "EGOU", "secteur": "population", "type": "rejet", "charts": [{"type": "bar", "title": "Volume annuel (m³) — Hydro Extrusion Canada, inc.", "labels": ["2001", "2002", "2003", "2004", "2005", "2006", "2007", "2008", "2009", "2010", "2011", "2012", "2013", "2014", "2015", "2016", "2017", "2018", "2019", "2020", "2021", "2022", "2023", "2024", "2025"], "values": [12793.0, 12732.0, 12693.0, 12560.0, 12630.0, 12621.0, 12514.0, 12535.0, 12525.0, 12557.0, 12486.0, 12489.0, 12334.0, 12192.0, 12255.0, 12358.0, 12357.0, 12508.0, 12653.0, 12822.0, 12784.0, 12968.0, 13356.0, 13788.0, 12199.0]}, {"type": "line", "title": "Profil mensuel moyen (m³/mois)", "labels": ["Jan", "Fév", "Mar", "Avr", "Mai", "Jun", "Jul", "Aoû", "Sep", "Oct", "Nov", "Déc"], "values": [1073.0, 1074.6, 990.0, 1011.4, 1316.2, 1092.3, 1212.0, 1164.3, 1174.1, 1043.4, 999.2, 539.4]}]}}, {"type": "Feature", "geometry": {"type": "Point", "coordinates": [-72.7688789, 45.3861796]}, "properties": {"id": "54621933", "nom": "EZEFLOW INC.", "nature": "EGOU", "secteur": "population", "type": "rejet", "charts": [{"type": "bar", "title": "Volume annuel (m³) — EZEFLOW INC.", "labels": ["2001", "2002", "2003", "2004", "2005", "2006", "2007", "2008", "2009", "2010", "2011", "2012", "2013", "2014", "2015", "2016", "2017", "2018", "2019", "2020", "2021", "2022", "2023", "2024", "2025"], "values": [36430.0, 36192.0, 36320.0, 36461.0, 37187.0, 37383.0, 37611.0, 37739.0, 37811.0, 38470.0, 38769.0, 39008.0, 38888.0, 38884.0, 38928.0, 39099.0, 39067.0, 39055.0, 38944.0, 39317.0, 39819.0, 39769.0, 40091.0, 40459.0, 32980.0]}, {"type": "line", "title": "Profil mensuel moyen (m³/mois)", "labels": ["Jan", "Fév", "Mar", "Avr", "Mai", "Jun", "Jul", "Aoû", "Sep", "Oct", "Nov", "Déc"], "values": [1995.2, 3530.0, 4340.7, 3024.1, 3041.1, 2902.3, 2775.0, 3098.2, 3387.1, 3501.7, 2896.3, 3970.2]}]}}, {"type": "Feature", "geometry": {"type": "Point", "coordinates": [-74.0911, 45.2376]}, "properties": {"id": "X1605934", "nom": "Produits chimiques Regent ltée", "nature": "NATU", "secteur": "chimie", "type": "rejet", "charts": [{"type": "bar", "title": "Volume annuel (m³) — Produits chimiques Regent ltée", "labels": ["2001", "2002", "2003", "2004", "2005", "2006", "2007", "2008", "2009", "2010", "2011", "2012", "2013", "2014", "2015", "2016", "2017", "2018", "2019", "2020", "2021", "2022", "2023", "2024"], "values": [138539.0, 138252.0, 139485.0, 134164.0, 133040.0, 130692.0, 111422.0, 102847.0, 101786.0, 105361.0, 100167.0, 105553.0, 94167.0, 95789.0, 89864.0, 93018.0, 95477.0, 101824.0, 99903.0, 99744.0, 107459.0, 116511.0, 117549.0, 118492.0]}, {"type": "line", "title": "Profil mensuel moyen (m³/mois)", "labels": ["Jan", "Fév", "Mar", "Avr", "Mai", "Jun", "Jul", "Aoû", "Sep", "Oct", "Nov", "Déc"], "values": [9442.4, 9436.5, 10077.6, 10074.0, 10824.9, 8245.8, 10787.9, 7539.5, 9893.2, 9820.7, 9037.9, 6115.6]}]}}, {"type": "Feature", "geometry": {"type": "Point", "coordinates": [-68.138978, 49.250231]}, "properties": {"id": "90404385", "nom": "ALCOA CANADA CIE", "nature": "NATU", "secteur": "metaux", "type": "rejet", "charts": [{"type": "bar", "title": "Volume annuel (m³) — ALCOA CANADA CIE", "labels": ["2001", "2002", "2003", "2004", "2005", "2006", "2007", "2008", "2009", "2010", "2011", "2012", "2013", "2014", "2015", "2016", "2017", "2018", "2019", "2020", "2021", "2022", "2023", "2024", "2025"], "values": [1136547.0, 1114267.0, 1016726.0, 1109831.0, 1205153.0, 1154418.0, 1208412.0, 1182788.0, 991063.0, 1035044.0, 1084855.0, 1067723.0, 987674.0, 1054324.0, 1039766.0, 971650.0, 987860.0, 1007710.0, 1026932.0, 978274.0, 966471.0, 922866.0, 934297.0, 909458.0, 32888.0]}, {"type": "line", "title": "Profil mensuel moyen (m³/mois)", "labels": ["Jan", "Fév", "Mar", "Avr", "Mai", "Jun", "Jul", "Aoû", "Sep", "Oct", "Nov", "Déc"], "values": [11914.7, 14315.8, 44127.3, 43649.6, 19701.2, 19320.9, 24730.8, 40344.8, 24296.6, 36154.3, 26664.4, 39896.8]}]}}, {"type": "Feature", "geometry": {"type": "Point", "coordinates": [-73.647922669, 45.6264278436]}, "properties": {"id": "X2162263", "nom": "Montpak International inc.", "nature": "EGOU", "secteur": "population", "type": "rejet", "charts": [{"type": "bar", "title": "Volume annuel (m³) — Montpak International inc.", "labels": ["2001", "2002", "2003", "2004", "2005", "2006", "2007", "2008", "2009", "2010", "2011", "2012", "2013", "2014", "2015", "2016", "2017", "2018", "2019", "2020", "2021", "2022", "2023", "2024", "2025"], "values": [29237.0, 29175.0, 29419.0, 29458.0, 29950.0, 30110.0, 30305.0, 30577.0, 30832.0, 31542.0, 31840.0, 32175.0, 32132.0, 32168.0, 32260.0, 32427.0, 32461.0, 32622.0, 32489.0, 32717.0, 32716.0, 32643.0, 32965.0, 33481.0, 27671.0]}, {"type": "line", "title": "Profil mensuel moyen (m³/mois)", "labels": ["Jan", "Fév", "Mar", "Avr", "Mai", "Jun", "Jul", "Aoû", "Sep", "Oct", "Nov", "Déc"], "values": [2691.8, 2515.4, 2695.9, 2608.3, 2623.7, 2560.0, 2654.8, 2686.2, 2551.7, 2671.0, 2600.2, 2687.4]}]}}, {"type": "Feature", "geometry": {"type": "Point", "coordinates": [-74.073414, 45.394119]}, "properties": {"id": "X2124560", "nom": "CIMENT QUÉBEC INC.", "nature": "EGOU", "secteur": "population", "type": "rejet", "charts": [{"type": "bar", "title": "Volume annuel (m³) — CIMENT QUÉBEC INC.", "labels": ["2001", "2002", "2003", "2004", "2005", "2006", "2007", "2008", "2009", "2010", "2011", "2012", "2013", "2014", "2015", "2016", "2017", "2018", "2019", "2020", "2021", "2022", "2023", "2024", "2025"], "values": [6484.0, 6645.0, 6899.0, 7171.0, 7568.0, 8099.0, 8452.0, 8823.0, 9163.0, 9616.0, 10064.0, 10480.0, 10755.0, 10871.0, 10960.0, 11067.0, 11250.0, 11517.0, 11667.0, 12045.0, 12292.0, 12388.0, 12599.0, 12772.0, 11086.0]}, {"type": "line", "title": "Profil mensuel moyen (m³/mois)", "labels": ["Jan", "Fév", "Mar", "Avr", "Mai", "Jun", "Jul", "Aoû", "Sep", "Oct", "Nov", "Déc"], "values": [853.6, 1082.4, 1557.0, 1363.9, 1375.7, 984.5, 355.7, 483.5, 456.8, 263.0, 519.0, 786.6]}]}}, {"type": "Feature", "geometry": {"type": "Point", "coordinates": [-72.6391548979, 45.9070464658]}, "properties": {"id": "90522863", "nom": "EXCAVATION MC. B. M. INC.", "nature": "NATU", "secteur": "autre", "type": "rejet", "charts": [{"type": "bar", "title": "Volume annuel (m³) — EXCAVATION MC. B. M. INC.", "labels": ["2001", "2002", "2003", "2004", "2005", "2006", "2007", "2008", "2009", "2010", "2011", "2012", "2013", "2014", "2015", "2016", "2017", "2018", "2019", "2020", "2021", "2022", "2023", "2024"], "values": [56081.0, 57044.0, 55272.0, 52363.0, 56174.0, 54054.0, 53356.0, 51587.0, 45168.0, 47861.0, 47622.0, 46401.0, 44515.0, 47704.0, 48619.0, 48668.0, 48599.0, 49730.0, 48235.0, 45594.0, 48118.0, 49170.0, 48876.0, 48050.0]}, {"type": "line", "title": "Profil mensuel moyen (m³/mois)", "labels": ["Jan", "Fév", "Mar", "Avr", "Mai", "Jun", "Jul", "Aoû", "Sep", "Oct", "Nov", "Déc"], "values": [0.0, 0.0, 3616.6, 9187.0, 5510.7, 3265.0, 6658.1, 8467.4, 4020.2, 5480.1, 3747.6, 0.0]}]}}, {"type": "Feature", "geometry": {"type": "Point", "coordinates": [-72.961547, 45.644804]}, "properties": {"id": "54716642", "nom": "AGROPUR COOPÉRATIVE", "nature": "EGOU", "secteur": "population", "type": "rejet", "charts": [{"type": "bar", "title": "Volume annuel (m³) — AGROPUR COOPÉRATIVE", "labels": ["2001", "2002", "2003", "2004", "2005", "2006", "2007", "2008", "2009", "2010", "2011", "2012", "2013", "2014", "2015", "2016", "2017", "2018", "2019", "2020", "2021", "2022", "2023", "2024", "2025"], "values": [174945.0, 173251.0, 172953.0, 171209.0, 172941.0, 170996.0, 171520.0, 170964.0, 169654.0, 171947.0, 172046.0, 172943.0, 172436.0, 172830.0, 173131.0, 173877.0, 173445.0, 172344.0, 171335.0, 172933.0, 174647.0, 175801.0, 178463.0, 180619.0, 140691.0]}, {"type": "line", "title": "Profil mensuel moyen (m³/mois)", "labels": ["Jan", "Fév", "Mar", "Avr", "Mai", "Jun", "Jul", "Aoû", "Sep", "Oct", "Nov", "Déc"], "values": [8401.2, 8034.8, 8157.2, 9792.5, 10304.4, 12327.9, 14316.0, 20718.4, 20720.3, 23835.4, 21702.5, 15077.4]}]}}, {"type": "Feature", "geometry": {"type": "Point", "coordinates": [-71.1303111111, 48.4094055556]}, "properties": {"id": "X0000419", "nom": "RIO TINTO ALCAN INC.", "nature": "EGOU", "secteur": "population", "type": "rejet", "charts": [{"type": "bar", "title": "Volume annuel (m³) — RIO TINTO ALCAN INC.", "labels": ["2001", "2002", "2003", "2004", "2005", "2006", "2007", "2008", "2009", "2010", "2011", "2012", "2013", "2014", "2015", "2016", "2017", "2018", "2019", "2020", "2021", "2022", "2023", "2024", "2025"], "values": [13.0, 13.0, 13.0, 12.0, 12.0, 12.0, 12.0, 12.0, 12.0, 12.0, 12.0, 12.0, 12.0, 12.0, 12.0, 12.0, 11.0, 11.0, 11.0, 11.0, 11.0, 11.0, 11.0, 11.0, 9.0]}, {"type": "line", "title": "Profil mensuel moyen (m³/mois)", "labels": ["Jan", "Fév", "Mar", "Avr", "Mai", "Jun", "Jul", "Aoû", "Sep", "Oct", "Nov", "Déc"], "values": [0.6, 0.9, 0.4, 0.9, 1.0, 1.2, 1.1, 1.5, 1.1, 0.9, 1.3, 0.9]}]}}, {"type": "Feature", "geometry": {"type": "Point", "coordinates": [-64.49262479, 48.39273253]}, "properties": {"id": "55007710", "nom": "POISSON SALE GASPESIEN LTÉE", "nature": "EGOU", "secteur": "population", "type": "rejet", "charts": [{"type": "bar", "title": "Volume annuel (m³) — POISSON SALE GASPESIEN LTÉE", "labels": ["2001", "2002", "2003", "2004", "2005", "2006", "2007", "2008", "2009", "2010", "2011", "2012", "2013", "2014", "2015", "2016", "2017", "2018", "2019", "2020", "2021", "2022", "2023", "2024", "2025"], "values": [109140.0, 105002.0, 104452.0, 101536.0, 102607.0, 100356.0, 98938.0, 98661.0, 97790.0, 99516.0, 98335.0, 98054.0, 96355.0, 96755.0, 95611.0, 94055.0, 93195.0, 93421.0, 90110.0, 90999.0, 91437.0, 89378.0, 88532.0, 88965.0, 86888.0]}, {"type": "line", "title": "Profil mensuel moyen (m³/mois)", "labels": ["Jan", "Fév", "Mar", "Avr", "Mai", "Jun", "Jul", "Aoû", "Sep", "Oct", "Nov", "Déc"], "values": [80.3, 140.7, 166.4, 1415.8, 20918.8, 20518.7, 20812.7, 20484.6, 9146.1, 2403.2, 253.1, 76.3]}]}}, {"type": "Feature", "geometry": {"type": "Point", "coordinates": [-73.343941, 45.455233]}, "properties": {"id": "X1606497", "nom": "CONSTRUCTION DJL INC.", "nature": "NATU", "secteur": "autre", "type": "rejet", "charts": [{"type": "bar", "title": "Volume annuel (m³) — CONSTRUCTION DJL INC.", "labels": ["2001", "2002", "2003", "2004", "2005", "2006", "2007", "2008", "2009", "2010", "2011", "2012", "2013", "2014", "2015", "2016", "2017", "2018", "2019", "2020", "2021", "2022", "2023", "2024"], "values": [282623.0, 289188.0, 280048.0, 265525.0, 283437.0, 272484.0, 269865.0, 261080.0, 229151.0, 241031.0, 240435.0, 233114.0, 224359.0, 240873.0, 246256.0, 245353.0, 246436.0, 250511.0, 243632.0, 229501.0, 242387.0, 247197.0, 247101.0, 242288.0]}, {"type": "line", "title": "Profil mensuel moyen (m³/mois)", "labels": ["Jan", "Fév", "Mar", "Avr", "Mai", "Jun", "Jul", "Aoû", "Sep", "Oct", "Nov", "Déc"], "values": [3634.8, 37500.2, 121.8, 26001.6, 6986.1, 6621.1, 3066.1, 7850.2, 22910.2, 5622.8, 1506.2, 4301.3]}]}}, {"type": "Feature", "geometry": {"type": "Point", "coordinates": [-73.5096237026, 45.6283789165]}, "properties": {"id": "53995098", "nom": "GLENCORE CANADA CORPORATION", "nature": "EGOU", "secteur": "population", "type": "rejet", "charts": [{"type": "bar", "title": "Volume annuel (m³) — GLENCORE CANADA CORPORATION", "labels": ["2001", "2002", "2003", "2004", "2005", "2006", "2007", "2008", "2009", "2010", "2011", "2012", "2013", "2014", "2015", "2016", "2017", "2018", "2019", "2020", "2021", "2022", "2023", "2024", "2025"], "values": [4081811.0, 4004549.0, 3859159.0, 4149575.0, 4246647.0, 4217607.0, 4103251.0, 4038317.0, 4026282.0, 4033148.0, 3999089.0, 4039147.0, 3941155.0, 4007401.0, 3964692.0, 4003121.0, 4063910.0, 4066771.0, 4168217.0, 4280206.0, 4447455.0, 4540358.0, 4674481.0, 4866446.0, 4211160.0]}, {"type": "line", "title": "Profil mensuel moyen (m³/mois)", "labels": ["Jan", "Fév", "Mar", "Avr", "Mai", "Jun", "Jul", "Aoû", "Sep", "Oct", "Nov", "Déc"], "values": [62333.5, 63573.8, 65737.6, 60595.4, 74498.5, 72053.0, 83129.1, 87111.8, 69739.3, 70804.6, 67090.0, 60717.3]}]}}, {"type": "Feature", "geometry": {"type": "Point", "coordinates": [-79.1265133794, 48.281553275]}, "properties": {"id": "90336942", "nom": "MINES ABCOURT INC.", "nature": "NATU", "secteur": "mines", "type": "rejet", "charts": [{"type": "bar", "title": "Volume annuel (m³) — MINES ABCOURT INC.", "labels": ["2001", "2002", "2003", "2004", "2005", "2006", "2007", "2008", "2009", "2010", "2011", "2012", "2013", "2014", "2015", "2016", "2017", "2018", "2019", "2020", "2021", "2022", "2023", "2024"], "values": [0.0, 0.0, 0.0, 0.0, 0.0, 0.0, 0.0, 0.0, 0.0, 0.0, 0.0, 0.0, 0.0, 0.0, 0.0, 0.0, 0.0, 0.0, 0.0, 0.0, 0.0, 0.0, 0.0, 0.0]}, {"type": "line", "title": "Profil mensuel moyen (m³/mois)", "labels": ["Jan", "Fév", "Mar", "Avr", "Mai", "Jun", "Jul", "Aoû", "Sep", "Oct", "Nov", "Déc"], "values": [0.0, 0.0, 0.0, 0.0, 0.0, 0.0, 0.0, 0.0, 0.0, 0.0, 0.0, 0.0]}]}}, {"type": "Feature", "geometry": {"type": "Point", "coordinates": [-71.9495457251, 46.0789222661]}, "properties": {"id": "X1700118", "nom": "CASCADES CANADA ULC", "nature": "EGOU", "secteur": "population", "type": "rejet", "charts": [{"type": "bar", "title": "Volume annuel (m³) — CASCADES CANADA ULC", "labels": ["2001", "2002", "2003", "2004", "2005", "2006", "2007", "2008", "2009", "2010", "2011", "2012", "2013", "2014", "2015", "2016", "2017", "2018", "2019", "2020", "2021", "2022", "2023", "2024", "2025"], "values": [1022.0, 1013.0, 1020.0, 1012.0, 1021.0, 1021.0, 1028.0, 1032.0, 1035.0, 1053.0, 1065.0, 1078.0, 1076.0, 1084.0, 1084.0, 1090.0, 1089.0, 1095.0, 1087.0, 1094.0, 1101.0, 1100.0, 1108.0, 1123.0, 927.0]}, {"type": "line", "title": "Profil mensuel moyen (m³/mois)", "labels": ["Jan", "Fév", "Mar", "Avr", "Mai", "Jun", "Jul", "Aoû", "Sep", "Oct", "Nov", "Déc"], "values": [94.6, 82.1, 86.1, 90.9, 83.8, 89.2, 93.3, 90.6, 84.3, 93.9, 85.9, 90.7]}]}}, {"type": "Feature", "geometry": {"type": "Point", "coordinates": [-74.376691, 49.931591]}, "properties": {"id": "24300311", "nom": "LES CHANTIERS DE CHIBOUGAMAU LTÉE", "nature": "NATU", "secteur": "autre", "type": "rejet", "charts": [{"type": "bar", "title": "Volume annuel (m³) — LES CHANTIERS DE CHIBOUGAMAU LTÉE", "labels": ["2001", "2002", "2003", "2004", "2005", "2006", "2007", "2008", "2009", "2010", "2011", "2012", "2013", "2014", "2015", "2016", "2017", "2018", "2019", "2020", "2021", "2022", "2023", "2024"], "values": [536211.0, 545957.0, 529363.0, 501920.0, 537167.0, 517158.0, 510978.0, 493946.0, 433051.0, 456531.0, 455660.0, 443124.0, 425698.0, 457024.0, 464968.0, 465089.0, 465680.0, 474757.0, 462182.0, 436625.0, 459006.0, 470012.0, 467258.0, 458984.0]}, {"type": "line", "title": "Profil mensuel moyen (m³/mois)", "labels": ["Jan", "Fév", "Mar", "Avr", "Mai", "Jun", "Jul", "Aoû", "Sep", "Oct", "Nov", "Déc"], "values": [21277.3, 19787.6, 19838.7, 19936.2, 18781.4, 19102.5, 19708.6, 20052.8, 19895.6, 20424.0, 19153.3, 20965.9]}]}}, {"type": "Feature", "geometry": {"type": "Point", "coordinates": [-72.633344, 48.927788]}, "properties": {"id": "51624534", "nom": "PF RÉSOLU CANADA INC.", "nature": "NATU", "secteur": "papier", "type": "rejet", "charts": [{"type": "bar", "title": "Volume annuel (m³) — PF RÉSOLU CANADA INC.", "labels": ["2001", "2002", "2003", "2004", "2005", "2006", "2007", "2008", "2009", "2010", "2011", "2012", "2013", "2014", "2015", "2016", "2017", "2018", "2019", "2020", "2021", "2022", "2023", "2024"], "values": [8574.0, 8799.0, 8273.0, 7203.0, 8387.0, 7711.0, 7582.0, 6938.0, 5246.0, 5863.0, 5620.0, 5071.0, 4459.0, 5069.0, 5058.0, 4901.0, 4588.0, 4481.0, 3878.0, 3417.0, 3503.0, 3801.0, 4038.0, 3504.0]}, {"type": "line", "title": "Profil mensuel moyen (m³/mois)", "labels": ["Jan", "Fév", "Mar", "Avr", "Mai", "Jun", "Jul", "Aoû", "Sep", "Oct", "Nov", "Déc"], "values": [260.6, 356.3, 394.7, 447.0, 345.5, 432.4, 967.2, 752.2, 225.1, 604.5, 713.6, 166.2]}]}}, {"type": "Feature", "geometry": {"type": "Point", "coordinates": [-73.493855, 45.399218]}, "properties": {"id": "55408538", "nom": "CIMENT QUÉBEC INC.", "nature": "EGOU", "secteur": "population", "type": "rejet", "charts": [{"type": "bar", "title": "Volume annuel (m³) — CIMENT QUÉBEC INC.", "labels": ["2001", "2002", "2003", "2004", "2005", "2006", "2007", "2008", "2009", "2010", "2011", "2012", "2013", "2014", "2015", "2016", "2017", "2018", "2019", "2020", "2021", "2022", "2023", "2024", "2025"], "values": [8915.0, 9011.0, 9200.0, 9383.0, 9742.0, 9856.0, 9941.0, 10004.0, 9957.0, 10129.0, 10300.0, 10315.0, 10235.0, 10189.0, 10147.0, 10224.0, 10367.0, 10701.0, 10818.0, 10954.0, 10894.0, 10841.0, 10974.0, 11018.0, 9277.0]}, {"type": "line", "title": "Profil mensuel moyen (m³/mois)", "labels": ["Jan", "Fév", "Mar", "Avr", "Mai", "Jun", "Jul", "Aoû", "Sep", "Oct", "Nov", "Déc"], "values": [870.5, 827.6, 56.1, 354.5, 299.5, 1399.2, 1764.2, 1020.5, 1352.3, 772.0, 675.8, 802.6]}]}}, {"type": "Feature", "geometry": {"type": "Point", "coordinates": [-72.52321, 46.35881]}, "properties": {"id": "55583157", "nom": "Kruger Wayagamack s.e.c.", "nature": "NATU", "secteur": "papier", "type": "rejet", "charts": [{"type": "bar", "title": "Volume annuel (m³) — Kruger Wayagamack s.e.c.", "labels": ["2001", "2002", "2003", "2004", "2005", "2006", "2007", "2008", "2009", "2010", "2011", "2012", "2013", "2014", "2015", "2016", "2017", "2018", "2019", "2020", "2021", "2022", "2023", "2024"], "values": [52394267.0, 53691964.0, 50572386.0, 43972273.0, 51119078.0, 47054165.0, 46326437.0, 42312608.0, 32059361.0, 35751930.0, 34278775.0, 30934519.0, 27185704.0, 30940491.0, 30951483.0, 29906810.0, 28039813.0, 27299497.0, 23612175.0, 20796551.0, 21384008.0, 23168747.0, 24637425.0, 21391512.0]}, {"type": "line", "title": "Profil mensuel moyen (m³/mois)", "labels": ["Jan", "Fév", "Mar", "Avr", "Mai", "Jun", "Jul", "Aoû", "Sep", "Oct", "Nov", "Déc"], "values": [924024.6, 816450.4, 967584.1, 892391.1, 1004434.9, 993091.9, 1039006.6, 1106832.4, 1010545.6, 942395.4, 938529.5, 889463.3]}]}}, {"type": "Feature", "geometry": {"type": "Point", "coordinates": [-74.3454484292, 45.6500421583]}, "properties": {"id": "90281247", "nom": "CASCADES CANADA ULC", "nature": "NATU", "secteur": "papier", "type": "rejet", "charts": [{"type": "bar", "title": "Volume annuel (m³) — CASCADES CANADA ULC", "labels": ["2001", "2002", "2003", "2004", "2005", "2006", "2007", "2008", "2009", "2010", "2011", "2012", "2013", "2014", "2015", "2016", "2017", "2018", "2019", "2020", "2021", "2022", "2023", "2024"], "values": [1038548.0, 1064671.0, 1002567.0, 872310.0, 1012635.0, 932956.0, 918642.0, 839331.0, 636202.0, 708812.0, 679511.0, 613101.0, 539091.0, 613466.0, 613600.0, 592754.0, 556005.0, 541014.0, 468346.0, 412293.0, 423810.0, 459263.0, 488277.0, 423739.0]}, {"type": "line", "title": "Profil mensuel moyen (m³/mois)", "labels": ["Jan", "Fév", "Mar", "Avr", "Mai", "Jun", "Jul", "Aoû", "Sep", "Oct", "Nov", "Déc"], "values": [63893.4, 62163.9, 58702.7, 57843.8, 56693.9, 52205.0, 50751.8, 55506.5, 52604.9, 51378.3, 58342.5, 65369.4]}]}}, {"type": "Feature", "geometry": {"type": "Point", "coordinates": [-73.92652, 45.68248]}, "properties": {"id": "X1501939", "nom": "LALLEMAND SOLUTIONS SANTÉ INC.", "nature": "EGOU", "secteur": "population", "type": "rejet", "charts": [{"type": "bar", "title": "Volume annuel (m³) — LALLEMAND SOLUTIONS SANTÉ INC.", "labels": ["2001", "2002", "2003", "2004", "2005", "2006", "2007", "2008", "2009", "2010", "2011", "2012", "2013", "2014", "2015", "2016", "2017", "2018", "2019", "2020", "2021", "2022", "2023", "2024", "2025"], "values": [2893.0, 2995.0, 3132.0, 3248.0, 3403.0, 3542.0, 3650.0, 3778.0, 3864.0, 4026.0, 4144.0, 4288.0, 4407.0, 4539.0, 4704.0, 4833.0, 4990.0, 5158.0, 5309.0, 5514.0, 5722.0, 5853.0, 5997.0, 6106.0, 5112.0]}, {"type": "line", "title": "Profil mensuel moyen (m³/mois)", "labels": ["Jan", "Fév", "Mar", "Avr", "Mai", "Jun", "Jul", "Aoû", "Sep", "Oct", "Nov", "Déc"], "values": [413.8, 380.8, 489.3, 469.3, 431.0, 340.6, 399.7, 125.6, 373.6, 311.6, 433.3, 309.3]}]}}, {"type": "Feature", "geometry": {"type": "Point", "coordinates": [-70.95797, 46.62167]}, "properties": {"id": "X1200369", "nom": "EXCELDOR COOPÉRATIVE", "nature": "NATU", "secteur": "agroalimentaire", "type": "rejet", "charts": [{"type": "bar", "title": "Volume annuel (m³) — EXCELDOR COOPÉRATIVE", "labels": ["2001", "2002", "2003", "2004", "2005", "2006", "2007", "2008", "2009", "2010", "2011", "2012", "2013", "2014", "2015", "2016", "2017", "2018", "2019", "2020", "2021", "2022", "2023", "2024"], "values": [628841.0, 618205.0, 597241.0, 612289.0, 629842.0, 624104.0, 644156.0, 676458.0, 682273.0, 690565.0, 682388.0, 657701.0, 666253.0, 717256.0, 756870.0, 764640.0, 786740.0, 781478.0, 782477.0, 764826.0, 819934.0, 851035.0, 856582.0, 851682.0]}, {"type": "line", "title": "Profil mensuel moyen (m³/mois)", "labels": ["Jan", "Fév", "Mar", "Avr", "Mai", "Jun", "Jul", "Aoû", "Sep", "Oct", "Nov", "Déc"], "values": [59836.9, 53930.6, 56809.5, 56761.3, 59956.5, 53375.0, 64925.1, 75096.6, 69862.0, 54857.6, 53171.3, 55744.3]}]}}, {"type": "Feature", "geometry": {"type": "Point", "coordinates": [-73.554, 45.5087]}, "properties": {"id": "53376968", "nom": "E-Z-EM Canada inc.", "nature": "EGOU", "secteur": "population", "type": "rejet", "charts": [{"type": "bar", "title": "Volume annuel (m³) — E-Z-EM Canada inc.", "labels": ["2001", "2002", "2003", "2004", "2005", "2006", "2007", "2008", "2009", "2010", "2011", "2012", "2013", "2014", "2015", "2016", "2017", "2018", "2019", "2020", "2021", "2022", "2023", "2024", "2025"], "values": [8615.0, 8565.0, 8555.0, 8477.0, 8521.0, 8464.0, 8387.0, 8324.0, 8315.0, 8399.0, 8382.0, 8424.0, 8385.0, 8372.0, 8361.0, 8367.0, 8406.0, 8529.0, 8569.0, 8593.0, 8407.0, 8402.0, 8625.0, 8908.0, 7348.0]}, {"type": "line", "title": "Profil mensuel moyen (m³/mois)", "labels": ["Jan", "Fév", "Mar", "Avr", "Mai", "Jun", "Jul", "Aoû", "Sep", "Oct", "Nov", "Déc"], "values": [750.2, 684.3, 686.0, 718.6, 731.1, 641.3, 739.8, 716.1, 671.1, 744.3, 684.3, 716.9]}]}}, {"type": "Feature", "geometry": {"type": "Point", "coordinates": [-73.496388, 45.556334]}, "properties": {"id": "18883116", "nom": "PRATT & WHITNEY CANADA CIE.", "nature": "EGOU", "secteur": "population", "type": "rejet", "charts": [{"type": "bar", "title": "Volume annuel (m³) — PRATT & WHITNEY CANADA CIE.", "labels": ["2001", "2002", "2003", "2004", "2005", "2006", "2007", "2008", "2009", "2010", "2011", "2012", "2013", "2014", "2015", "2016", "2017", "2018", "2019", "2020", "2021", "2022", "2023", "2024", "2025"], "values": [128175.0, 126899.0, 126685.0, 125448.0, 126014.0, 124685.0, 123295.0, 122149.0, 121242.0, 122228.0, 122323.0, 122574.0, 122260.0, 122217.0, 122076.0, 122647.0, 122875.0, 124347.0, 125003.0, 126789.0, 126781.0, 125720.0, 127587.0, 130408.0, 107463.0]}, {"type": "line", "title": "Profil mensuel moyen (m³/mois)", "labels": ["Jan", "Fév", "Mar", "Avr", "Mai", "Jun", "Jul", "Aoû", "Sep", "Oct", "Nov", "Déc"], "values": [9317.6, 10272.1, 10132.6, 10631.1, 9267.9, 10687.6, 12846.4, 11821.9, 9164.4, 9780.1, 9239.7, 11587.3]}]}}, {"type": "Feature", "geometry": {"type": "Point", "coordinates": [-72.71177, 45.39353]}, "properties": {"id": "51313872", "nom": "Bow groupe de plomberie inc.", "nature": "EGOU", "secteur": "population", "type": "rejet", "charts": [{"type": "bar", "title": "Volume annuel (m³) — Bow groupe de plomberie inc.", "labels": ["2001", "2002", "2003", "2004", "2005", "2006", "2007", "2008", "2009", "2010", "2011", "2012", "2013", "2014", "2015", "2016", "2017", "2018", "2019", "2020", "2021", "2022", "2023", "2024", "2025"], "values": [42525.0, 42214.0, 42366.0, 42542.0, 43398.0, 43589.0, 43897.0, 44013.0, 44083.0, 44861.0, 45260.0, 45518.0, 45387.0, 45372.0, 45425.0, 45652.0, 45618.0, 45546.0, 45421.0, 45869.0, 46484.0, 46458.0, 46806.0, 47227.0, 38173.0]}, {"type": "line", "title": "Profil mensuel moyen (m³/mois)", "labels": ["Jan", "Fév", "Mar", "Avr", "Mai", "Jun", "Jul", "Aoû", "Sep", "Oct", "Nov", "Déc"], "values": [2682.6, 2908.3, 4733.9, 2687.5, 3737.3, 3065.1, 3301.8, 3959.0, 4241.6, 5294.3, 4594.5, 3672.8]}]}}, {"type": "Feature", "geometry": {"type": "Point", "coordinates": [-73.514648, 45.629656]}, "properties": {"id": "90307828", "nom": "CHIMIE PARACHEM S.E.C.", "nature": "EGOU", "secteur": "population", "type": "rejet", "charts": [{"type": "bar", "title": "Volume annuel (m³) — CHIMIE PARACHEM S.E.C.", "labels": ["2001", "2002", "2003", "2004", "2005", "2006", "2007", "2008", "2009", "2010", "2011", "2012", "2013", "2014", "2015", "2016", "2017", "2018", "2019", "2020", "2021", "2022", "2023", "2024", "2025"], "values": [1555297.0, 1526588.0, 1470968.0, 1579314.0, 1618401.0, 1608155.0, 1561361.0, 1538809.0, 1534909.0, 1539279.0, 1522256.0, 1540354.0, 1500687.0, 1526303.0, 1510815.0, 1524783.0, 1544363.0, 1552801.0, 1588412.0, 1631620.0, 1695158.0, 1727974.0, 1777788.0, 1854141.0, 1714364.0]}, {"type": "line", "title": "Profil mensuel moyen (m³/mois)", "labels": ["Jan", "Fév", "Mar", "Avr", "Mai", "Jun", "Jul", "Aoû", "Sep", "Oct", "Nov", "Déc"], "values": [45278.9, 72240.2, 74491.3, 81285.6, 74103.0, 79696.4, 91203.4, 114560.6, 54525.5, 33384.6, 36711.3, 40505.9]}]}}, {"type": "Feature", "geometry": {"type": "Point", "coordinates": [-72.7765259064, 45.3265409103]}, "properties": {"id": "53287967", "nom": "GROUPE COLAS QUÉBEC INC.", "nature": "NATU", "secteur": "autre", "type": "rejet", "charts": [{"type": "bar", "title": "Volume annuel (m³) — GROUPE COLAS QUÉBEC INC.", "labels": ["2001", "2002", "2003", "2004", "2005", "2006", "2007", "2008", "2009", "2010", "2011", "2012", "2013", "2014", "2015", "2016", "2017", "2018", "2019", "2020", "2021", "2022", "2023", "2024"], "values": [411411.0, 416944.0, 404997.0, 383179.0, 410061.0, 395958.0, 390137.0, 376378.0, 330626.0, 350761.0, 348441.0, 340493.0, 325969.0, 349501.0, 357182.0, 356723.0, 354855.0, 364949.0, 352796.0, 334082.0, 351052.0, 360396.0, 356321.0, 352189.0]}, {"type": "line", "title": "Profil mensuel moyen (m³/mois)", "labels": ["Jan", "Fév", "Mar", "Avr", "Mai", "Jun", "Jul", "Aoû", "Sep", "Oct", "Nov", "Déc"], "values": [47347.2, 26418.7, 38329.5, 5347.8, 71674.5, 17079.0, 38701.2, 63588.3, 26875.0, 19191.9, 11088.6, 0.0]}]}}, {"type": "Feature", "geometry": {"type": "Point", "coordinates": [-74.2373225236, 45.5792657866]}, "properties": {"id": "X2092214", "nom": "TRANSPORT RICHARD FOUCAULT INC.", "nature": "NATU", "secteur": "autre", "type": "rejet", "charts": [{"type": "bar", "title": "Volume annuel (m³) — TRANSPORT RICHARD FOUCAULT INC.", "labels": ["2001", "2002", "2003", "2004", "2005", "2006", "2007", "2008", "2009", "2010", "2011", "2012", "2013", "2014", "2015", "2016", "2017", "2018", "2019", "2020", "2021", "2022", "2023", "2024"], "values": [62935.0, 64146.0, 62150.0, 58823.0, 63203.0, 60630.0, 59864.0, 57919.0, 50733.0, 53593.0, 53501.0, 52036.0, 49922.0, 53609.0, 54583.0, 54642.0, 54551.0, 55876.0, 54255.0, 51298.0, 53917.0, 55193.0, 54822.0, 53946.0]}, {"type": "line", "title": "Profil mensuel moyen (m³/mois)", "labels": ["Jan", "Fév", "Mar", "Avr", "Mai", "Jun", "Jul", "Aoû", "Sep", "Oct", "Nov", "Déc"], "values": [2695.0, 2649.3, 3570.4, 3472.8, 3664.6, 5099.9, 8009.5, 9195.4, 5683.1, 4881.3, 4892.9, 2275.2]}]}}, {"type": "Feature", "geometry": {"type": "Point", "coordinates": [-73.491164, 45.633769]}, "properties": {"id": "51474831", "nom": "PRODUITS SUNCOR ÉNERGIE, S.E.N.C.", "nature": "NATU", "secteur": "chimie", "type": "rejet", "charts": [{"type": "bar", "title": "Volume annuel (m³) — PRODUITS SUNCOR ÉNERGIE, S.E.N.C.", "labels": ["2001", "2002", "2003", "2004", "2005", "2006", "2007", "2008", "2009", "2010", "2011", "2012", "2013", "2014", "2015", "2016", "2017", "2018", "2019", "2020", "2021", "2022", "2023", "2024"], "values": [3712576.0, 3703651.0, 3737180.0, 3589264.0, 3567410.0, 3497770.0, 2982210.0, 2753221.0, 2725437.0, 2820198.0, 2681881.0, 2826868.0, 2519686.0, 2565712.0, 2405910.0, 2491831.0, 2554271.0, 2728533.0, 2675282.0, 2671893.0, 2880936.0, 3120253.0, 3145125.0, 3173639.0]}, {"type": "line", "title": "Profil mensuel moyen (m³/mois)", "labels": ["Jan", "Fév", "Mar", "Avr", "Mai", "Jun", "Jul", "Aoû", "Sep", "Oct", "Nov", "Déc"], "values": [217023.9, 183199.1, 228032.3, 223602.1, 254253.6, 287476.6, 299425.2, 321568.3, 259920.3, 253837.8, 229216.0, 222892.3]}]}}, {"type": "Feature", "geometry": {"type": "Point", "coordinates": [-72.341066, 48.591778]}, "properties": {"id": "27518588", "nom": "ALBERT PERRON INC.", "nature": "EGOU", "secteur": "population", "type": "rejet", "charts": [{"type": "bar", "title": "Volume annuel (m³) — ALBERT PERRON INC.", "labels": ["2001", "2002", "2003", "2004", "2005", "2006", "2007", "2008", "2009", "2010", "2011", "2012", "2013", "2014", "2015", "2016", "2017", "2018", "2019", "2020", "2021", "2022", "2023", "2024", "2025"], "values": [9744.0, 9463.0, 9462.0, 9314.0, 9299.0, 9214.0, 9152.0, 9182.0, 9108.0, 9195.0, 9247.0, 9049.0, 9003.0, 8885.0, 8984.0, 8946.0, 8639.0, 8605.0, 8586.0, 8623.0, 8776.0, 8756.0, 8780.0, 8775.0, 7029.0]}, {"type": "line", "title": "Profil mensuel moyen (m³/mois)", "labels": ["Jan", "Fév", "Mar", "Avr", "Mai", "Jun", "Jul", "Aoû", "Sep", "Oct", "Nov", "Déc"], "values": [0.0, 834.5, 1483.8, 873.9, 680.1, 647.4, 642.2, 759.3, 710.1, 734.4, 895.5, 757.7]}]}}, {"type": "Feature", "geometry": {"type": "Point", "coordinates": [-65.7381776035, 49.2349139115]}, "properties": {"id": "28643864", "nom": "Cusimer (1991) inc.", "nature": "NATU", "secteur": "autre", "type": "rejet", "charts": [{"type": "bar", "title": "Volume annuel (m³) — Cusimer (1991) inc.", "labels": ["2001", "2002", "2003", "2004", "2005", "2006", "2007", "2008", "2009", "2010", "2011", "2012", "2013", "2014", "2015", "2016", "2017", "2018", "2019", "2020", "2021", "2022", "2023", "2024"], "values": [4558.0, 4606.0, 4490.0, 4214.0, 4565.0, 4397.0, 4315.0, 4168.0, 3652.0, 3879.0, 3848.0, 3762.0, 3590.0, 3867.0, 3943.0, 3938.0, 3917.0, 4034.0, 3886.0, 3698.0, 3895.0, 3973.0, 3945.0, 3911.0]}, {"type": "line", "title": "Profil mensuel moyen (m³/mois)", "labels": ["Jan", "Fév", "Mar", "Avr", "Mai", "Jun", "Jul", "Aoû", "Sep", "Oct", "Nov", "Déc"], "values": [0.0, 0.0, 0.0, 508.1, 760.7, 953.0, 545.5, 778.2, 498.2, 0.0, 0.0, 0.0]}]}}, {"type": "Feature", "geometry": {"type": "Point", "coordinates": [-73.633611, 45.343214]}, "properties": {"id": "X2142298", "nom": "GROUPE COLAS QUÉBEC INC.", "nature": "NATU", "secteur": "autre", "type": "rejet", "charts": [{"type": "bar", "title": "Volume annuel (m³) — GROUPE COLAS QUÉBEC INC.", "labels": ["2001", "2002", "2003", "2004", "2005", "2006", "2007", "2008", "2009", "2010", "2011", "2012", "2013", "2014", "2015", "2016", "2017", "2018", "2019", "2020", "2021", "2022", "2023", "2024"], "values": [617837.0, 630811.0, 610447.0, 579943.0, 617244.0, 596506.0, 588519.0, 570116.0, 500505.0, 527825.0, 525468.0, 511158.0, 491569.0, 526693.0, 537357.0, 536604.0, 536137.0, 548969.0, 534196.0, 503949.0, 528087.0, 542044.0, 537600.0, 528337.0]}, {"type": "line", "title": "Profil mensuel moyen (m³/mois)", "labels": ["Jan", "Fév", "Mar", "Avr", "Mai", "Jun", "Jul", "Aoû", "Sep", "Oct", "Nov", "Déc"], "values": [131652.5, 45172.2, 50299.4, 46321.5, 50487.4, 670.7, 44026.4, 47833.5, 29199.4, 18190.1, 40034.0, 47276.2]}]}}, {"type": "Feature", "geometry": {"type": "Point", "coordinates": [-73.863462, 45.581936]}, "properties": {"id": "25427956", "nom": "Amrize Canada Inc.", "nature": "NATU", "secteur": "metaux", "type": "rejet", "charts": [{"type": "bar", "title": "Volume annuel (m³) — Amrize Canada Inc.", "labels": ["2001", "2002", "2003", "2004", "2005", "2006", "2007", "2008", "2009", "2010", "2011", "2012", "2013", "2014", "2015", "2016", "2017", "2018", "2019", "2020", "2021", "2022", "2023", "2024"], "values": [4217337.0, 4124710.0, 3753181.0, 4123486.0, 4488872.0, 4303288.0, 4520807.0, 4415848.0, 3670768.0, 3839712.0, 4037762.0, 3969358.0, 3666635.0, 3927615.0, 3862280.0, 3605632.0, 3682024.0, 3741374.0, 3829422.0, 3643242.0, 3596339.0, 3432402.0, 3480417.0, 3378678.0]}, {"type": "line", "title": "Profil mensuel moyen (m³/mois)", "labels": ["Jan", "Fév", "Mar", "Avr", "Mai", "Jun", "Jul", "Aoû", "Sep", "Oct", "Nov", "Déc"], "values": [287262.1, 261513.2, 480200.5, 458249.0, 272822.2, 264666.1, 183526.7, 182122.4, 175717.7, 569573.1, 369118.6, 383194.5]}]}}, {"type": "Feature", "geometry": {"type": "Point", "coordinates": [-73.5202710205, 45.6541629677]}, "properties": {"id": "X0000237", "nom": "Tékalia Aéronautik (2010) inc.", "nature": "EGOU", "secteur": "population", "type": "rejet", "charts": [{"type": "bar", "title": "Volume annuel (m³) — Tékalia Aéronautik (2010) inc.", "labels": ["2001", "2002", "2003", "2004", "2005", "2006", "2007", "2008", "2009", "2010", "2011", "2012", "2013", "2014", "2015", "2016", "2017", "2018", "2019", "2020", "2021", "2022", "2023", "2024", "2025"], "values": [15979.0, 15866.0, 15855.0, 15714.0, 15789.0, 15694.0, 15559.0, 15430.0, 15415.0, 15568.0, 15540.0, 15617.0, 15549.0, 15524.0, 15500.0, 15513.0, 15596.0, 15795.0, 15874.0, 15924.0, 15591.0, 15585.0, 15995.0, 16516.0, 13563.0]}, {"type": "line", "title": "Profil mensuel moyen (m³/mois)", "labels": ["Jan", "Fév", "Mar", "Avr", "Mai", "Jun", "Jul", "Aoû", "Sep", "Oct", "Nov", "Déc"], "values": [1535.9, 1151.9, 1177.0, 1421.9, 1556.6, 1203.3, 1114.5, 1132.5, 1198.4, 1590.4, 1459.6, 1185.6]}]}}, {"type": "Feature", "geometry": {"type": "Point", "coordinates": [-71.9312155133, 45.7594821207]}, "properties": {"id": "X2114868", "nom": "CANARDS DU LAC BROME LTÉE", "nature": "EGOU", "secteur": "population", "type": "rejet", "charts": [{"type": "bar", "title": "Volume annuel (m³) — CANARDS DU LAC BROME LTÉE", "labels": ["2001", "2002", "2003", "2004", "2005", "2006", "2007", "2008", "2009", "2010", "2011", "2012", "2013", "2014", "2015", "2016", "2017", "2018", "2019", "2020", "2021", "2022", "2023", "2024", "2025"], "values": [157108.0, 155066.0, 153632.0, 153444.0, 155546.0, 154670.0, 152947.0, 152562.0, 153078.0, 157371.0, 156172.0, 154693.0, 152052.0, 148893.0, 146276.0, 144329.0, 143810.0, 143923.0, 144062.0, 144135.0, 148623.0, 149637.0, 151073.0, 151417.0, 119464.0]}, {"type": "line", "title": "Profil mensuel moyen (m³/mois)", "labels": ["Jan", "Fév", "Mar", "Avr", "Mai", "Jun", "Jul", "Aoû", "Sep", "Oct", "Nov", "Déc"], "values": [12279.2, 13303.6, 13304.0, 13338.4, 12912.3, 11993.1, 11400.5, 7607.2, 10689.2, 14781.4, 15443.5, 13880.0]}]}}, {"type": "Feature", "geometry": {"type": "Point", "coordinates": [-73.830793, 45.623688]}, "properties": {"id": "90209529", "nom": "Signify Canada Ltée", "nature": "EGOU", "secteur": "population", "type": "rejet", "charts": [{"type": "bar", "title": "Volume annuel (m³) — Signify Canada Ltée", "labels": ["2001", "2002", "2003", "2004", "2005", "2006", "2007", "2008", "2009", "2010", "2011", "2012", "2013", "2014", "2015", "2016", "2017", "2018", "2019", "2020", "2021", "2022", "2023", "2024", "2025"], "values": [20995.0, 20590.0, 20378.0, 20173.0, 20179.0, 19923.0, 19761.0, 19491.0, 19409.0, 19588.0, 19577.0, 19607.0, 19357.0, 19217.0, 19275.0, 18906.0, 18546.0, 18570.0, 18673.0, 19076.0, 19596.0, 19582.0, 19738.0, 19854.0, 18063.0]}, {"type": "line", "title": "Profil mensuel moyen (m³/mois)", "labels": ["Jan", "Fév", "Mar", "Avr", "Mai", "Jun", "Jul", "Aoû", "Sep", "Oct", "Nov", "Déc"], "values": [1566.4, 2057.5, 1649.5, 1677.3, 1765.9, 1484.2, 1650.4, 2278.7, 1938.2, 1787.0, 908.1, 831.6]}]}}, {"type": "Feature", "geometry": {"type": "Point", "coordinates": [-72.32647, 45.555701]}, "properties": {"id": "X2180067", "nom": "BOMBARDIER PRODUITS RÉCRÉATIFS INC.", "nature": "NATU", "secteur": "autre", "type": "rejet", "charts": [{"type": "bar", "title": "Volume annuel (m³) — BOMBARDIER PRODUITS RÉCRÉATIFS INC.", "labels": ["2001", "2002", "2003", "2004", "2005", "2006", "2007", "2008", "2009", "2010", "2011", "2012", "2013", "2014", "2015", "2016", "2017", "2018", "2019", "2020", "2021", "2022", "2023", "2024"], "values": [44609.0, 45672.0, 44171.0, 42105.0, 44706.0, 42983.0, 42684.0, 41238.0, 36270.0, 37970.0, 38020.0, 36800.0, 35542.0, 38175.0, 38762.0, 38748.0, 38976.0, 39532.0, 38732.0, 36369.0, 38161.0, 39118.0, 38964.0, 38113.0]}, {"type": "line", "title": "Profil mensuel moyen (m³/mois)", "labels": ["Jan", "Fév", "Mar", "Avr", "Mai", "Jun", "Jul", "Aoû", "Sep", "Oct", "Nov", "Déc"], "values": [1287.4, 6251.8, 18.8, 61.5, 72.0, 64.4, 64.6, 68.8, 880.2, 1155.7, 66.9, 3291.5]}]}}, {"type": "Feature", "geometry": {"type": "Point", "coordinates": [-72.5264798708, 45.8705305432]}, "properties": {"id": "21677661", "nom": "Les aliments trans gras inc.", "nature": "EGOU", "secteur": "population", "type": "rejet", "charts": [{"type": "bar", "title": "Volume annuel (m³) — Les aliments trans gras inc.", "labels": ["2001", "2002", "2003", "2004", "2005", "2006", "2007", "2008", "2009", "2010", "2011", "2012", "2013", "2014", "2015", "2016", "2017", "2018", "2019", "2020", "2021", "2022", "2023", "2024", "2025"], "values": [11799.0, 11727.0, 11860.0, 11879.0, 12096.0, 12083.0, 12089.0, 12159.0, 12216.0, 12427.0, 12514.0, 12589.0, 12552.0, 12562.0, 12630.0, 12698.0, 12763.0, 12787.0, 12707.0, 12853.0, 13041.0, 13136.0, 13377.0, 13608.0, 11301.0]}, {"type": "line", "title": "Profil mensuel moyen (m³/mois)", "labels": ["Jan", "Fév", "Mar", "Avr", "Mai", "Jun", "Jul", "Aoû", "Sep", "Oct", "Nov", "Déc"], "values": [1291.8, 1241.2, 1030.5, 687.3, 1154.1, 799.7, 1052.4, 1030.5, 1050.9, 1115.0, 1069.6, 1018.7]}]}}, {"type": "Feature", "geometry": {"type": "Point", "coordinates": [-72.4828862466, 45.8833633938]}, "properties": {"id": "X2003586", "nom": "Felix Schoeller Inc.", "nature": "EGOU", "secteur": "population", "type": "rejet", "charts": [{"type": "bar", "title": "Volume annuel (m³) — Felix Schoeller Inc.", "labels": ["2001", "2002", "2003", "2004", "2005", "2006", "2007", "2008", "2009", "2010", "2011", "2012", "2013", "2014", "2015", "2016", "2017", "2018", "2019", "2020", "2021", "2022", "2023", "2024", "2025"], "values": [518309.0, 513955.0, 520641.0, 520518.0, 531505.0, 530204.0, 530636.0, 533060.0, 535577.0, 544621.0, 548937.0, 552555.0, 550234.0, 551442.0, 553946.0, 557177.0, 560107.0, 560451.0, 556650.0, 563809.0, 572820.0, 576494.0, 586963.0, 597744.0, 505264.0]}, {"type": "line", "title": "Profil mensuel moyen (m³/mois)", "labels": ["Jan", "Fév", "Mar", "Avr", "Mai", "Jun", "Jul", "Aoû", "Sep", "Oct", "Nov", "Déc"], "values": [43319.7, 48893.7, 48126.6, 15570.6, 54692.1, 59947.4, 39273.0, 48535.9, 54388.5, 54596.5, 48759.0, 34158.4]}]}}, {"type": "Feature", "geometry": {"type": "Point", "coordinates": [-74.065099, 45.190418]}, "properties": {"id": "90389719", "nom": "BAU-VAL INC.", "nature": "NATU", "secteur": "autre", "type": "rejet", "charts": [{"type": "bar", "title": "Volume annuel (m³) — BAU-VAL INC.", "labels": ["2001", "2002", "2003", "2004", "2005", "2006", "2007", "2008", "2009", "2010", "2011", "2012", "2013", "2014", "2015", "2016", "2017", "2018", "2019", "2020", "2021", "2022", "2023", "2024"], "values": [2486964.0, 2530247.0, 2453955.0, 2324231.0, 2490550.0, 2397059.0, 2366925.0, 2288334.0, 2007137.0, 2117514.0, 2110996.0, 2055805.0, 1972241.0, 2117824.0, 2156015.0, 2156107.0, 2155675.0, 2202574.0, 2141032.0, 2023277.0, 2129730.0, 2178579.0, 2163894.0, 2128058.0]}, {"type": "line", "title": "Profil mensuel moyen (m³/mois)", "labels": ["Jan", "Fév", "Mar", "Avr", "Mai", "Jun", "Jul", "Aoû", "Sep", "Oct", "Nov", "Déc"], "values": [23569.8, 190533.0, 223934.4, 221096.4, 194723.7, 196609.2, 186547.4, 265479.7, 178128.7, 168108.6, 157251.7, 208797.3]}]}}, {"type": "Feature", "geometry": {"type": "Point", "coordinates": [-73.971475, 46.630564]}, "properties": {"id": "X2197434", "nom": "Nouveau Monde Graphite inc.", "nature": "NATU", "secteur": "mines", "type": "rejet", "charts": [{"type": "bar", "title": "Volume annuel (m³) — Nouveau Monde Graphite inc.", "labels": ["2001", "2002", "2003", "2004", "2005", "2006", "2007", "2008", "2009", "2010", "2011", "2012", "2013", "2014", "2015", "2016", "2017", "2018", "2019", "2020", "2021", "2022", "2023", "2024"], "values": [48214.0, 45753.0, 49111.0, 41982.0, 38655.0, 37913.0, 39880.0, 40832.0, 39173.0, 40671.0, 43840.0, 43526.0, 48154.0, 55778.0, 60009.0, 60299.0, 64369.0, 67147.0, 65278.0, 62748.0, 67252.0, 63844.0, 67310.0, 70042.0]}, {"type": "line", "title": "Profil mensuel moyen (m³/mois)", "labels": ["Jan", "Fév", "Mar", "Avr", "Mai", "Jun", "Jul", "Aoû", "Sep", "Oct", "Nov", "Déc"], "values": [0.0, 0.0, 3938.9, 7640.8, 1436.6, 4455.1, 0.0, 2805.9, 2873.0, 3136.7, 0.0, 0.0]}]}}, {"type": "Feature", "geometry": {"type": "Point", "coordinates": [-70.863, 46.60125]}, "properties": {"id": "21589635", "nom": "Soucy Belgen Sainte-Claire inc.", "nature": "EGOU", "secteur": "population", "type": "rejet", "charts": [{"type": "bar", "title": "Volume annuel (m³) — Soucy Belgen Sainte-Claire inc.", "labels": ["2001", "2002", "2003", "2004", "2005", "2006", "2007", "2008", "2009", "2010", "2011", "2012", "2013", "2014", "2015", "2016", "2017", "2018", "2019", "2020", "2021", "2022", "2023", "2024", "2025"], "values": [7098.0, 7016.0, 7019.0, 6811.0, 6875.0, 6734.0, 6769.0, 6765.0, 6676.0, 6940.0, 7057.0, 6996.0, 6874.0, 6884.0, 6874.0, 6861.0, 6879.0, 6962.0, 6911.0, 7012.0, 7050.0, 7132.0, 7159.0, 7248.0, 6739.0]}, {"type": "line", "title": "Profil mensuel moyen (m³/mois)", "labels": ["Jan", "Fév", "Mar", "Avr", "Mai", "Jun", "Jul", "Aoû", "Sep", "Oct", "Nov", "Déc"], "values": [139.9, 74.7, 88.5, 181.9, 733.6, 764.7, 2131.9, 867.4, 953.5, 580.1, 273.7, 161.1]}]}}, {"type": "Feature", "geometry": {"type": "Point", "coordinates": [-73.4605111, 46.0075361]}, "properties": {"id": "90212291", "nom": "GRAYMONT (QC) INC.", "nature": "NATU", "secteur": "chimie", "type": "rejet", "charts": [{"type": "bar", "title": "Volume annuel (m³) — GRAYMONT (QC) INC.", "labels": ["2001", "2002", "2003", "2004", "2005", "2006", "2007", "2008", "2009", "2010", "2011", "2012", "2013", "2014", "2015", "2016", "2017", "2018", "2019", "2020", "2021", "2022", "2023", "2024"], "values": [410587.0, 414962.0, 417717.0, 400212.0, 403551.0, 394008.0, 331547.0, 308205.0, 301329.0, 315693.0, 300679.0, 315237.0, 281207.0, 286381.0, 267630.0, 277223.0, 284375.0, 307876.0, 300682.0, 301927.0, 317657.0, 346379.0, 354571.0, 357883.0]}, {"type": "line", "title": "Profil mensuel moyen (m³/mois)", "labels": ["Jan", "Fév", "Mar", "Avr", "Mai", "Jun", "Jul", "Aoû", "Sep", "Oct", "Nov", "Déc"], "values": [0.0, 0.0, 0.0, 0.0, 0.0, 78041.9, 185199.0, 0.0, 69989.1, 0.0, 0.0, 0.0]}]}}, {"type": "Feature", "geometry": {"type": "Point", "coordinates": [-72.537841, 45.893164]}, "properties": {"id": "X2142020", "nom": "SOUCY PLASTIQUES INC.", "nature": "EGOU", "secteur": "population", "type": "rejet", "charts": [{"type": "bar", "title": "Volume annuel (m³) — SOUCY PLASTIQUES INC.", "labels": ["2001", "2002", "2003", "2004", "2005", "2006", "2007", "2008", "2009", "2010", "2011", "2012", "2013", "2014", "2015", "2016", "2017", "2018", "2019", "2020", "2021", "2022", "2023", "2024", "2025"], "values": [90955.0, 90701.0, 91609.0, 91592.0, 93738.0, 93268.0, 93174.0, 93917.0, 94154.0, 95946.0, 96636.0, 97121.0, 96785.0, 96928.0, 97369.0, 98005.0, 98372.0, 98968.0, 98212.0, 99386.0, 100700.0, 101263.0, 103355.0, 105183.0, 94540.0]}, {"type": "line", "title": "Profil mensuel moyen (m³/mois)", "labels": ["Jan", "Fév", "Mar", "Avr", "Mai", "Jun", "Jul", "Aoû", "Sep", "Oct", "Nov", "Déc"], "values": [8874.2, 6315.6, 4259.7, 6863.6, 4417.2, 9739.6, 16305.8, 12856.1, 10166.3, 7509.2, 6535.2, 3014.4]}]}}, {"type": "Feature", "geometry": {"type": "Point", "coordinates": [-72.923481, 45.348567]}, "properties": {"id": "X2056596", "nom": "BAU-VAL INC.", "nature": "NATU", "secteur": "autre", "type": "rejet", "charts": [{"type": "bar", "title": "Volume annuel (m³) — BAU-VAL INC.", "labels": ["2001", "2002", "2003", "2004", "2005", "2006", "2007", "2008", "2009", "2010", "2011", "2012", "2013", "2014", "2015", "2016", "2017", "2018", "2019", "2020", "2021", "2022", "2023", "2024"], "values": [443802.0, 449895.0, 436912.0, 414063.0, 444075.0, 430313.0, 422401.0, 408057.0, 356357.0, 380216.0, 377235.0, 367735.0, 353079.0, 377699.0, 385234.0, 384970.0, 384427.0, 394195.0, 381278.0, 361894.0, 378835.0, 389583.0, 387698.0, 381903.0]}, {"type": "line", "title": "Profil mensuel moyen (m³/mois)", "labels": ["Jan", "Fév", "Mar", "Avr", "Mai", "Jun", "Jul", "Aoû", "Sep", "Oct", "Nov", "Déc"], "values": [0.0, 0.0, 0.0, 67121.6, 84323.4, 29911.2, 86244.7, 29879.0, 31302.9, 34599.2, 32112.0, 0.0]}]}}, {"type": "Feature", "geometry": {"type": "Point", "coordinates": [-73.710363319, 45.4955096409]}, "properties": {"id": "X0007798", "nom": "GROUPE D'EMBOUTEILLAGE PEPSI (CANADA), SRI", "nature": "EGOU", "secteur": "population", "type": "rejet", "charts": [{"type": "bar", "title": "Volume annuel (m³) — GROUPE D'EMBOUTEILLAGE PEPSI (CANADA), S", "labels": ["2001", "2002", "2003", "2004", "2005", "2006", "2007", "2008", "2009", "2010", "2011", "2012", "2013", "2014", "2015", "2016", "2017", "2018", "2019", "2020", "2021", "2022", "2023", "2024", "2025"], "values": [103471.0, 102748.0, 102707.0, 101666.0, 102310.0, 101556.0, 100620.0, 99693.0, 99628.0, 100820.0, 100628.0, 101184.0, 100613.0, 100478.0, 100510.0, 100503.0, 100865.0, 102481.0, 102736.0, 103078.0, 100858.0, 100876.0, 103553.0, 107104.0, 87868.0]}, {"type": "line", "title": "Profil mensuel moyen (m³/mois)", "labels": ["Jan", "Fév", "Mar", "Avr", "Mai", "Jun", "Jul", "Aoû", "Sep", "Oct", "Nov", "Déc"], "values": [4940.6, 6209.0, 8290.8, 4078.4, 11918.2, 7773.7, 10570.7, 10532.3, 10989.1, 9375.1, 4523.6, 12626.7]}]}}, {"type": "Feature", "geometry": {"type": "Point", "coordinates": [-69.636647, 47.682235]}, "properties": {"id": "90265059", "nom": "ALIMENTS ASTA INC.", "nature": "EGOU", "secteur": "population", "type": "rejet", "charts": [{"type": "bar", "title": "Volume annuel (m³) — ALIMENTS ASTA INC.", "labels": ["2001", "2002", "2003", "2004", "2005", "2006", "2007", "2008", "2009", "2010", "2011", "2012", "2013", "2014", "2015", "2016", "2017", "2018", "2019", "2020", "2021", "2022", "2023", "2024", "2025"], "values": [141682.0, 138371.0, 137509.0, 136870.0, 138368.0, 139081.0, 139321.0, 140539.0, 143452.0, 146750.0, 147826.0, 149348.0, 151466.0, 149091.0, 149126.0, 145418.0, 147519.0, 146497.0, 146156.0, 150615.0, 153002.0, 156393.0, 158545.0, 165487.0, 136641.0]}, {"type": "line", "title": "Profil mensuel moyen (m³/mois)", "labels": ["Jan", "Fév", "Mar", "Avr", "Mai", "Jun", "Jul", "Aoû", "Sep", "Oct", "Nov", "Déc"], "values": [12998.0, 11577.8, 12364.5, 14333.0, 11213.2, 10813.1, 13570.0, 12404.0, 12503.2, 10572.4, 12550.5, 12297.0]}]}}, {"type": "Feature", "geometry": {"type": "Point", "coordinates": [-73.0452111111, 45.07641]}, "properties": {"id": "X1606081", "nom": "Omya Canada inc.", "nature": "NATU", "secteur": "autre", "type": "rejet", "charts": [{"type": "bar", "title": "Volume annuel (m³) — Omya Canada inc.", "labels": ["2001", "2002", "2003", "2004", "2005", "2006", "2007", "2008", "2009", "2010", "2011", "2012", "2013", "2014", "2015", "2016", "2017", "2018", "2019", "2020", "2021", "2022", "2023", "2024"], "values": [740865.0, 757508.0, 732763.0, 694902.0, 745077.0, 718745.0, 705980.0, 685308.0, 599516.0, 635275.0, 631107.0, 614972.0, 590298.0, 632753.0, 643085.0, 643605.0, 642195.0, 661509.0, 642702.0, 607263.0, 634451.0, 649862.0, 646877.0, 636039.0]}, {"type": "line", "title": "Profil mensuel moyen (m³/mois)", "labels": ["Jan", "Fév", "Mar", "Avr", "Mai", "Jun", "Jul", "Aoû", "Sep", "Oct", "Nov", "Déc"], "values": [48156.5, 34768.7, 75142.1, 90402.6, 42119.8, 52138.6, 142701.8, 77395.5, 19740.5, 16390.4, 16540.6, 46697.2]}]}}, {"type": "Feature", "geometry": {"type": "Point", "coordinates": [-73.710617, 46.222583]}, "properties": {"id": "X2091632", "nom": "Les Sables La-Ro ltée", "nature": "NATU", "secteur": "autre", "type": "rejet", "charts": [{"type": "bar", "title": "Volume annuel (m³) — Les Sables La-Ro ltée", "labels": ["2001", "2002", "2003", "2004", "2005", "2006", "2007", "2008", "2009", "2010", "2011", "2012", "2013", "2014", "2015", "2016", "2017", "2018", "2019", "2020", "2021", "2022", "2023", "2024"], "values": [25554.0, 25370.0, 24966.0, 23499.0, 24974.0, 24584.0, 24083.0, 22937.0, 20204.0, 21768.0, 21459.0, 21077.0, 20100.0, 21468.0, 22411.0, 22047.0, 21919.0, 22440.0, 21304.0, 20401.0, 21466.0, 22310.0, 22030.0, 22010.0]}, {"type": "line", "title": "Profil mensuel moyen (m³/mois)", "labels": ["Jan", "Fév", "Mar", "Avr", "Mai", "Jun", "Jul", "Aoû", "Sep", "Oct", "Nov", "Déc"], "values": [0.0, 0.0, 0.0, 0.0, 15336.4, 0.0, 0.0, 0.0, 7179.7, 0.0, 0.0, 0.0]}]}}, {"type": "Feature", "geometry": {"type": "Point", "coordinates": [-66.781654, 50.037758]}, "properties": {"id": "54136049", "nom": "ArcelorMittal Exploitation Minière Canada s.e.n.c.", "nature": "NATU", "secteur": "mines", "type": "rejet", "charts": [{"type": "bar", "title": "Volume annuel (m³) — ArcelorMittal Exploitation Minière Canad", "labels": ["2001", "2002", "2003", "2004", "2005", "2006", "2007", "2008", "2009", "2010", "2011", "2012", "2013", "2014", "2015", "2016", "2017", "2018", "2019", "2020", "2021", "2022", "2023", "2024"], "values": [3350647.0, 3182175.0, 3410889.0, 2927098.0, 2683043.0, 2635916.0, 2769075.0, 2834073.0, 2717867.0, 2830061.0, 3058375.0, 3028168.0, 3359832.0, 3881985.0, 4183768.0, 4203184.0, 4474341.0, 4688562.0, 4556612.0, 4384302.0, 4644665.0, 4461828.0, 4679958.0, 4877372.0]}, {"type": "line", "title": "Profil mensuel moyen (m³/mois)", "labels": ["Jan", "Fév", "Mar", "Avr", "Mai", "Jun", "Jul", "Aoû", "Sep", "Oct", "Nov", "Déc"], "values": [223428.1, 199864.2, 263152.0, 265761.7, 345323.0, 243720.1, 335859.9, 328742.9, 330968.8, 500833.3, 300744.1, 320926.4]}]}}, {"type": "Feature", "geometry": {"type": "Point", "coordinates": [-73.0443758973, 45.0810613633]}, "properties": {"id": "29516895", "nom": "CONCASSAGE METHE INC.", "nature": "NATU", "secteur": "autre", "type": "rejet", "charts": [{"type": "bar", "title": "Volume annuel (m³) — CONCASSAGE METHE INC.", "labels": ["2001", "2002", "2003", "2004", "2005", "2006", "2007", "2008", "2009", "2010", "2011", "2012", "2013", "2014", "2015", "2016", "2017", "2018", "2019", "2020", "2021", "2022", "2023", "2024"], "values": [105185.0, 106917.0, 103685.0, 98572.0, 105112.0, 101284.0, 100344.0, 96762.0, 84871.0, 89404.0, 89428.0, 86896.0, 83585.0, 89623.0, 91242.0, 91262.0, 91578.0, 92857.0, 90570.0, 85476.0, 89993.0, 92355.0, 91774.0, 89957.0]}, {"type": "line", "title": "Profil mensuel moyen (m³/mois)", "labels": ["Jan", "Fév", "Mar", "Avr", "Mai", "Jun", "Jul", "Aoû", "Sep", "Oct", "Nov", "Déc"], "values": [4647.9, 5363.5, 10631.4, 5294.3, 9293.7, 2999.2, 4405.6, 4245.7, 8422.5, 13535.8, 11137.9, 13719.5]}]}}, {"type": "Feature", "geometry": {"type": "Point", "coordinates": [-71.211601, 46.829899]}, "properties": {"id": "55033559", "nom": "SOCIÉTÉ EN COMMANDITE STADACONA WB", "nature": "NATU", "secteur": "papier", "type": "rejet", "charts": [{"type": "bar", "title": "Volume annuel (m³) — SOCIÉTÉ EN COMMANDITE STADACONA WB", "labels": ["2001", "2002", "2003", "2004", "2005", "2006", "2007", "2008", "2009", "2010", "2011", "2012", "2013", "2014", "2015", "2016", "2017", "2018", "2019", "2020", "2021", "2022", "2023", "2024"], "values": [54989218.0, 56354109.0, 53076223.0, 46184800.0, 53655522.0, 49417572.0, 48658194.0, 44439401.0, 33662122.0, 37533954.0, 35991805.0, 32475262.0, 28554033.0, 32489092.0, 32475804.0, 31389182.0, 29454150.0, 28644817.0, 24797790.0, 21836896.0, 22444653.0, 24324178.0, 25877787.0, 22452046.0]}, {"type": "line", "title": "Profil mensuel moyen (m³/mois)", "labels": ["Jan", "Fév", "Mar", "Avr", "Mai", "Jun", "Jul", "Aoû", "Sep", "Oct", "Nov", "Déc"], "values": [3097649.5, 3023276.5, 3284508.5, 2998374.5, 3072268.4, 3029206.7, 3254621.6, 2771836.8, 2858571.1, 3233140.9, 3106486.2, 2569168.1]}]}}, {"type": "Feature", "geometry": {"type": "Point", "coordinates": [-72.5544444444, 45.6436111111]}, "properties": {"id": "11626611", "nom": "CARRIÈRE D'ACTON VALE LTÉE", "nature": "NATU", "secteur": "autre", "type": "rejet", "charts": [{"type": "bar", "title": "Volume annuel (m³) — CARRIÈRE D'ACTON VALE LTÉE", "labels": ["2001", "2002", "2003", "2004", "2005", "2006", "2007", "2008", "2009", "2010", "2011", "2012", "2013", "2014", "2015", "2016", "2017", "2018", "2019", "2020", "2021", "2022", "2023", "2024"], "values": [219.0, 223.0, 216.0, 204.0, 219.0, 210.0, 208.0, 201.0, 177.0, 186.0, 186.0, 181.0, 173.0, 186.0, 189.0, 190.0, 189.0, 194.0, 189.0, 178.0, 188.0, 191.0, 189.0, 187.0]}, {"type": "line", "title": "Profil mensuel moyen (m³/mois)", "labels": ["Jan", "Fév", "Mar", "Avr", "Mai", "Jun", "Jul", "Aoû", "Sep", "Oct", "Nov", "Déc"], "values": [10.8, 16.0, 27.4, 9.8, 5.2, 14.3, 17.0, 48.3, 4.3, 10.5, 1.8, 29.3]}]}}, {"type": "Feature", "geometry": {"type": "Point", "coordinates": [-73.5231913, 45.6158971]}, "properties": {"id": "90310707", "nom": "Amrize Canada Inc.", "nature": "NATU", "secteur": "metaux", "type": "rejet", "charts": [{"type": "bar", "title": "Volume annuel (m³) — Amrize Canada Inc.", "labels": ["2001", "2002", "2003", "2004", "2005", "2006", "2007", "2008", "2009", "2010", "2011", "2012", "2013", "2014", "2015", "2016", "2017", "2018", "2019", "2020", "2021", "2022", "2023", "2024"], "values": [1867309.0, 1827057.0, 1661114.0, 1815863.0, 1981579.0, 1899017.0, 1985748.0, 1944884.0, 1622776.0, 1705903.0, 1780228.0, 1761034.0, 1617096.0, 1731957.0, 1715193.0, 1596809.0, 1611729.0, 1669068.0, 1691344.0, 1610362.0, 1591025.0, 1515983.0, 1525854.0, 1494215.0]}, {"type": "line", "title": "Profil mensuel moyen (m³/mois)", "labels": ["Jan", "Fév", "Mar", "Avr", "Mai", "Jun", "Jul", "Aoû", "Sep", "Oct", "Nov", "Déc"], "values": [21380.5, 169210.4, 272082.9, 183055.8, 219961.5, 62153.3, 148199.3, 460248.5, 53794.7, 41780.9, 6166.4, 79596.8]}]}}, {"type": "Feature", "geometry": {"type": "Point", "coordinates": [-73.695013, 45.513772]}, "properties": {"id": "53859047", "nom": "BOMBARDIER INC.", "nature": "EGOU", "secteur": "population", "type": "rejet", "charts": [{"type": "bar", "title": "Volume annuel (m³) — BOMBARDIER INC.", "labels": ["2001", "2002", "2003", "2004", "2005", "2006", "2007", "2008", "2009", "2010", "2011", "2012", "2013", "2014", "2015", "2016", "2017", "2018", "2019", "2020", "2021", "2022", "2023", "2024", "2025"], "values": [158100.0, 157196.0, 157020.0, 155539.0, 156399.0, 155323.0, 153912.0, 152765.0, 152625.0, 154086.0, 153812.0, 154564.0, 153831.0, 153643.0, 153432.0, 153529.0, 154260.0, 156494.0, 157235.0, 157701.0, 154283.0, 154166.0, 158255.0, 163463.0, 134448.0]}, {"type": "line", "title": "Profil mensuel moyen (m³/mois)", "labels": ["Jan", "Fév", "Mar", "Avr", "Mai", "Jun", "Jul", "Aoû", "Sep", "Oct", "Nov", "Déc"], "values": [6534.1, 6527.2, 6544.0, 6543.7, 6367.6, 6423.2, 6443.8, 6520.2, 6402.0, 6482.6, 6527.6, 6528.0]}]}}, {"type": "Feature", "geometry": {"type": "Point", "coordinates": [-72.527116, 46.381728]}, "properties": {"id": "55113039", "nom": "OLYMEL S.E.C.", "nature": "EGOU", "secteur": "population", "type": "rejet", "charts": [{"type": "bar", "title": "Volume annuel (m³) — OLYMEL S.E.C.", "labels": ["2001", "2002", "2003", "2004", "2005", "2006", "2007", "2008", "2009", "2010", "2011", "2012", "2013", "2014", "2015", "2016", "2017", "2018", "2019", "2020", "2021", "2022", "2023", "2024", "2025"], "values": [45281.0, 44651.0, 44677.0, 44452.0, 44935.0, 44784.0, 44838.0, 44796.0, 44704.0, 45268.0, 45265.0, 45290.0, 44847.0, 44767.0, 44709.0, 44786.0, 44724.0, 44600.0, 44373.0, 44953.0, 45248.0, 45607.0, 46208.0, 47275.0, 39776.0]}, {"type": "line", "title": "Profil mensuel moyen (m³/mois)", "labels": ["Jan", "Fév", "Mar", "Avr", "Mai", "Jun", "Jul", "Aoû", "Sep", "Oct", "Nov", "Déc"], "values": [3546.7, 4090.5, 2792.1, 3200.5, 3705.0, 3683.1, 4182.2, 4263.6, 4219.3, 4499.8, 4052.6, 2874.1]}]}}, {"type": "Feature", "geometry": {"type": "Point", "coordinates": [-72.374972, 46.383104]}, "properties": {"id": "53579330", "nom": "AIR LIQUIDE CANADA INC.", "nature": "NATU", "secteur": "autre", "type": "rejet", "charts": [{"type": "bar", "title": "Volume annuel (m³) — AIR LIQUIDE CANADA INC.", "labels": ["2001", "2002", "2003", "2004", "2005", "2006", "2007", "2008", "2009", "2010", "2011", "2012", "2013", "2014", "2015", "2016", "2017", "2018", "2019", "2020", "2021", "2022", "2023", "2024"], "values": [21460.0, 21820.0, 21176.0, 20038.0, 21526.0, 20695.0, 20425.0, 19736.0, 17287.0, 18266.0, 18225.0, 17736.0, 17016.0, 18279.0, 18595.0, 18608.0, 18606.0, 19009.0, 18464.0, 17473.0, 18368.0, 18802.0, 18695.0, 18395.0]}, {"type": "line", "title": "Profil mensuel moyen (m³/mois)", "labels": ["Jan", "Fév", "Mar", "Avr", "Mai", "Jun", "Jul", "Aoû", "Sep", "Oct", "Nov", "Déc"], "values": [979.1, 1145.6, 1156.9, 1415.2, 1798.1, 2206.9, 2297.9, 2206.0, 1879.7, 1690.3, 1389.7, 947.2]}]}}, {"type": "Feature", "geometry": {"type": "Point", "coordinates": [-75.472273, 45.582843]}, "properties": {"id": "51559045", "nom": "CELANESE CANADA ULC", "nature": "EGOU", "secteur": "population", "type": "rejet", "charts": [{"type": "bar", "title": "Volume annuel (m³) — CELANESE CANADA ULC", "labels": ["2001", "2002", "2003", "2004", "2005", "2006", "2007", "2008", "2009", "2010", "2011", "2012", "2013", "2014", "2015", "2016", "2017", "2018", "2019", "2020", "2021", "2022", "2023", "2024", "2025"], "values": [644739.0, 663699.0, 681290.0, 677404.0, 721356.0, 744247.0, 756087.0, 778538.0, 797058.0, 848958.0, 837521.0, 817598.0, 865601.0, 874973.0, 882927.0, 877214.0, 881984.0, 891557.0, 894111.0, 930843.0, 963876.0, 1001078.0, 1026663.0, 1053615.0, 967677.0]}, {"type": "line", "title": "Profil mensuel moyen (m³/mois)", "labels": ["Jan", "Fév", "Mar", "Avr", "Mai", "Jun", "Jul", "Aoû", "Sep", "Oct", "Nov", "Déc"], "values": [64933.5, 59822.2, 72574.6, 58196.4, 75577.9, 83504.9, 107902.4, 87758.0, 76906.8, 80274.6, 51614.7, 27315.9]}]}}, {"type": "Feature", "geometry": {"type": "Point", "coordinates": [-78.516685, 48.260879]}, "properties": {"id": "90518259", "nom": "IAMGOLD CORPORATION", "nature": "NATU", "secteur": "autre", "type": "rejet", "charts": [{"type": "bar", "title": "Volume annuel (m³) — IAMGOLD CORPORATION", "labels": ["2001", "2002", "2003", "2004", "2005", "2006", "2007", "2008", "2009", "2010", "2011", "2012", "2013", "2014", "2015", "2016", "2017", "2018", "2019", "2020", "2021", "2022", "2023", "2024"], "values": [6539.0, 6634.0, 6444.0, 6091.0, 6552.0, 6313.0, 6213.0, 6007.0, 5259.0, 5571.0, 5547.0, 5406.0, 5181.0, 5565.0, 5662.0, 5665.0, 5652.0, 5795.0, 5617.0, 5327.0, 5589.0, 5729.0, 5685.0, 5606.0]}, {"type": "line", "title": "Profil mensuel moyen (m³/mois)", "labels": ["Jan", "Fév", "Mar", "Avr", "Mai", "Jun", "Jul", "Aoû", "Sep", "Oct", "Nov", "Déc"], "values": [170.6, 138.5, 256.1, 468.6, 763.4, 762.5, 849.6, 761.2, 441.7, 389.5, 546.1, 271.0]}]}}, {"type": "Feature", "geometry": {"type": "Point", "coordinates": [-78.060719139, 48.1096704614]}, "properties": {"id": "X2108923", "nom": "MINES AGNICO EAGLE LIMITÉE", "nature": "NATU", "secteur": "mines", "type": "rejet", "charts": [{"type": "bar", "title": "Volume annuel (m³) — MINES AGNICO EAGLE LIMITÉE", "labels": ["2001", "2002", "2003", "2004", "2005", "2006", "2007", "2008", "2009", "2010", "2011", "2012", "2013", "2014", "2015", "2016", "2017", "2018", "2019", "2020", "2021", "2022", "2023", "2024"], "values": [6155851.0, 5857474.0, 6275685.0, 5366788.0, 4937205.0, 4841149.0, 5072936.0, 5203305.0, 4991105.0, 5208291.0, 5614322.0, 5568034.0, 6160375.0, 7121817.0, 7701815.0, 7725506.0, 8189525.0, 8649480.0, 8365084.0, 8056723.0, 8537990.0, 8185601.0, 8580509.0, 8973360.0]}, {"type": "line", "title": "Profil mensuel moyen (m³/mois)", "labels": ["Jan", "Fév", "Mar", "Avr", "Mai", "Jun", "Jul", "Aoû", "Sep", "Oct", "Nov", "Déc"], "values": [135281.7, 286533.4, 532030.7, 659800.0, 643724.2, 567810.1, 894195.3, 1209534.5, 854481.1, 495921.2, 325581.8, 117603.2]}]}}, {"type": "Feature", "geometry": {"type": "Point", "coordinates": [-71.273027, 46.817109]}, "properties": {"id": "X2133234", "nom": "Nutriart S.E.C.", "nature": "EGOU", "secteur": "population", "type": "rejet", "charts": [{"type": "bar", "title": "Volume annuel (m³) — Nutriart S.E.C.", "labels": ["2001", "2002", "2003", "2004", "2005", "2006", "2007", "2008", "2009", "2010", "2011", "2012", "2013", "2014", "2015", "2016", "2017", "2018", "2019", "2020", "2021", "2022", "2023", "2024", "2025"], "values": [26911.0, 26664.0, 26670.0, 26471.0, 26679.0, 26619.0, 26636.0, 26686.0, 26726.0, 27113.0, 27208.0, 27288.0, 27100.0, 27052.0, 27045.0, 27075.0, 27051.0, 27086.0, 27003.0, 27223.0, 27241.0, 27381.0, 27882.0, 28504.0, 23823.0]}, {"type": "line", "title": "Profil mensuel moyen (m³/mois)", "labels": ["Jan", "Fév", "Mar", "Avr", "Mai", "Jun", "Jul", "Aoû", "Sep", "Oct", "Nov", "Déc"], "values": [1989.3, 2226.4, 2471.0, 2152.4, 2404.6, 2269.0, 2197.9, 2462.0, 2183.7, 2447.9, 2305.3, 1987.8]}]}}, {"type": "Feature", "geometry": {"type": "Point", "coordinates": [-73.6074525259, 45.4591425672]}, "properties": {"id": "90400854", "nom": "ArcelorMittal Produits longs Canada s.e.n.c.", "nature": "NATU", "secteur": "mines", "type": "rejet", "charts": [{"type": "bar", "title": "Volume annuel (m³) — ArcelorMittal Produits longs Canada s.e.", "labels": ["2001", "2002", "2003", "2004", "2005", "2006", "2007", "2008", "2009", "2010", "2011", "2012", "2013", "2014", "2015", "2016", "2017", "2018", "2019", "2020", "2021", "2022", "2023", "2024"], "values": [216337.0, 205669.0, 220413.0, 189048.0, 173208.0, 170376.0, 178744.0, 183234.0, 175776.0, 182897.0, 197429.0, 195565.0, 216899.0, 250646.0, 270314.0, 271319.0, 288670.0, 302993.0, 294372.0, 283318.0, 299828.0, 287940.0, 301907.0, 314831.0]}, {"type": "line", "title": "Profil mensuel moyen (m³/mois)", "labels": ["Jan", "Fév", "Mar", "Avr", "Mai", "Jun", "Jul", "Aoû", "Sep", "Oct", "Nov", "Déc"], "values": [19227.5, 15121.2, 20745.9, 22855.2, 20936.9, 16852.9, 19872.5, 20117.4, 20638.9, 22982.0, 21061.3, 15910.6]}]}}, {"type": "Feature", "geometry": {"type": "Point", "coordinates": [-73.551397, 45.375647]}, "properties": {"id": "55488266", "nom": "STELLA-JONES INC.", "nature": "EGOU", "secteur": "population", "type": "rejet", "charts": [{"type": "bar", "title": "Volume annuel (m³) — STELLA-JONES INC.", "labels": ["2001", "2002", "2003", "2004", "2005", "2006", "2007", "2008", "2009", "2010", "2011", "2012", "2013", "2014", "2015", "2016", "2017", "2018", "2019", "2020", "2021", "2022", "2023", "2024", "2025"], "values": [94501.0, 93585.0, 93750.0, 92804.0, 93848.0, 94730.0, 94444.0, 94501.0, 94177.0, 94353.0, 93330.0, 93562.0, 92136.0, 91635.0, 91102.0, 90235.0, 90310.0, 93952.0, 95559.0, 96741.0, 98333.0, 98087.0, 98992.0, 98505.0, 93100.0]}, {"type": "line", "title": "Profil mensuel moyen (m³/mois)", "labels": ["Jan", "Fév", "Mar", "Avr", "Mai", "Jun", "Jul", "Aoû", "Sep", "Oct", "Nov", "Déc"], "values": [17820.0, 14652.2, 14679.5, 13174.8, 5990.1, 4185.8, 4579.0, 5500.8, 4523.5, 2530.0, 3576.2, 3314.6]}]}}, {"type": "Feature", "geometry": {"type": "Point", "coordinates": [-73.731251, 45.472268]}, "properties": {"id": "X2106576", "nom": "BOMBARDIER INC.", "nature": "EGOU", "secteur": "population", "type": "rejet", "charts": [{"type": "bar", "title": "Volume annuel (m³) — BOMBARDIER INC.", "labels": ["2001", "2002", "2003", "2004", "2005", "2006", "2007", "2008", "2009", "2010", "2011", "2012", "2013", "2014", "2015", "2016", "2017", "2018", "2019", "2020", "2021", "2022", "2023", "2024", "2025"], "values": [31091.0, 30825.0, 30698.0, 30311.0, 30426.0, 30438.0, 30145.0, 29869.0, 29458.0, 29800.0, 29814.0, 30057.0, 29946.0, 29877.0, 30025.0, 30090.0, 30122.0, 30585.0, 30493.0, 30357.0, 29704.0, 29956.0, 30350.0, 31059.0, 26120.0]}, {"type": "line", "title": "Profil mensuel moyen (m³/mois)", "labels": ["Jan", "Fév", "Mar", "Avr", "Mai", "Jun", "Jul", "Aoû", "Sep", "Oct", "Nov", "Déc"], "values": [2498.6, 2495.9, 2502.4, 2558.5, 2489.6, 2511.3, 2547.0, 2577.3, 2530.6, 2506.7, 2524.3, 2524.5]}]}}, {"type": "Feature", "geometry": {"type": "Point", "coordinates": [-72.877076, 45.58604]}, "properties": {"id": "23155971", "nom": "LES CARRIERES DE SAINT-DOMINIQUE LTÉE", "nature": "NATU", "secteur": "autre", "type": "rejet", "charts": [{"type": "bar", "title": "Volume annuel (m³) — LES CARRIERES DE SAINT-DOMINIQUE LTÉE", "labels": ["2001", "2002", "2003", "2004", "2005", "2006", "2007", "2008", "2009", "2010", "2011", "2012", "2013", "2014", "2015", "2016", "2017", "2018", "2019", "2020", "2021", "2022", "2023", "2024"], "values": [1289221.0, 1313473.0, 1273824.0, 1205524.0, 1291429.0, 1241608.0, 1227071.0, 1185782.0, 1040517.0, 1097554.0, 1094593.0, 1065267.0, 1021845.0, 1097554.0, 1119714.0, 1118449.0, 1118424.0, 1142451.0, 1109322.0, 1047712.0, 1104054.0, 1128313.0, 1122348.0, 1104092.0]}, {"type": "line", "title": "Profil mensuel moyen (m³/mois)", "labels": ["Jan", "Fév", "Mar", "Avr", "Mai", "Jun", "Jul", "Aoû", "Sep", "Oct", "Nov", "Déc"], "values": [137265.9, 74817.1, 111218.7, 101028.9, 101587.5, 94024.8, 84083.2, 141319.6, 145304.6, 70619.0, 33231.1, 53838.6]}]}}, {"type": "Feature", "geometry": {"type": "Point", "coordinates": [-75.624444, 45.564722]}, "properties": {"id": "90414673", "nom": "CONSTRUCTION DJL INC.", "nature": "NATU", "secteur": "autre", "type": "rejet", "charts": [{"type": "bar", "title": "Volume annuel (m³) — CONSTRUCTION DJL INC.", "labels": ["2001", "2002", "2003", "2004", "2005", "2006", "2007", "2008", "2009", "2010", "2011", "2012", "2013", "2014", "2015", "2016", "2017", "2018", "2019", "2020", "2021", "2022", "2023", "2024"], "values": [127772.0, 130511.0, 126381.0, 120118.0, 128083.0, 123988.0, 121979.0, 118293.0, 103767.0, 109401.0, 108725.0, 106486.0, 101852.0, 109115.0, 110920.0, 110877.0, 110977.0, 113654.0, 110808.0, 104510.0, 109600.0, 112056.0, 111456.0, 109338.0]}, {"type": "line", "title": "Profil mensuel moyen (m³/mois)", "labels": ["Jan", "Fév", "Mar", "Avr", "Mai", "Jun", "Jul", "Aoû", "Sep", "Oct", "Nov", "Déc"], "values": [0.0, 0.0, 56920.6, 16748.9, 6537.9, 6786.5, 11838.6, 5091.9, 1921.8, 2600.5, 5747.8, 0.0]}]}}, {"type": "Feature", "geometry": {"type": "Point", "coordinates": [-73.7465430776, 45.5952554158]}, "properties": {"id": "53358602", "nom": "AÉROSPATIALE DEVTEK INC.", "nature": "EGOU", "secteur": "population", "type": "rejet", "charts": [{"type": "bar", "title": "Volume annuel (m³) — AÉROSPATIALE DEVTEK INC.", "labels": ["2001", "2002", "2003", "2004", "2005", "2006", "2007", "2008", "2009", "2010", "2011", "2012", "2013", "2014", "2015", "2016", "2017", "2018", "2019", "2020", "2021", "2022", "2023", "2024", "2025"], "values": [2040.0, 2035.0, 2052.0, 2055.0, 2090.0, 2101.0, 2115.0, 2134.0, 2152.0, 2200.0, 2221.0, 2245.0, 2241.0, 2245.0, 2249.0, 2262.0, 2265.0, 2274.0, 2267.0, 2283.0, 2284.0, 2277.0, 2300.0, 2335.0, 1883.0]}, {"type": "line", "title": "Profil mensuel moyen (m³/mois)", "labels": ["Jan", "Fév", "Mar", "Avr", "Mai", "Jun", "Jul", "Aoû", "Sep", "Oct", "Nov", "Déc"], "values": [119.6, 175.4, 227.2, 197.7, 162.8, 204.3, 161.9, 177.1, 162.7, 198.7, 202.8, 210.4]}]}}, {"type": "Feature", "geometry": {"type": "Point", "coordinates": [-77.7680277778, 49.7194166667]}, "properties": {"id": "51951556", "nom": "GLENCORE CANADA CORPORATION", "nature": "NATU", "secteur": "autre", "type": "rejet", "charts": [{"type": "bar", "title": "Volume annuel (m³) — GLENCORE CANADA CORPORATION", "labels": ["2001", "2002", "2003", "2004", "2005", "2006", "2007", "2008", "2009", "2010", "2011", "2012", "2013", "2014", "2015", "2016", "2017", "2018", "2019", "2020", "2021", "2022", "2023", "2024"], "values": [131.0, 133.0, 129.0, 123.0, 131.0, 127.0, 125.0, 121.0, 106.0, 112.0, 111.0, 108.0, 104.0, 112.0, 113.0, 113.0, 114.0, 116.0, 113.0, 106.0, 112.0, 114.0, 114.0, 112.0]}, {"type": "line", "title": "Profil mensuel moyen (m³/mois)", "labels": ["Jan", "Fév", "Mar", "Avr", "Mai", "Jun", "Jul", "Aoû", "Sep", "Oct", "Nov", "Déc"], "values": [7.3, 5.2, 6.3, 35.7, 5.1, 14.4, 7.2, 4.2, 8.2, 10.4, 5.2, 7.3]}]}}, {"type": "Feature", "geometry": {"type": "Point", "coordinates": [-71.8958666667, 45.4039333333]}, "properties": {"id": "11613049", "nom": "PRODUITS AMERICAN BILTRITE (CANADA) LTÉE", "nature": "NATU", "secteur": "autre", "type": "rejet", "charts": [{"type": "bar", "title": "Volume annuel (m³) — PRODUITS AMERICAN BILTRITE (CANADA) LTÉE", "labels": ["2001", "2002", "2003", "2004", "2005", "2006", "2007", "2008", "2009", "2010", "2011", "2012", "2013", "2014", "2015", "2016", "2017", "2018", "2019", "2020", "2021", "2022", "2023", "2024", "2025"], "values": [1179.0, 1197.0, 1168.0, 1115.0, 1184.0, 1150.0, 1135.0, 1102.0, 986.0, 1036.0, 1033.0, 1011.0, 977.0, 1036.0, 1052.0, 1052.0, 1054.0, 1074.0, 1049.0, 1005.0, 1047.0, 1071.0, 1069.0, 1057.0, 157.0]}, {"type": "line", "title": "Profil mensuel moyen (m³/mois)", "labels": ["Jan", "Fév", "Mar", "Avr", "Mai", "Jun", "Jul", "Aoû", "Sep", "Oct", "Nov", "Déc"], "values": [44.6, 47.0, 43.3, 53.4, 60.6, 48.2, 62.2, 22.2, 48.1, 35.9, 30.1, 36.3]}]}}, {"type": "Feature", "geometry": {"type": "Point", "coordinates": [-73.5468086473, 45.5633727992]}, "properties": {"id": "X2130283", "nom": "CASCADES CANADA ULC", "nature": "EGOU", "secteur": "population", "type": "rejet", "charts": [{"type": "bar", "title": "Volume annuel (m³) — CASCADES CANADA ULC", "labels": ["2001", "2002", "2003", "2004", "2005", "2006", "2007", "2008", "2009", "2010", "2011", "2012", "2013", "2014", "2015", "2016", "2017", "2018", "2019", "2020", "2021", "2022", "2023", "2024", "2025"], "values": [2777.0, 2761.0, 2758.0, 2732.0, 2747.0, 2728.0, 2703.0, 2683.0, 2680.0, 2706.0, 2702.0, 2715.0, 2702.0, 2699.0, 2694.0, 2697.0, 2710.0, 2749.0, 2762.0, 2770.0, 2710.0, 2708.0, 2780.0, 2871.0, 2367.0]}, {"type": "line", "title": "Profil mensuel moyen (m³/mois)", "labels": ["Jan", "Fév", "Mar", "Avr", "Mai", "Jun", "Jul", "Aoû", "Sep", "Oct", "Nov", "Déc"], "values": [242.7, 210.8, 221.9, 232.5, 216.0, 228.2, 239.4, 231.7, 217.1, 240.8, 221.4, 231.9]}]}}, {"type": "Feature", "geometry": {"type": "Point", "coordinates": [-73.4549021, 45.5655058]}, "properties": {"id": "X2113622", "nom": "Amrize Canada Inc.", "nature": "EGOU", "secteur": "population", "type": "rejet", "charts": [{"type": "bar", "title": "Volume annuel (m³) — Amrize Canada Inc.", "labels": ["2001", "2002", "2003", "2004", "2005", "2006", "2007", "2008", "2009", "2010", "2011", "2012", "2013", "2014", "2015", "2016", "2017", "2018", "2019", "2020", "2021", "2022", "2023", "2024", "2025"], "values": [4485.0, 4455.0, 4438.0, 4408.0, 4407.0, 4360.0, 4321.0, 4285.0, 4256.0, 4279.0, 4290.0, 4290.0, 4287.0, 4279.0, 4282.0, 4299.0, 4313.0, 4354.0, 4387.0, 4441.0, 4439.0, 4409.0, 4472.0, 4560.0, 3535.0]}, {"type": "line", "title": "Profil mensuel moyen (m³/mois)", "labels": ["Jan", "Fév", "Mar", "Avr", "Mai", "Jun", "Jul", "Aoû", "Sep", "Oct", "Nov", "Déc"], "values": [423.9, 475.4, 453.5, 379.2, 184.0, 72.9, 340.1, 335.5, 369.1, 390.0, 587.2, 360.1]}]}}, {"type": "Feature", "geometry": {"type": "Point", "coordinates": [-67.5792, 48.8341944444]}, "properties": {"id": "13437835", "nom": "ENTREPRISES SAPPI CANADA INC.", "nature": "NATU", "secteur": "papier", "type": "rejet", "charts": [{"type": "bar", "title": "Volume annuel (m³) — ENTREPRISES SAPPI CANADA INC.", "labels": ["2001", "2002", "2003", "2004", "2005", "2006", "2007", "2008", "2009", "2010", "2011", "2012", "2013", "2014", "2015", "2016", "2017", "2018", "2019", "2020", "2021", "2022", "2023", "2024"], "values": [16502836.0, 16924549.0, 15934093.0, 13862622.0, 16109192.0, 14829702.0, 14600394.0, 13341153.0, 10106549.0, 11265916.0, 10802529.0, 9745761.0, 8568726.0, 9751260.0, 9747622.0, 9421456.0, 8837358.0, 8601845.0, 7446503.0, 6555457.0, 6737458.0, 7298991.0, 7765060.0, 6737311.0]}, {"type": "line", "title": "Profil mensuel moyen (m³/mois)", "labels": ["Jan", "Fév", "Mar", "Avr", "Mai", "Jun", "Jul", "Aoû", "Sep", "Oct", "Nov", "Déc"], "values": [914000.0, 850421.4, 938467.3, 924797.5, 809529.9, 911616.2, 1018042.7, 947903.9, 844319.9, 894937.2, 874272.0, 967289.7]}]}}, {"type": "Feature", "geometry": {"type": "Point", "coordinates": [-73.7181461956, 45.4910848225]}, "properties": {"id": "X2009277", "nom": "5N PLUS INC.", "nature": "EGOU", "secteur": "population", "type": "rejet", "charts": [{"type": "bar", "title": "Volume annuel (m³) — 5N PLUS INC.", "labels": ["2001", "2002", "2003", "2004", "2005", "2006", "2007", "2008", "2009", "2010", "2011", "2012", "2013", "2014", "2015", "2016", "2017", "2018", "2019", "2020", "2021", "2022", "2023", "2024", "2025"], "values": [1674.0, 1663.0, 1662.0, 1646.0, 1655.0, 1644.0, 1629.0, 1617.0, 1616.0, 1631.0, 1628.0, 1637.0, 1628.0, 1626.0, 1624.0, 1625.0, 1633.0, 1656.0, 1664.0, 1668.0, 1634.0, 1632.0, 1675.0, 1730.0, 1443.0]}, {"type": "line", "title": "Profil mensuel moyen (m³/mois)", "labels": ["Jan", "Fév", "Mar", "Avr", "Mai", "Jun", "Jul", "Aoû", "Sep", "Oct", "Nov", "Déc"], "values": [107.4, 116.0, 197.9, 151.8, 144.0, 127.3, 117.3, 140.7, 138.2, 150.4, 143.8, 113.1]}]}}, {"type": "Feature", "geometry": {"type": "Point", "coordinates": [-73.63668, 45.45276]}, "properties": {"id": "90506338", "nom": "LACTALIS CANADA INC.", "nature": "EGOU", "secteur": "population", "type": "rejet", "charts": [{"type": "bar", "title": "Volume annuel (m³) — LACTALIS CANADA INC.", "labels": ["2001", "2002", "2003", "2004", "2005", "2006", "2007", "2008", "2009", "2010", "2011", "2012", "2013", "2014", "2015", "2016", "2017", "2018", "2019", "2020", "2021", "2022", "2023", "2024", "2025"], "values": [429932.0, 427292.0, 426828.0, 422977.0, 425216.0, 422323.0, 418698.0, 415352.0, 414909.0, 418948.0, 418277.0, 420214.0, 418399.0, 417820.0, 417100.0, 417473.0, 419716.0, 425277.0, 427480.0, 428623.0, 419646.0, 419255.0, 430587.0, 444472.0, 357037.0]}, {"type": "line", "title": "Profil mensuel moyen (m³/mois)", "labels": ["Jan", "Fév", "Mar", "Avr", "Mai", "Jun", "Jul", "Aoû", "Sep", "Oct", "Nov", "Déc"], "values": [31824.5, 30914.9, 30796.6, 39603.5, 35784.4, 33791.8, 33625.0, 32583.9, 33770.8, 41653.1, 33693.4, 45270.6]}]}}, {"type": "Feature", "geometry": {"type": "Point", "coordinates": [-72.968997, 45.6253735]}, "properties": {"id": "X2124836", "nom": "BIENA INC.", "nature": "EGOU", "secteur": "population", "type": "rejet", "charts": [{"type": "bar", "title": "Volume annuel (m³) — BIENA INC.", "labels": ["2001", "2002", "2003", "2004", "2005", "2006", "2007", "2008", "2009", "2010", "2011", "2012", "2013", "2014", "2015", "2016", "2017", "2018", "2019", "2020", "2021", "2022", "2023", "2024", "2025"], "values": [71958.0, 71276.0, 71196.0, 70253.0, 71310.0, 70543.0, 70423.0, 70336.0, 69728.0, 70910.0, 70714.0, 71250.0, 70868.0, 71101.0, 71176.0, 71475.0, 71061.0, 71165.0, 70513.0, 71325.0, 71794.0, 72196.0, 73308.0, 74437.0, 63560.0]}, {"type": "line", "title": "Profil mensuel moyen (m³/mois)", "labels": ["Jan", "Fév", "Mar", "Avr", "Mai", "Jun", "Jul", "Aoû", "Sep", "Oct", "Nov", "Déc"], "values": [2040.3, 1906.7, 3200.3, 4868.6, 4895.3, 9362.7, 11151.5, 11284.5, 7461.9, 5290.0, 5156.4, 4732.2]}]}}, {"type": "Feature", "geometry": {"type": "Point", "coordinates": [-73.42349, 45.5694777]}, "properties": {"id": "90510330", "nom": "Solutions de Mobilité Spectra Premium Canada Ltée", "nature": "EGOU", "secteur": "population", "type": "rejet", "charts": [{"type": "bar", "title": "Volume annuel (m³) — Solutions de Mobilité Spectra Premium Ca", "labels": ["2001", "2002", "2003", "2004", "2005", "2006", "2007", "2008", "2009", "2010", "2011", "2012", "2013", "2014", "2015", "2016", "2017", "2018", "2019", "2020", "2021", "2022", "2023", "2024", "2025"], "values": [16478.0, 16431.0, 16631.0, 16664.0, 16952.0, 16950.0, 16981.0, 16897.0, 16920.0, 17112.0, 17176.0, 17198.0, 16965.0, 16917.0, 16995.0, 17013.0, 16844.0, 16901.0, 16719.0, 16696.0, 16547.0, 16365.0, 16300.0, 16308.0, 13674.0]}, {"type": "line", "title": "Profil mensuel moyen (m³/mois)", "labels": ["Jan", "Fév", "Mar", "Avr", "Mai", "Jun", "Jul", "Aoû", "Sep", "Oct", "Nov", "Déc"], "values": [1342.0, 1545.4, 1656.2, 1359.5, 1733.6, 1284.4, 1127.3, 1416.6, 1492.2, 1256.5, 1286.8, 1267.1]}]}}, {"type": "Feature", "geometry": {"type": "Point", "coordinates": [-73.124249, 46.048798]}, "properties": {"id": "54907720", "nom": "LES FORGES DE SOREL CIE", "nature": "NATU", "secteur": "metaux", "type": "rejet", "charts": [{"type": "bar", "title": "Volume annuel (m³) — LES FORGES DE SOREL CIE", "labels": ["2001", "2002", "2003", "2004", "2005", "2006", "2007", "2008", "2009", "2010", "2011", "2012", "2013", "2014", "2015", "2016", "2017", "2018", "2019", "2020", "2021", "2022", "2023", "2024"], "values": [3368246.0, 3304946.0, 3005258.0, 3294168.0, 3596708.0, 3439815.0, 3606892.0, 3532466.0, 2935272.0, 3067966.0, 3227843.0, 3169462.0, 2925820.0, 3138632.0, 3089469.0, 2881434.0, 2937239.0, 2998533.0, 3064462.0, 2917963.0, 2870641.0, 2740035.0, 2778909.0, 2702546.0]}, {"type": "line", "title": "Profil mensuel moyen (m³/mois)", "labels": ["Jan", "Fév", "Mar", "Avr", "Mai", "Jun", "Jul", "Aoû", "Sep", "Oct", "Nov", "Déc"], "values": [88713.2, 87942.7, 91610.4, 91482.7, 34286.8, 101517.9, 89469.9, 77219.0, 80198.0, 92858.5, 100432.1, 100306.7]}]}}, {"type": "Feature", "geometry": {"type": "Point", "coordinates": [-72.87739947, 45.13300775]}, "properties": {"id": "X2096785", "nom": "CONSTRUCTION DJL INC.", "nature": "NATU", "secteur": "autre", "type": "rejet", "charts": [{"type": "bar", "title": "Volume annuel (m³) — CONSTRUCTION DJL INC.", "labels": ["2001", "2002", "2003", "2004", "2005", "2006", "2007", "2008", "2009", "2010", "2011", "2012", "2013", "2014", "2015", "2016", "2017", "2018", "2019", "2020", "2021", "2022", "2023", "2024"], "values": [99118.0, 99663.0, 97358.0, 91852.0, 98557.0, 96084.0, 94200.0, 90984.0, 79824.0, 84406.0, 83520.0, 82001.0, 78312.0, 84182.0, 85467.0, 85338.0, 85374.0, 87077.0, 84491.0, 80398.0, 84619.0, 86458.0, 85691.0, 84618.0]}, {"type": "line", "title": "Profil mensuel moyen (m³/mois)", "labels": ["Jan", "Fév", "Mar", "Avr", "Mai", "Jun", "Jul", "Aoû", "Sep", "Oct", "Nov", "Déc"], "values": [0.0, 0.0, 20398.8, 19740.9, 19840.3, 19373.5, 0.0, 0.0, 0.0, 0.0, 8546.1, 0.0]}]}}, {"type": "Feature", "geometry": {"type": "Point", "coordinates": [-73.4979472222, 45.6887916667]}, "properties": {"id": "90298894", "nom": "COMPAGNIE WESTROCK DU CANADA CORP.", "nature": "EGOU", "secteur": "population", "type": "rejet", "charts": [{"type": "bar", "title": "Volume annuel (m³) — COMPAGNIE WESTROCK DU CANADA CORP.", "labels": ["2001", "2002", "2003", "2004", "2005", "2006", "2007", "2008", "2009", "2010", "2011", "2012", "2013", "2014", "2015", "2016", "2017", "2018", "2019", "2020", "2021", "2022", "2023", "2024", "2025"], "values": [20203.0, 20141.0, 20051.0, 19817.0, 20004.0, 19675.0, 19564.0, 19444.0, 19469.0, 19626.0, 19629.0, 19713.0, 19586.0, 19585.0, 19602.0, 19655.0, 19609.0, 20056.0, 20097.0, 20109.0, 19774.0, 19711.0, 20109.0, 20821.0, 14960.0]}, {"type": "line", "title": "Profil mensuel moyen (m³/mois)", "labels": ["Jan", "Fév", "Mar", "Avr", "Mai", "Jun", "Jul", "Aoû", "Sep", "Oct", "Nov", "Déc"], "values": [290.7, 304.8, 449.7, 296.9, 314.1, 806.3, 1981.1, 6279.0, 1597.0, 2118.7, 1951.3, 3467.7]}]}}, {"type": "Feature", "geometry": {"type": "Point", "coordinates": [-71.4283383, 46.8662507]}, "properties": {"id": "X2175216", "nom": "ARCHIBALD INC.", "nature": "EGOU", "secteur": "population", "type": "rejet", "charts": [{"type": "bar", "title": "Volume annuel (m³) — ARCHIBALD INC.", "labels": ["2001", "2002", "2003", "2004", "2005", "2006", "2007", "2008", "2009", "2010", "2011", "2012", "2013", "2014", "2015", "2016", "2017", "2018", "2019", "2020", "2021", "2022", "2023", "2024", "2025"], "values": [1060.0, 1052.0, 1052.0, 1043.0, 1051.0, 1050.0, 1048.0, 1052.0, 1055.0, 1070.0, 1071.0, 1075.0, 1067.0, 1065.0, 1068.0, 1066.0, 1063.0, 1070.0, 1064.0, 1074.0, 1072.0, 1078.0, 1096.0, 1123.0, 929.0]}, {"type": "line", "title": "Profil mensuel moyen (m³/mois)", "labels": ["Jan", "Fév", "Mar", "Avr", "Mai", "Jun", "Jul", "Aoû", "Sep", "Oct", "Nov", "Déc"], "values": [107.4, 97.8, 79.3, 103.0, 104.6, 93.2, 86.0, 103.1, 96.8, 14.7, 78.6, 103.2]}]}}, {"type": "Feature", "geometry": {"type": "Point", "coordinates": [-73.79919, 45.25008]}, "properties": {"id": "90430190", "nom": "ALIMENTS NORTERA INC.", "nature": "NATU", "secteur": "autre", "type": "rejet", "charts": [{"type": "bar", "title": "Volume annuel (m³) — ALIMENTS NORTERA INC.", "labels": ["2001", "2002", "2003", "2004", "2005", "2006", "2007", "2008", "2009", "2010", "2011", "2012", "2013", "2014", "2015", "2016", "2017", "2018", "2019", "2020", "2021", "2022", "2023", "2024"], "values": [100407.0, 101989.0, 98744.0, 94332.0, 100514.0, 96146.0, 96125.0, 92548.0, 80926.0, 84615.0, 85677.0, 82545.0, 79875.0, 85619.0, 86755.0, 87243.0, 88131.0, 87861.0, 86475.0, 81584.0, 86134.0, 88743.0, 88041.0, 85673.0]}, {"type": "line", "title": "Profil mensuel moyen (m³/mois)", "labels": ["Jan", "Fév", "Mar", "Avr", "Mai", "Jun", "Jul", "Aoû", "Sep", "Oct", "Nov", "Déc"], "values": [0.0, 0.0, 0.0, 0.0, 0.0, 0.0, 0.0, 0.0, 9319.2, 30570.9, 37446.5, 12109.4]}]}}, {"type": "Feature", "geometry": {"type": "Point", "coordinates": [-73.8594977935, 45.637611589]}, "properties": {"id": "X1500250", "nom": "SPÉCIALITÉS LASSONDE INC.", "nature": "EGOU", "secteur": "population", "type": "rejet", "charts": [{"type": "bar", "title": "Volume annuel (m³) — SPÉCIALITÉS LASSONDE INC.", "labels": ["2001", "2002", "2003", "2004", "2005", "2006", "2007", "2008", "2009", "2010", "2011", "2012", "2013", "2014", "2015", "2016", "2017", "2018", "2019", "2020", "2021", "2022", "2023", "2024", "2025"], "values": [219780.0, 215416.0, 213249.0, 211149.0, 211204.0, 208756.0, 206872.0, 204179.0, 203225.0, 205013.0, 204958.0, 205232.0, 202671.0, 201208.0, 201661.0, 197836.0, 194101.0, 194298.0, 195521.0, 199912.0, 204983.0, 205106.0, 206593.0, 207785.0, 174465.0]}, {"type": "line", "title": "Profil mensuel moyen (m³/mois)", "labels": ["Jan", "Fév", "Mar", "Avr", "Mai", "Jun", "Jul", "Aoû", "Sep", "Oct", "Nov", "Déc"], "values": [12760.9, 17150.5, 16828.2, 16924.8, 18304.3, 17225.4, 18106.1, 19712.1, 17308.2, 18129.4, 17833.9, 14829.7]}]}}, {"type": "Feature", "geometry": {"type": "Point", "coordinates": [-74.243516, 45.4009]}, "properties": {"id": "90522285", "nom": "ORICA CANADA INC.", "nature": "EGOU", "secteur": "population", "type": "rejet", "charts": [{"type": "bar", "title": "Volume annuel (m³) — ORICA CANADA INC.", "labels": ["2001", "2002", "2003", "2004", "2005", "2006", "2007", "2008", "2009", "2010", "2011", "2012", "2013", "2014", "2015", "2016", "2017", "2018", "2019", "2020", "2021", "2022", "2023", "2024", "2025"], "values": [20981.0, 19353.0, 18797.0, 19114.0, 19623.0, 19351.0, 19438.0, 19048.0, 18985.0, 19295.0, 19109.0, 19091.0, 18897.0, 18501.0, 18837.0, 19090.0, 17893.0, 17414.0, 16921.0, 16811.0, 16882.0, 16706.0, 16775.0, 16774.0, 14113.0]}, {"type": "line", "title": "Profil mensuel moyen (m³/mois)", "labels": ["Jan", "Fév", "Mar", "Avr", "Mai", "Jun", "Jul", "Aoû", "Sep", "Oct", "Nov", "Déc"], "values": [1567.5, 1464.2, 1569.9, 1519.0, 1527.6, 1540.8, 1545.3, 1564.2, 1485.8, 1555.1, 1522.5, 1573.8]}]}}, {"type": "Feature", "geometry": {"type": "Point", "coordinates": [-71.4389228, 46.7528085]}, "properties": {"id": "X2004788", "nom": "BISCUITS LECLERC LTÉE", "nature": "EGOU", "secteur": "population", "type": "rejet", "charts": [{"type": "bar", "title": "Volume annuel (m³) — BISCUITS LECLERC LTÉE", "labels": ["2001", "2002", "2003", "2004", "2005", "2006", "2007", "2008", "2009", "2010", "2011", "2012", "2013", "2014", "2015", "2016", "2017", "2018", "2019", "2020", "2021", "2022", "2023", "2024", "2025"], "values": [13639.0, 13815.0, 14017.0, 14098.0, 14375.0, 14350.0, 14401.0, 14356.0, 14320.0, 14552.0, 14616.0, 14705.0, 14580.0, 14661.0, 14563.0, 14678.0, 14571.0, 14679.0, 14717.0, 14897.0, 15117.0, 15215.0, 15383.0, 15457.0, 12998.0]}, {"type": "line", "title": "Profil mensuel moyen (m³/mois)", "labels": ["Jan", "Fév", "Mar", "Avr", "Mai", "Jun", "Jul", "Aoû", "Sep", "Oct", "Nov", "Déc"], "values": [1202.4, 1155.5, 1357.6, 1134.6, 1094.0, 1196.0, 1211.1, 1401.0, 1163.1, 1491.3, 1236.8, 954.7]}]}}, {"type": "Feature", "geometry": {"type": "Point", "coordinates": [-67.2994344711, 52.8458893933]}, "properties": {"id": "X2103303", "nom": "MINERAI DE FER QUÉBEC INC.", "nature": "NATU", "secteur": "mines", "type": "rejet", "charts": [{"type": "bar", "title": "Volume annuel (m³) — MINERAI DE FER QUÉBEC INC.", "labels": ["2001", "2002", "2003", "2004", "2005", "2006", "2007", "2008", "2009", "2010", "2011", "2012", "2013", "2014", "2015", "2016", "2017", "2018", "2019", "2020", "2021", "2022", "2023", "2024"], "values": [5675872.0, 5344588.0, 5764272.0, 4909207.0, 4548775.0, 4477084.0, 4688484.0, 4794609.0, 4588902.0, 4779145.0, 5145881.0, 5112034.0, 5653387.0, 6563034.0, 7029484.0, 7072264.0, 7549184.0, 7871449.0, 7641410.0, 7393734.0, 7886708.0, 7506178.0, 7905646.0, 8256198.0]}, {"type": "line", "title": "Profil mensuel moyen (m³/mois)", "labels": ["Jan", "Fév", "Mar", "Avr", "Mai", "Jun", "Jul", "Aoû", "Sep", "Oct", "Nov", "Déc"], "values": [0.0, 0.0, 0.0, 1645204.4, 766475.4, 1826450.9, 194205.2, 294020.5, 471134.6, 679369.1, 296370.3, 0.0]}]}}, {"type": "Feature", "geometry": {"type": "Point", "coordinates": [-73.1422276051, 46.0313805532]}, "properties": {"id": "X0000329", "nom": "LINDE CANADA INC.", "nature": "EGOU", "secteur": "population", "type": "rejet", "charts": [{"type": "bar", "title": "Volume annuel (m³) — LINDE CANADA INC.", "labels": ["2001", "2002", "2003", "2004", "2005", "2006", "2007", "2008", "2009", "2010", "2011", "2012", "2013", "2014", "2015", "2016", "2017", "2018", "2019", "2020", "2021", "2022", "2023", "2024", "2025"], "values": [23345.0, 22859.0, 22774.0, 22478.0, 22462.0, 22241.0, 22188.0, 22005.0, 21901.0, 22062.0, 21939.0, 21913.0, 21603.0, 21527.0, 21418.0, 21326.0, 21130.0, 20973.0, 20699.0, 20855.0, 21112.0, 21115.0, 21125.0, 21329.0, 17622.0]}, {"type": "line", "title": "Profil mensuel moyen (m³/mois)", "labels": ["Jan", "Fév", "Mar", "Avr", "Mai", "Jun", "Jul", "Aoû", "Sep", "Oct", "Nov", "Déc"], "values": [1864.3, 1677.7, 1862.0, 1801.3, 1811.7, 1769.0, 1833.0, 1855.2, 1763.2, 1844.5, 1802.5, 1862.3]}]}}, {"type": "Feature", "geometry": {"type": "Point", "coordinates": [-73.550122, 45.489461]}, "properties": {"id": "X2168342", "nom": "CIMENT QUÉBEC INC.", "nature": "EGOU", "secteur": "population", "type": "rejet", "charts": [{"type": "bar", "title": "Volume annuel (m³) — CIMENT QUÉBEC INC.", "labels": ["2001", "2002", "2003", "2004", "2005", "2006", "2007", "2008", "2009", "2010", "2011", "2012", "2013", "2014", "2015", "2016", "2017", "2018", "2019", "2020", "2021", "2022", "2023", "2024", "2025"], "values": [7958.0, 7902.0, 7902.0, 7806.0, 7873.0, 7831.0, 7728.0, 7680.0, 7676.0, 7767.0, 7728.0, 7793.0, 7731.0, 7728.0, 7719.0, 7719.0, 7729.0, 7895.0, 7907.0, 7946.0, 7758.0, 7748.0, 7941.0, 8231.0, 6939.0]}, {"type": "line", "title": "Profil mensuel moyen (m³/mois)", "labels": ["Jan", "Fév", "Mar", "Avr", "Mai", "Jun", "Jul", "Aoû", "Sep", "Oct", "Nov", "Déc"], "values": [40.3, 526.1, 1102.0, 642.7, 838.6, 987.4, 918.7, 942.9, 479.4, 188.5, 375.7, 789.8]}]}}, {"type": "Feature", "geometry": {"type": "Point", "coordinates": [-73.6170706, 46.6024634]}, "properties": {"id": "X2095223", "nom": "9020-2516 QUÉBEC INC.", "nature": "EGOU", "secteur": "population", "type": "rejet", "charts": [{"type": "bar", "title": "Volume annuel (m³) — 9020-2516 QUÉBEC INC.", "labels": ["2001", "2002", "2003", "2004", "2005", "2006", "2007", "2008", "2009", "2010", "2011", "2012", "2013", "2014", "2015", "2016", "2017", "2018", "2019", "2020", "2021", "2022", "2023", "2024", "2025"], "values": [216665.0, 213800.0, 213024.0, 210754.0, 211749.0, 210011.0, 208266.0, 206390.0, 204385.0, 205070.0, 203610.0, 203204.0, 200808.0, 199460.0, 198744.0, 197837.0, 235640.0, 273118.0, 308027.0, 346896.0, 386028.0, 382271.0, 342898.0, 417751.0, 312532.0]}, {"type": "line", "title": "Profil mensuel moyen (m³/mois)", "labels": ["Jan", "Fév", "Mar", "Avr", "Mai", "Jun", "Jul", "Aoû", "Sep", "Oct", "Nov", "Déc"], "values": [21065.3, 21042.7, 21096.5, 24819.3, 20539.1, 20727.5, 20793.0, 21032.2, 20644.9, 20912.9, 20672.2, 20665.2]}]}}, {"type": "Feature", "geometry": {"type": "Point", "coordinates": [-73.007108, 45.412628]}, "properties": {"id": "55014658", "nom": "ALIMENTS NORTERA INC.", "nature": "EGOU", "secteur": "population", "type": "rejet", "charts": [{"type": "bar", "title": "Volume annuel (m³) — ALIMENTS NORTERA INC.", "labels": ["2001", "2002", "2003", "2004", "2005", "2006", "2007", "2008", "2009", "2010", "2011", "2012", "2013", "2014", "2015", "2016", "2017", "2018", "2019", "2020", "2021", "2022", "2023", "2024", "2025"], "values": [61741.0, 61167.0, 61764.0, 62528.0, 62376.0, 62903.0, 63478.0, 63593.0, 64908.0, 66450.0, 67795.0, 68100.0, 68405.0, 67431.0, 68148.0, 67682.0, 67387.0, 66767.0, 66135.0, 66580.0, 67168.0, 67155.0, 67094.0, 67195.0, 54619.0]}, {"type": "line", "title": "Profil mensuel moyen (m³/mois)", "labels": ["Jan", "Fév", "Mar", "Avr", "Mai", "Jun", "Jul", "Aoû", "Sep", "Oct", "Nov", "Déc"], "values": [6061.9, 8470.8, 4037.3, 3591.3, 4574.7, 344.7, 4168.2, 7249.1, 7204.6, 8270.1, 7535.5, 4099.9]}]}}, {"type": "Feature", "geometry": {"type": "Point", "coordinates": [-73.5105, 45.6180555556]}, "properties": {"id": "X0600605", "nom": "ENTREPRISE INDORAMA PTA MONTRÉAL S.E.C.", "nature": "EGOU", "secteur": "population", "type": "rejet", "charts": [{"type": "bar", "title": "Volume annuel (m³) — ENTREPRISE INDORAMA PTA MONTRÉAL S.E.C.", "labels": ["2001", "2002", "2003", "2004", "2005", "2006", "2007", "2008", "2009", "2010", "2011", "2012", "2013", "2014", "2015", "2016", "2017", "2018", "2019", "2020", "2021", "2022", "2023", "2024", "2025"], "values": [1273.0, 1248.0, 1204.0, 1292.0, 1324.0, 1317.0, 1278.0, 1259.0, 1256.0, 1260.0, 1245.0, 1261.0, 1228.0, 1249.0, 1236.0, 1247.0, 1263.0, 1271.0, 1299.0, 1335.0, 1387.0, 1412.0, 1454.0, 1517.0, 1548.0]}, {"type": "line", "title": "Profil mensuel moyen (m³/mois)", "labels": ["Jan", "Fév", "Mar", "Avr", "Mai", "Jun", "Jul", "Aoû", "Sep", "Oct", "Nov", "Déc"], "values": [147.7, 125.5, 142.7, 144.2, 137.8, 147.7, 149.2, 185.7, 81.6, 38.9, 5.5, 0.0]}]}}, {"type": "Feature", "geometry": {"type": "Point", "coordinates": [-71.9933333333, 45.9347222222]}, "properties": {"id": "31010135", "nom": "COMPAGNIE WESTROCK DU CANADA CORP.", "nature": "EGOU", "secteur": "population", "type": "rejet", "charts": [{"type": "bar", "title": "Volume annuel (m³) — COMPAGNIE WESTROCK DU CANADA CORP.", "labels": ["2001", "2002", "2003", "2004", "2005", "2006", "2007", "2008", "2009", "2010", "2011", "2012", "2013", "2014", "2015", "2016", "2017", "2018", "2019", "2020", "2021", "2022", "2023", "2024", "2025"], "values": [22299.0, 21727.0, 21306.0, 21148.0, 21267.0, 21164.0, 20717.0, 20496.0, 20311.0, 20511.0, 20387.0, 20117.0, 19725.0, 19580.0, 19314.0, 19183.0, 19150.0, 18832.0, 18944.0, 18837.0, 19117.0, 19251.0, 19247.0, 19480.0, 17504.0]}, {"type": "line", "title": "Profil mensuel moyen (m³/mois)", "labels": ["Jan", "Fév", "Mar", "Avr", "Mai", "Jun", "Jul", "Aoû", "Sep", "Oct", "Nov", "Déc"], "values": [7564.8, 1072.6, 1114.7, 1696.0, 768.1, 1048.4, 2469.1, 593.5, 721.6, 1147.4, 983.8, 879.2]}]}}, {"type": "Feature", "geometry": {"type": "Point", "coordinates": [-72.7565919792, 45.2884572304]}, "properties": {"id": "X0000444", "nom": "Aviation GEC Inc.", "nature": "EGOU", "secteur": "population", "type": "rejet", "charts": [{"type": "bar", "title": "Volume annuel (m³) — Aviation GEC Inc.", "labels": ["2001", "2002", "2003", "2004", "2005", "2006", "2007", "2008", "2009", "2010", "2011", "2012", "2013", "2014", "2015", "2016", "2017", "2018", "2019", "2020", "2021", "2022", "2023", "2024", "2025"], "values": [56651.0, 58496.0, 60736.0, 62752.0, 65633.0, 67843.0, 71066.0, 74560.0, 77294.0, 81558.0, 83720.0, 88433.0, 90489.0, 92587.0, 94080.0, 95528.0, 98028.0, 101360.0, 104211.0, 111334.0, 117952.0, 120076.0, 120657.0, 123010.0, 105226.0]}, {"type": "line", "title": "Profil mensuel moyen (m³/mois)", "labels": ["Jan", "Fév", "Mar", "Avr", "Mai", "Jun", "Jul", "Aoû", "Sep", "Oct", "Nov", "Déc"], "values": [8666.0, 8138.6, 7985.8, 7786.2, 7993.0, 6871.4, 7396.9, 7137.5, 7078.4, 7376.0, 7054.2, 5968.1]}]}}, {"type": "Feature", "geometry": {"type": "Point", "coordinates": [-73.0130361111, 45.8774083333]}, "properties": {"id": "53052973", "nom": "SPÉCIALITÉS LASSONDE INC.", "nature": "EGOU", "secteur": "population", "type": "rejet", "charts": [{"type": "bar", "title": "Volume annuel (m³) — SPÉCIALITÉS LASSONDE INC.", "labels": ["2001", "2002", "2003", "2004", "2005", "2006", "2007", "2008", "2009", "2010", "2011", "2012", "2013", "2014", "2015", "2016", "2017", "2018", "2019", "2020", "2021", "2022", "2023", "2024", "2025"], "values": [85766.0, 84006.0, 81184.0, 79674.0, 78873.0, 78939.0, 78492.0, 77795.0, 79354.0, 81682.0, 81557.0, 79840.0, 78575.0, 77048.0, 74793.0, 72853.0, 72595.0, 72764.0, 70747.0, 71706.0, 74015.0, 72835.0, 71490.0, 73024.0, 59638.0]}, {"type": "line", "title": "Profil mensuel moyen (m³/mois)", "labels": ["Jan", "Fév", "Mar", "Avr", "Mai", "Jun", "Jul", "Aoû", "Sep", "Oct", "Nov", "Déc"], "values": [6903.6, 7192.6, 7660.1, 5152.8, 5456.6, 6470.5, 6713.0, 6467.3, 5782.3, 6083.6, 6290.9, 6716.7]}]}}, {"type": "Feature", "geometry": {"type": "Point", "coordinates": [-74.202552, 45.272013]}, "properties": {"id": "X1606220", "nom": "GROUPE COLAS QUÉBEC INC.", "nature": "NATU", "secteur": "autre", "type": "rejet", "charts": [{"type": "bar", "title": "Volume annuel (m³) — GROUPE COLAS QUÉBEC INC.", "labels": ["2001", "2002", "2003", "2004", "2005", "2006", "2007", "2008", "2009", "2010", "2011", "2012", "2013", "2014", "2015", "2016", "2017", "2018", "2019", "2020", "2021", "2022", "2023", "2024"], "values": [1668724.0, 1698569.0, 1647542.0, 1561417.0, 1668731.0, 1613108.0, 1588923.0, 1537247.0, 1348721.0, 1425442.0, 1416618.0, 1381627.0, 1325493.0, 1421807.0, 1448529.0, 1446800.0, 1445830.0, 1480817.0, 1438322.0, 1359380.0, 1427027.0, 1460999.0, 1451707.0, 1428736.0]}, {"type": "line", "title": "Profil mensuel moyen (m³/mois)", "labels": ["Jan", "Fév", "Mar", "Avr", "Mai", "Jun", "Jul", "Aoû", "Sep", "Oct", "Nov", "Déc"], "values": [202530.8, 142819.4, 191339.0, 175109.8, 178851.3, 106744.7, 135636.6, 124729.1, 88254.5, 43187.1, 35810.2, 62159.1]}]}}, {"type": "Feature", "geometry": {"type": "Point", "coordinates": [-73.6030359026, 45.402125438]}, "properties": {"id": "23406218", "nom": "TERRAPURE BR LTD.", "nature": "EGOU", "secteur": "population", "type": "rejet", "charts": [{"type": "bar", "title": "Volume annuel (m³) — TERRAPURE BR LTD.", "labels": ["2001", "2002", "2003", "2004", "2005", "2006", "2007", "2008", "2009", "2010", "2011", "2012", "2013", "2014", "2015", "2016", "2017", "2018", "2019", "2020", "2021", "2022", "2023", "2024", "2025"], "values": [125799.0, 124516.0, 124707.0, 123479.0, 123606.0, 122120.0, 121053.0, 119618.0, 119859.0, 122113.0, 122340.0, 122579.0, 121878.0, 120801.0, 121083.0, 120661.0, 119762.0, 119781.0, 119510.0, 119064.0, 119615.0, 118265.0, 118538.0, 119151.0, 92448.0]}, {"type": "line", "title": "Profil mensuel moyen (m³/mois)", "labels": ["Jan", "Fév", "Mar", "Avr", "Mai", "Jun", "Jul", "Aoû", "Sep", "Oct", "Nov", "Déc"], "values": [2705.8, 3368.4, 12386.2, 13379.8, 13288.3, 5539.6, 5145.3, 17931.3, 11081.1, 9931.0, 13183.1, 13209.7]}]}}, {"type": "Feature", "geometry": {"type": "Point", "coordinates": [-73.4238, 45.7065]}, "properties": {"id": "52192812", "nom": "GREENFIELD GLOBAL QUEBEC INC.", "nature": "NATU", "secteur": "autre", "type": "rejet", "charts": [{"type": "bar", "title": "Volume annuel (m³) — GREENFIELD GLOBAL QUEBEC INC.", "labels": ["2001", "2002", "2003", "2004", "2005", "2006", "2007", "2008", "2009", "2010", "2011", "2012", "2013", "2014", "2015", "2016", "2017", "2018", "2019", "2020", "2021", "2022", "2023", "2024"], "values": [75856.0, 77211.0, 74877.0, 70970.0, 76053.0, 73232.0, 72286.0, 69880.0, 61210.0, 64640.0, 64475.0, 62718.0, 60240.0, 64660.0, 65759.0, 65798.0, 65862.0, 67210.0, 65380.0, 61808.0, 64935.0, 66495.0, 66151.0, 64999.0]}, {"type": "line", "title": "Profil mensuel moyen (m³/mois)", "labels": ["Jan", "Fév", "Mar", "Avr", "Mai", "Jun", "Jul", "Aoû", "Sep", "Oct", "Nov", "Déc"], "values": [2666.7, 2282.8, 2407.2, 3231.4, 2947.3, 3101.7, 3771.2, 2914.7, 2785.6, 2957.7, 2482.7, 2257.4]}]}}, {"type": "Feature", "geometry": {"type": "Point", "coordinates": [-73.2208135567, 46.1503425245]}, "properties": {"id": "26927525", "nom": "Volaille Giannone s.e.c.", "nature": "NATU", "secteur": "agroalimentaire", "type": "rejet", "charts": [{"type": "bar", "title": "Volume annuel (m³) — Volaille Giannone s.e.c.", "labels": ["2001", "2002", "2003", "2004", "2005", "2006", "2007", "2008", "2009", "2010", "2011", "2012", "2013", "2014", "2015", "2016", "2017", "2018", "2019", "2020", "2021", "2022", "2023", "2024"], "values": [205536.0, 201573.0, 194919.0, 199929.0, 205485.0, 204065.0, 210531.0, 220844.0, 222752.0, 225758.0, 222849.0, 215000.0, 217801.0, 234336.0, 247179.0, 249748.0, 257012.0, 255078.0, 255356.0, 249767.0, 267789.0, 278179.0, 279813.0, 278286.0]}, {"type": "line", "title": "Profil mensuel moyen (m³/mois)", "labels": ["Jan", "Fév", "Mar", "Avr", "Mai", "Jun", "Jul", "Aoû", "Sep", "Oct", "Nov", "Déc"], "values": [17510.8, 19341.7, 18377.5, 20130.5, 27865.0, 16784.8, 19402.6, 20388.2, 18169.5, 20641.5, 17759.8, 16944.0]}]}}, {"type": "Feature", "geometry": {"type": "Point", "coordinates": [-73.518901, 45.584771]}, "properties": {"id": "X2116035", "nom": "MAISON DES FUTAILLES, S.E.C.", "nature": "EGOU", "secteur": "population", "type": "rejet", "charts": [{"type": "bar", "title": "Volume annuel (m³) — MAISON DES FUTAILLES, S.E.C.", "labels": ["2001", "2002", "2003", "2004", "2005", "2006", "2007", "2008", "2009", "2010", "2011", "2012", "2013", "2014", "2015", "2016", "2017", "2018", "2019", "2020", "2021", "2022", "2023", "2024", "2025"], "values": [46915.0, 46674.0, 46623.0, 46171.0, 46443.0, 46112.0, 45680.0, 45336.0, 45267.0, 45740.0, 45677.0, 45869.0, 45655.0, 45589.0, 45587.0, 45580.0, 45811.0, 46470.0, 46650.0, 46804.0, 45765.0, 45757.0, 47026.0, 48574.0, 40195.0]}, {"type": "line", "title": "Profil mensuel moyen (m³/mois)", "labels": ["Jan", "Fév", "Mar", "Avr", "Mai", "Jun", "Jul", "Aoû", "Sep", "Oct", "Nov", "Déc"], "values": [3619.6, 2797.4, 3477.1, 3898.8, 4079.9, 3730.8, 4612.2, 3476.0, 5253.4, 3778.6, 3868.1, 3626.8]}]}}, {"type": "Feature", "geometry": {"type": "Point", "coordinates": [-72.211793, 48.876964]}, "properties": {"id": "90294307", "nom": "PF RÉSOLU CANADA INC.", "nature": "NATU", "secteur": "papier", "type": "rejet", "charts": [{"type": "bar", "title": "Volume annuel (m³) — PF RÉSOLU CANADA INC.", "labels": ["2001", "2002", "2003", "2004", "2005", "2006", "2007", "2008", "2009", "2010", "2011", "2012", "2013", "2014", "2015", "2016", "2017", "2018", "2019", "2020", "2021", "2022", "2023", "2024"], "values": [19021244.0, 19502174.0, 18364357.0, 15964040.0, 18567162.0, 17082886.0, 16815425.0, 15363414.0, 11639924.0, 12982184.0, 12446038.0, 11230854.0, 9869357.0, 11233923.0, 11237257.0, 10859057.0, 10176843.0, 9917404.0, 8576232.0, 7552720.0, 7764159.0, 8410427.0, 8943928.0, 7766903.0]}, {"type": "line", "title": "Profil mensuel moyen (m³/mois)", "labels": ["Jan", "Fév", "Mar", "Avr", "Mai", "Jun", "Jul", "Aoû", "Sep", "Oct", "Nov", "Déc"], "values": [1064274.5, 848008.8, 952748.8, 945897.2, 1016075.5, 1104723.8, 1242848.8, 1335014.6, 1088443.1, 966463.1, 923391.7, 1065773.2]}]}}, {"type": "Feature", "geometry": {"type": "Point", "coordinates": [-73.521158, 45.635209]}, "properties": {"id": "12679825", "nom": "PRODUITS SUNCOR ÉNERGIE, S.E.N.C.", "nature": "EGOU", "secteur": "population", "type": "rejet", "charts": [{"type": "bar", "title": "Volume annuel (m³) — PRODUITS SUNCOR ÉNERGIE, S.E.N.C.", "labels": ["2001", "2002", "2003", "2004", "2005", "2006", "2007", "2008", "2009", "2010", "2011", "2012", "2013", "2014", "2015", "2016", "2017", "2018", "2019", "2020", "2021", "2022", "2023", "2024", "2025"], "values": [13565.0, 13336.0, 12841.0, 13815.0, 14138.0, 14010.0, 13651.0, 13443.0, 13403.0, 13389.0, 13305.0, 13417.0, 13102.0, 13331.0, 13174.0, 13311.0, 13531.0, 13514.0, 13880.0, 14237.0, 14796.0, 15094.0, 15553.0, 16167.0, 13596.0]}, {"type": "line", "title": "Profil mensuel moyen (m³/mois)", "labels": ["Jan", "Fév", "Mar", "Avr", "Mai", "Jun", "Jul", "Aoû", "Sep", "Oct", "Nov", "Déc"], "values": [1249.7, 1281.3, 1148.1, 824.0, 580.3, 1230.5, 1234.3, 1349.2, 1260.3, 1304.6, 1302.8, 1157.2]}]}}, {"type": "Feature", "geometry": {"type": "Point", "coordinates": [-73.555023, 45.53986]}, "properties": {"id": "X2124283", "nom": "BRIDOR INC.", "nature": "EGOU", "secteur": "population", "type": "rejet", "charts": [{"type": "bar", "title": "Volume annuel (m³) — BRIDOR INC.", "labels": ["2001", "2002", "2003", "2004", "2005", "2006", "2007", "2008", "2009", "2010", "2011", "2012", "2013", "2014", "2015", "2016", "2017", "2018", "2019", "2020", "2021", "2022", "2023", "2024", "2025"], "values": [5271.0, 5238.0, 5234.0, 5184.0, 5213.0, 5181.0, 5131.0, 5092.0, 5088.0, 5139.0, 5126.0, 5155.0, 5128.0, 5122.0, 5115.0, 5117.0, 5141.0, 5217.0, 5240.0, 5257.0, 5143.0, 5138.0, 5274.0, 5450.0, 4586.0]}, {"type": "line", "title": "Profil mensuel moyen (m³/mois)", "labels": ["Jan", "Fév", "Mar", "Avr", "Mai", "Jun", "Jul", "Aoû", "Sep", "Oct", "Nov", "Déc"], "values": [431.7, 457.1, 490.0, 474.6, 476.8, 455.5, 415.3, 420.3, 399.5, 397.8, 379.5, 392.0]}]}}, {"type": "Feature", "geometry": {"type": "Point", "coordinates": [-64.714223, 48.346271]}, "properties": {"id": "90493784", "nom": "Usine de congélation de St-Bruno inc.", "nature": "EGOU", "secteur": "population", "type": "rejet", "charts": [{"type": "bar", "title": "Volume annuel (m³) — Usine de congélation de St-Bruno inc.", "labels": ["2001", "2002", "2003", "2004", "2005", "2006", "2007", "2008", "2009", "2010", "2011", "2012", "2013", "2014", "2015", "2016", "2017", "2018", "2019", "2020", "2021", "2022", "2023", "2024", "2025"], "values": [25038.0, 24581.0, 24039.0, 23305.0, 23264.0, 22379.0, 22217.0, 21556.0, 21453.0, 21537.0, 21480.0, 21429.0, 21010.0, 20656.0, 20556.0, 20540.0, 20033.0, 20052.0, 19553.0, 19432.0, 20117.0, 19592.0, 19230.0, 19288.0, 18372.0]}, {"type": "line", "title": "Profil mensuel moyen (m³/mois)", "labels": ["Jan", "Fév", "Mar", "Avr", "Mai", "Jun", "Jul", "Aoû", "Sep", "Oct", "Nov", "Déc"], "values": [64.4, 44.3, 215.6, 73.3, 277.8, 1408.1, 710.9, 12089.4, 3348.2, 2565.8, 386.0, 62.5]}]}}, {"type": "Feature", "geometry": {"type": "Point", "coordinates": [-71.2361388889, 46.6669444444]}, "properties": {"id": "21684030", "nom": "Les entreprises Rolland inc.", "nature": "NATU", "secteur": "autre", "type": "rejet", "charts": [{"type": "bar", "title": "Volume annuel (m³) — Les entreprises Rolland inc.", "labels": ["2001", "2002", "2003", "2004", "2005", "2006", "2007", "2008", "2009", "2010", "2011", "2012", "2013", "2014", "2015", "2016", "2017", "2018", "2019", "2020", "2021", "2022", "2023", "2024"], "values": [70672.0, 71870.0, 69731.0, 66083.0, 70789.0, 68170.0, 67322.0, 65045.0, 57013.0, 60166.0, 60028.0, 58414.0, 56086.0, 60216.0, 61255.0, 61277.0, 61337.0, 62552.0, 60850.0, 57529.0, 60481.0, 61938.0, 61568.0, 60516.0]}, {"type": "line", "title": "Profil mensuel moyen (m³/mois)", "labels": ["Jan", "Fév", "Mar", "Avr", "Mai", "Jun", "Jul", "Aoû", "Sep", "Oct", "Nov", "Déc"], "values": [4159.4, 5008.5, 5421.2, 5110.6, 5936.5, 5775.8, 5695.1, 5435.0, 5257.9, 5609.3, 4943.3, 4601.9]}]}}, {"type": "Feature", "geometry": {"type": "Point", "coordinates": [-73.181049, 46.086222]}, "properties": {"id": "X1400003", "nom": "OLYMEL S.E.C.", "nature": "EGOU", "secteur": "population", "type": "rejet", "charts": [{"type": "bar", "title": "Volume annuel (m³) — OLYMEL S.E.C.", "labels": ["2001", "2002", "2003", "2004", "2005", "2006", "2007", "2008", "2009", "2010", "2011", "2012", "2013", "2014", "2015", "2016", "2017", "2018", "2019", "2020", "2021", "2022", "2023", "2024", "2025"], "values": [303856.0, 299691.0, 295076.0, 295319.0, 294338.0, 296737.0, 292631.0, 291947.0, 292668.0, 296627.0, 293893.0, 293854.0, 293362.0, 292276.0, 292779.0, 292015.0, 293983.0, 296884.0, 296325.0, 298270.0, 299992.0, 296960.0, 297477.0, 302807.0, 253734.0]}, {"type": "line", "title": "Profil mensuel moyen (m³/mois)", "labels": ["Jan", "Fév", "Mar", "Avr", "Mai", "Jun", "Jul", "Aoû", "Sep", "Oct", "Nov", "Déc"], "values": [23815.9, 22571.0, 23339.3, 25920.4, 24122.0, 21927.2, 29759.5, 27474.3, 23869.7, 26343.8, 24846.2, 22025.7]}]}}, {"type": "Feature", "geometry": {"type": "Point", "coordinates": [-73.551347, 45.492008]}, "properties": {"id": "55430235", "nom": "ADM AGRI-INDUSTRIES COMPANY", "nature": "EGOU", "secteur": "population", "type": "rejet", "charts": [{"type": "bar", "title": "Volume annuel (m³) — ADM AGRI-INDUSTRIES COMPANY", "labels": ["2001", "2002", "2003", "2004", "2005", "2006", "2007", "2008", "2009", "2010", "2011", "2012", "2013", "2014", "2015", "2016", "2017", "2018", "2019", "2020", "2021", "2022", "2023", "2024", "2025"], "values": [18153.0, 18071.0, 18028.0, 17848.0, 17940.0, 17773.0, 17637.0, 17527.0, 17537.0, 17668.0, 17646.0, 17731.0, 17635.0, 17618.0, 17626.0, 17636.0, 17677.0, 17976.0, 18050.0, 18087.0, 17732.0, 17706.0, 18114.0, 18727.0, 14777.0]}, {"type": "line", "title": "Profil mensuel moyen (m³/mois)", "labels": ["Jan", "Fév", "Mar", "Avr", "Mai", "Jun", "Jul", "Aoû", "Sep", "Oct", "Nov", "Déc"], "values": [1396.8, 1398.2, 1535.4, 1300.9, 1000.3, 966.6, 998.1, 2849.0, 1456.9, 1343.0, 2153.5, 1462.6]}]}}, {"type": "Feature", "geometry": {"type": "Point", "coordinates": [-75.7981455226, 45.4789370951]}, "properties": {"id": "X0000459", "nom": "GENTEK BUILDING PRODUCTS LTD.", "nature": "EGOU", "secteur": "population", "type": "rejet", "charts": [{"type": "bar", "title": "Volume annuel (m³) — GENTEK BUILDING PRODUCTS LTD.", "labels": ["2001", "2002", "2003", "2004", "2005", "2006", "2007", "2008", "2009", "2010", "2011", "2012", "2013", "2014", "2015", "2016", "2017", "2018", "2019", "2020", "2021", "2022", "2023", "2024", "2025"], "values": [45123.0, 45766.0, 46852.0, 47150.0, 48187.0, 48003.0, 47783.0, 47869.0, 47599.0, 48167.0, 48458.0, 48186.0, 47424.0, 47192.0, 46699.0, 46532.0, 46661.0, 46505.0, 47447.0, 49362.0, 53075.0, 55836.0, 57220.0, 57508.0, 49066.0]}, {"type": "line", "title": "Profil mensuel moyen (m³/mois)", "labels": ["Jan", "Fév", "Mar", "Avr", "Mai", "Jun", "Jul", "Aoû", "Sep", "Oct", "Nov", "Déc"], "values": [4000.8, 4036.1, 3978.5, 2721.4, 3370.0, 3759.6, 4936.5, 4970.1, 5326.0, 5032.8, 4572.7, 2359.8]}]}}, {"type": "Feature", "geometry": {"type": "Point", "coordinates": [-74.0551388889, 45.17325]}, "properties": {"id": "X1602939", "nom": "3681611 CANADA INC.", "nature": "EGOU", "secteur": "population", "type": "rejet", "charts": [{"type": "bar", "title": "Volume annuel (m³) — 3681611 CANADA INC.", "labels": ["2001", "2002", "2003", "2004", "2005", "2006", "2007", "2008", "2009", "2010", "2011", "2012", "2013", "2014", "2015", "2016", "2017", "2018", "2019", "2020", "2021", "2022", "2023", "2024", "2025"], "values": [17815.0, 17776.0, 17667.0, 17007.0, 17247.0, 17387.0, 16945.0, 16501.0, 16019.0, 15747.0, 15769.0, 15779.0, 15477.0, 16024.0, 16316.0, 16272.0, 16485.0, 16560.0, 16565.0, 16847.0, 17943.0, 19313.0, 19732.0, 19669.0, 16853.0]}, {"type": "line", "title": "Profil mensuel moyen (m³/mois)", "labels": ["Jan", "Fév", "Mar", "Avr", "Mai", "Jun", "Jul", "Aoû", "Sep", "Oct", "Nov", "Déc"], "values": [1502.8, 1267.8, 1645.8, 1495.4, 1578.5, 1495.9, 1458.7, 1378.7, 1253.4, 1367.5, 1275.1, 1416.5]}]}}, {"type": "Feature", "geometry": {"type": "Point", "coordinates": [-72.377309, 46.380371]}, "properties": {"id": "X2091162", "nom": "AIR LIQUIDE CANADA INC.", "nature": "NATU", "secteur": "autre", "type": "rejet", "charts": [{"type": "bar", "title": "Volume annuel (m³) — AIR LIQUIDE CANADA INC.", "labels": ["2001", "2002", "2003", "2004", "2005", "2006", "2007", "2008", "2009", "2010", "2011", "2012", "2013", "2014", "2015", "2016", "2017", "2018", "2019", "2020", "2021", "2022", "2023", "2024"], "values": [35319.0, 35833.0, 34815.0, 32913.0, 35363.0, 33992.0, 33619.0, 32486.0, 28507.0, 29948.0, 29900.0, 29116.0, 27927.0, 30070.0, 30483.0, 30542.0, 30593.0, 31109.0, 30322.0, 28679.0, 30284.0, 30875.0, 30653.0, 30136.0]}, {"type": "line", "title": "Profil mensuel moyen (m³/mois)", "labels": ["Jan", "Fév", "Mar", "Avr", "Mai", "Jun", "Jul", "Aoû", "Sep", "Oct", "Nov", "Déc"], "values": [2024.2, 2590.7, 2364.2, 3527.4, 1801.2, 5216.3, 404.0, 3277.1, 1695.8, 2731.7, 2925.3, 2837.5]}]}}, {"type": "Feature", "geometry": {"type": "Point", "coordinates": [-70.8737349476, 45.5807972859]}, "properties": {"id": "29260064", "nom": "TAFISA CANADA INC.", "nature": "EGOU", "secteur": "population", "type": "rejet", "charts": [{"type": "bar", "title": "Volume annuel (m³) — TAFISA CANADA INC.", "labels": ["2001", "2002", "2003", "2004", "2005", "2006", "2007", "2008", "2009", "2010", "2011", "2012", "2013", "2014", "2015", "2016", "2017", "2018", "2019", "2020", "2021", "2022", "2023", "2024", "2025"], "values": [3667.0, 3605.0, 3584.0, 3528.0, 3518.0, 3516.0, 3513.0, 3506.0, 3472.0, 3451.0, 3381.0, 3370.0, 3327.0, 3215.0, 3173.0, 3151.0, 3125.0, 3109.0, 3066.0, 3091.0, 3128.0, 3122.0, 3129.0, 3150.0, 2610.0]}, {"type": "line", "title": "Profil mensuel moyen (m³/mois)", "labels": ["Jan", "Fév", "Mar", "Avr", "Mai", "Jun", "Jul", "Aoû", "Sep", "Oct", "Nov", "Déc"], "values": [283.5, 264.1, 283.9, 274.4, 276.2, 269.3, 279.5, 282.9, 268.4, 281.2, 274.7, 284.3]}]}}, {"type": "Feature", "geometry": {"type": "Point", "coordinates": [-70.62309999, 46.16340008]}, "properties": {"id": "90440934", "nom": "PAVAGES ABENAKIS LTEE", "nature": "NATU", "secteur": "autre", "type": "rejet", "charts": [{"type": "bar", "title": "Volume annuel (m³) — PAVAGES ABENAKIS LTEE", "labels": ["2001", "2002", "2003", "2004", "2005", "2006", "2007", "2008", "2009", "2010", "2011", "2012", "2013", "2014", "2015", "2016", "2017", "2018", "2019", "2020", "2021", "2022", "2023", "2024"], "values": [50627.0, 51153.0, 49788.0, 47117.0, 50690.0, 48672.0, 48225.0, 46345.0, 40534.0, 42896.0, 42947.0, 41734.0, 40074.0, 43039.0, 43775.0, 43855.0, 44013.0, 44514.0, 43243.0, 40999.0, 43335.0, 44388.0, 44200.0, 43431.0]}, {"type": "line", "title": "Profil mensuel moyen (m³/mois)", "labels": ["Jan", "Fév", "Mar", "Avr", "Mai", "Jun", "Jul", "Aoû", "Sep", "Oct", "Nov", "Déc"], "values": [0.0, 0.0, 0.0, 3068.6, 6822.7, 6023.0, 3882.8, 3494.7, 6863.3, 9133.6, 5694.3, 0.0]}]}}, {"type": "Feature", "geometry": {"type": "Point", "coordinates": [-71.96768, 46.06527]}, "properties": {"id": "26442293", "nom": "LACTALIS CANADA INC.", "nature": "EGOU", "secteur": "population", "type": "rejet", "charts": [{"type": "bar", "title": "Volume annuel (m³) — LACTALIS CANADA INC.", "labels": ["2001", "2002", "2003", "2004", "2005", "2006", "2007", "2008", "2009", "2010", "2011", "2012", "2013", "2014", "2015", "2016", "2017", "2018", "2019", "2020", "2021", "2022", "2023", "2024", "2025"], "values": [781696.0, 774129.0, 779598.0, 772895.0, 780858.0, 780444.0, 785924.0, 788971.0, 791548.0, 804812.0, 813431.0, 823639.0, 822396.0, 828874.0, 828234.0, 832689.0, 832092.0, 836506.0, 830614.0, 835575.0, 842505.0, 840764.0, 846594.0, 858100.0, 702633.0]}, {"type": "line", "title": "Profil mensuel moyen (m³/mois)", "labels": ["Jan", "Fév", "Mar", "Avr", "Mai", "Jun", "Jul", "Aoû", "Sep", "Oct", "Nov", "Déc"], "values": [62197.8, 66955.5, 65206.5, 80692.9, 62142.7, 81524.9, 55128.8, 69393.8, 60334.9, 69814.3, 61848.5, 79014.7]}]}}, {"type": "Feature", "geometry": {"type": "Point", "coordinates": [-71.949294, 45.394815]}, "properties": {"id": "90324922", "nom": "BOMBARDIER PRODUITS RÉCRÉATIFS INC.", "nature": "EGOU", "secteur": "population", "type": "rejet", "charts": [{"type": "bar", "title": "Volume annuel (m³) — BOMBARDIER PRODUITS RÉCRÉATIFS INC.", "labels": ["2001", "2002", "2003", "2004", "2005", "2006", "2007", "2008", "2009", "2010", "2011", "2012", "2013", "2014", "2015", "2016", "2017", "2018", "2019", "2020", "2021", "2022", "2023", "2024", "2025"], "values": [994.0, 992.0, 1002.0, 1001.0, 1013.0, 1013.0, 1011.0, 1010.0, 1012.0, 1027.0, 1032.0, 1039.0, 1034.0, 1034.0, 1034.0, 1042.0, 1045.0, 1055.0, 1059.0, 1076.0, 1090.0, 1100.0, 1111.0, 1127.0, 929.0]}, {"type": "line", "title": "Profil mensuel moyen (m³/mois)", "labels": ["Jan", "Fév", "Mar", "Avr", "Mai", "Jun", "Jul", "Aoû", "Sep", "Oct", "Nov", "Déc"], "values": [43.8, 43.7, 43.8, 43.8, 42.6, 43.0, 43.2, 43.7, 42.9, 43.4, 43.7, 43.7]}]}}, {"type": "Feature", "geometry": {"type": "Point", "coordinates": [-75.2463202197, 45.5858821617]}, "properties": {"id": "53539565", "nom": "FORTRESS SPECIALTY CELLULOSE INC.", "nature": "NATU", "secteur": "papier", "type": "rejet", "charts": [{"type": "bar", "title": "Volume annuel (m³) — FORTRESS SPECIALTY CELLULOSE INC.", "labels": ["2001", "2002", "2003", "2004", "2005", "2006", "2007", "2008", "2009", "2010", "2011", "2012", "2013", "2014", "2015", "2016", "2017", "2018", "2019", "2020", "2021", "2022", "2023", "2024"], "values": [15398023.0, 15780235.0, 14862530.0, 12925827.0, 15012268.0, 13841121.0, 13614509.0, 12443564.0, 9431048.0, 10516364.0, 10071445.0, 9093891.0, 7992111.0, 9094094.0, 9096644.0, 8786575.0, 8235902.0, 8025720.0, 6942602.0, 6114812.0, 6282348.0, 6807752.0, 7235790.0, 6283700.0]}, {"type": "line", "title": "Profil mensuel moyen (m³/mois)", "labels": ["Jan", "Fév", "Mar", "Avr", "Mai", "Jun", "Jul", "Aoû", "Sep", "Oct", "Nov", "Déc"], "values": [888566.1, 872810.3, 920130.0, 954329.5, 933591.3, 840698.1, 855219.0, 881377.4, 703888.5, 636349.9, 816217.9, 858858.4]}]}}, {"type": "Feature", "geometry": {"type": "Point", "coordinates": [-76.10233, 52.70725]}, "properties": {"id": "X2072330", "nom": "Goldcorp Canada LTD.", "nature": "NATU", "secteur": "autre", "type": "rejet", "charts": [{"type": "bar", "title": "Volume annuel (m³) — Goldcorp Canada LTD.", "labels": ["2001", "2002", "2003", "2004", "2005", "2006", "2007", "2008", "2009", "2010", "2011", "2012", "2013", "2014", "2015", "2016", "2017", "2018", "2019", "2020", "2021", "2022", "2023", "2024"], "values": [2963.0, 3015.0, 2924.0, 2771.0, 2968.0, 2858.0, 2823.0, 2728.0, 2391.0, 2523.0, 2517.0, 2448.0, 2351.0, 2524.0, 2570.0, 2570.0, 2572.0, 2623.0, 2550.0, 2411.0, 2537.0, 2597.0, 2582.0, 2538.0]}, {"type": "line", "title": "Profil mensuel moyen (m³/mois)", "labels": ["Jan", "Fév", "Mar", "Avr", "Mai", "Jun", "Jul", "Aoû", "Sep", "Oct", "Nov", "Déc"], "values": [85.7, 78.0, 88.6, 147.5, 124.2, 116.3, 117.1, 125.5, 130.1, 114.6, 108.0, 84.4]}]}}, {"type": "Feature", "geometry": {"type": "Point", "coordinates": [-73.4083055556, 45.7317777778]}, "properties": {"id": "51782654", "nom": "3313045 Nova Scotia Company", "nature": "NATU", "secteur": "autre", "type": "rejet", "charts": [{"type": "bar", "title": "Volume annuel (m³) — 3313045 Nova Scotia Company", "labels": ["2001", "2002", "2003", "2004", "2005", "2006", "2007", "2008", "2009", "2010", "2011", "2012", "2013", "2014", "2015", "2016", "2017", "2018", "2019", "2020", "2021", "2022", "2023", "2024"], "values": [1772.0, 1808.0, 1750.0, 1662.0, 1772.0, 1710.0, 1689.0, 1635.0, 1437.0, 1512.0, 1505.0, 1467.0, 1409.0, 1511.0, 1537.0, 1537.0, 1537.0, 1572.0, 1531.0, 1443.0, 1519.0, 1553.0, 1541.0, 1513.0]}, {"type": "line", "title": "Profil mensuel moyen (m³/mois)", "labels": ["Jan", "Fév", "Mar", "Avr", "Mai", "Jun", "Jul", "Aoû", "Sep", "Oct", "Nov", "Déc"], "values": [200.2, 213.6, 255.1, 208.9, 102.1, 55.6, 75.4, 165.3, 42.1, 79.2, 76.6, 105.9]}]}}, {"type": "Feature", "geometry": {"type": "Point", "coordinates": [-73.3880555, 46.0388889]}, "properties": {"id": "90454778", "nom": "LES CARRIÈRES JOLIETTE INC.", "nature": "NATU", "secteur": "autre", "type": "rejet", "charts": [{"type": "bar", "title": "Volume annuel (m³) — LES CARRIÈRES JOLIETTE INC.", "labels": ["2001", "2002", "2003", "2004", "2005", "2006", "2007", "2008", "2009", "2010", "2011", "2012", "2013", "2014", "2015", "2016", "2017", "2018", "2019", "2020", "2021", "2022", "2023", "2024"], "values": [638719.0, 650741.0, 630714.0, 596072.0, 641742.0, 614492.0, 607075.0, 587232.0, 514502.0, 543256.0, 542444.0, 527774.0, 505812.0, 543654.0, 553667.0, 554294.0, 553148.0, 566642.0, 549773.0, 519861.0, 547737.0, 559593.0, 555926.0, 547315.0]}, {"type": "line", "title": "Profil mensuel moyen (m³/mois)", "labels": ["Jan", "Fév", "Mar", "Avr", "Mai", "Jun", "Jul", "Aoû", "Sep", "Oct", "Nov", "Déc"], "values": [917.2, 9543.2, 18704.9, 21435.3, 16327.8, 32176.8, 37593.1, 55283.1, 33360.3, 25187.6, 22189.7, 11701.3]}]}}, {"type": "Feature", "geometry": {"type": "Point", "coordinates": [-73.407999, 45.530274]}, "properties": {"id": "52485455", "nom": "PRATT & WHITNEY CANADA CIE.", "nature": "EGOU", "secteur": "population", "type": "rejet", "charts": [{"type": "bar", "title": "Volume annuel (m³) — PRATT & WHITNEY CANADA CIE.", "labels": ["2001", "2002", "2003", "2004", "2005", "2006", "2007", "2008", "2009", "2010", "2011", "2012", "2013", "2014", "2015", "2016", "2017", "2018", "2019", "2020", "2021", "2022", "2023", "2024", "2025"], "values": [42102.0, 41661.0, 41594.0, 41170.0, 41342.0, 40926.0, 40461.0, 40086.0, 39816.0, 40157.0, 40143.0, 40263.0, 40133.0, 40112.0, 40109.0, 40278.0, 40307.0, 40847.0, 41016.0, 41603.0, 41644.0, 41278.0, 41847.0, 42810.0, 36247.0]}, {"type": "line", "title": "Profil mensuel moyen (m³/mois)", "labels": ["Jan", "Fév", "Mar", "Avr", "Mai", "Jun", "Jul", "Aoû", "Sep", "Oct", "Nov", "Déc"], "values": [2928.0, 3515.8, 3585.6, 3975.3, 3642.0, 3160.6, 3764.3, 4811.1, 2883.0, 2774.1, 2733.0, 3181.8]}]}}, {"type": "Feature", "geometry": {"type": "Point", "coordinates": [-72.444049, 48.614976]}, "properties": {"id": "28683803", "nom": "Usine de congélation de St-Bruno inc.", "nature": "EGOU", "secteur": "population", "type": "rejet", "charts": [{"type": "bar", "title": "Volume annuel (m³) — Usine de congélation de St-Bruno inc.", "labels": ["2001", "2002", "2003", "2004", "2005", "2006", "2007", "2008", "2009", "2010", "2011", "2012", "2013", "2014", "2015", "2016", "2017", "2018", "2019", "2020", "2021", "2022", "2023", "2024", "2025"], "values": [28073.0, 27613.0, 27040.0, 26453.0, 26881.0, 26169.0, 26148.0, 25838.0, 25576.0, 25565.0, 25168.0, 25121.0, 24572.0, 24437.0, 24370.0, 24377.0, 23779.0, 23880.0, 23467.0, 23127.0, 23518.0, 23437.0, 23011.0, 23306.0, 21269.0]}, {"type": "line", "title": "Profil mensuel moyen (m³/mois)", "labels": ["Jan", "Fév", "Mar", "Avr", "Mai", "Jun", "Jul", "Aoû", "Sep", "Oct", "Nov", "Déc"], "values": [455.0, 626.9, 605.8, 708.4, 591.5, 836.3, 3006.1, 10767.9, 3473.4, 2296.6, 889.1, 694.2]}]}}, {"type": "Feature", "geometry": {"type": "Point", "coordinates": [-64.3974781245, 48.4192034108]}, "properties": {"id": "X1101504", "nom": "E.GAGNON ET FILS LTÉE", "nature": "EGOU", "secteur": "population", "type": "rejet", "charts": [{"type": "bar", "title": "Volume annuel (m³) — E.GAGNON ET FILS LTÉE", "labels": ["2001", "2002", "2003", "2004", "2005", "2006", "2007", "2008", "2009", "2010", "2011", "2012", "2013", "2014", "2015", "2016", "2017", "2018", "2019", "2020", "2021", "2022", "2023", "2024", "2025"], "values": [30335.0, 29904.0, 29386.0, 28693.0, 28211.0, 27681.0, 27338.0, 26945.0, 26041.0, 25770.0, 25418.0, 25177.0, 24606.0, 24561.0, 23890.0, 23777.0, 23509.0, 22940.0, 22285.0, 22427.0, 22399.0, 22321.0, 22015.0, 22381.0, 15650.0]}, {"type": "line", "title": "Profil mensuel moyen (m³/mois)", "labels": ["Jan", "Fév", "Mar", "Avr", "Mai", "Jun", "Jul", "Aoû", "Sep", "Oct", "Nov", "Déc"], "values": [3421.3, 4039.2, 5904.4, 2422.8, 310.8, 339.1, 275.6, 372.3, 141.4, 373.5, 4089.3, 3562.8]}]}}, {"type": "Feature", "geometry": {"type": "Point", "coordinates": [-69.5027705, 47.8389816]}, "properties": {"id": "X2009925", "nom": "Les Viandes Du Breton inc.", "nature": "EGOU", "secteur": "population", "type": "rejet", "charts": [{"type": "bar", "title": "Volume annuel (m³) — Les Viandes Du Breton inc.", "labels": ["2001", "2002", "2003", "2004", "2005", "2006", "2007", "2008", "2009", "2010", "2011", "2012", "2013", "2014", "2015", "2016", "2017", "2018", "2019", "2020", "2021", "2022", "2023", "2024", "2025"], "values": [234120.0, 231285.0, 232331.0, 231424.0, 235155.0, 234366.0, 236233.0, 235863.0, 235500.0, 237154.0, 237794.0, 237124.0, 235808.0, 233738.0, 231589.0, 230931.0, 231490.0, 232067.0, 230645.0, 230848.0, 232323.0, 231027.0, 232181.0, 233162.0, 192356.0]}, {"type": "line", "title": "Profil mensuel moyen (m³/mois)", "labels": ["Jan", "Fév", "Mar", "Avr", "Mai", "Jun", "Jul", "Aoû", "Sep", "Oct", "Nov", "Déc"], "values": [20386.9, 19137.0, 19900.3, 19165.1, 17916.0, 16030.5, 19313.1, 20331.9, 20732.0, 21745.5, 19740.5, 19011.9]}]}}, {"type": "Feature", "geometry": {"type": "Point", "coordinates": [-72.73818, 45.40435]}, "properties": {"id": "90260373", "nom": "LACTALIS CANADA INC.", "nature": "EGOU", "secteur": "population", "type": "rejet", "charts": [{"type": "bar", "title": "Volume annuel (m³) — LACTALIS CANADA INC.", "labels": ["2001", "2002", "2003", "2004", "2005", "2006", "2007", "2008", "2009", "2010", "2011", "2012", "2013", "2014", "2015", "2016", "2017", "2018", "2019", "2020", "2021", "2022", "2023", "2024", "2025"], "values": [338166.0, 336063.0, 337180.0, 338361.0, 345437.0, 347357.0, 349144.0, 350644.0, 351085.0, 357375.0, 359889.0, 362027.0, 361030.0, 361056.0, 361120.0, 362872.0, 362479.0, 362730.0, 361723.0, 365307.0, 369709.0, 369055.0, 372187.0, 375625.0, 306684.0]}, {"type": "line", "title": "Profil mensuel moyen (m³/mois)", "labels": ["Jan", "Fév", "Mar", "Avr", "Mai", "Jun", "Jul", "Aoû", "Sep", "Oct", "Nov", "Déc"], "values": [27572.7, 27651.5, 27571.8, 36756.0, 25694.2, 32224.9, 31413.3, 29496.9, 26250.5, 28979.7, 25713.1, 37787.7]}]}}, {"type": "Feature", "geometry": {"type": "Point", "coordinates": [-72.3996666667, 46.3726944444]}, "properties": {"id": "55206361", "nom": "Alubar Métaux Inc.", "nature": "NATU", "secteur": "autre", "type": "rejet", "charts": [{"type": "bar", "title": "Volume annuel (m³) — Alubar Métaux Inc.", "labels": ["2001", "2002", "2003", "2004", "2005", "2006", "2007", "2008", "2009", "2010", "2011", "2012", "2013", "2014", "2015", "2016", "2017", "2018", "2019", "2020", "2021", "2022", "2023", "2024"], "values": [34.0, 34.0, 33.0, 32.0, 34.0, 33.0, 32.0, 31.0, 27.0, 29.0, 29.0, 28.0, 27.0, 29.0, 29.0, 29.0, 29.0, 30.0, 29.0, 28.0, 29.0, 30.0, 29.0, 29.0]}, {"type": "line", "title": "Profil mensuel moyen (m³/mois)", "labels": ["Jan", "Fév", "Mar", "Avr", "Mai", "Jun", "Jul", "Aoû", "Sep", "Oct", "Nov", "Déc"], "values": [1.5, 1.4, 3.3, 3.8, 2.9, 2.7, 2.6, 4.0, 1.4, 2.3, 2.4, 1.9]}]}}, {"type": "Feature", "geometry": {"type": "Point", "coordinates": [-73.583175073, 45.542042112]}, "properties": {"id": "X0000158", "nom": "Boulangerie Canada Bread, Limitée", "nature": "EGOU", "secteur": "population", "type": "rejet", "charts": [{"type": "bar", "title": "Volume annuel (m³) — Boulangerie Canada Bread, Limitée", "labels": ["2001", "2002", "2003", "2004", "2005", "2006", "2007", "2008", "2009", "2010", "2011", "2012", "2013", "2014", "2015", "2016", "2017", "2018", "2019", "2020", "2021", "2022", "2023", "2024", "2025"], "values": [10786.0, 10757.0, 10728.0, 10610.0, 10706.0, 10582.0, 10486.0, 10421.0, 10409.0, 10512.0, 10502.0, 10543.0, 10488.0, 10487.0, 10471.0, 10488.0, 10510.0, 10715.0, 10752.0, 10776.0, 10535.0, 10514.0, 10793.0, 11161.0, 9404.0]}, {"type": "line", "title": "Profil mensuel moyen (m³/mois)", "labels": ["Jan", "Fév", "Mar", "Avr", "Mai", "Jun", "Jul", "Aoû", "Sep", "Oct", "Nov", "Déc"], "values": [1237.6, 695.8, 407.4, 407.4, 396.4, 981.7, 1430.5, 1727.0, 1006.7, 763.3, 453.3, 1121.4]}]}}, {"type": "Feature", "geometry": {"type": "Point", "coordinates": [-73.923618, 45.619706]}, "properties": {"id": "90248691", "nom": "GROUPE CRH CANADA INC.", "nature": "NATU", "secteur": "autre", "type": "rejet", "charts": [{"type": "bar", "title": "Volume annuel (m³) — GROUPE CRH CANADA INC.", "labels": ["2001", "2002", "2003", "2004", "2005", "2006", "2007", "2008", "2009", "2010", "2011", "2012", "2013", "2014", "2015", "2016", "2017", "2018", "2019", "2020", "2021", "2022", "2023", "2024"], "values": [44641.0, 45745.0, 44267.0, 42219.0, 44679.0, 43265.0, 42693.0, 41364.0, 36470.0, 38152.0, 38012.0, 37431.0, 35648.0, 38196.0, 38832.0, 38772.0, 38870.0, 39721.0, 38915.0, 36521.0, 38332.0, 39160.0, 38874.0, 38056.0]}, {"type": "line", "title": "Profil mensuel moyen (m³/mois)", "labels": ["Jan", "Fév", "Mar", "Avr", "Mai", "Jun", "Jul", "Aoû", "Sep", "Oct", "Nov", "Déc"], "values": [0.0, 0.0, 39951.5, 0.0, 0.0, 0.0, 0.0, 0.0, 0.0, 0.0, 0.0, 0.0]}]}}, {"type": "Feature", "geometry": {"type": "Point", "coordinates": [-71.57238, 46.66114]}, "properties": {"id": "26914044", "nom": "FROMAGERIE BERGERON INC.", "nature": "EGOU", "secteur": "population", "type": "rejet", "charts": [{"type": "bar", "title": "Volume annuel (m³) — FROMAGERIE BERGERON INC.", "labels": ["2001", "2002", "2003", "2004", "2005", "2006", "2007", "2008", "2009", "2010", "2011", "2012", "2013", "2014", "2015", "2016", "2017", "2018", "2019", "2020", "2021", "2022", "2023", "2024", "2025"], "values": [56875.0, 56334.0, 55349.0, 54787.0, 55028.0, 55815.0, 56448.0, 56806.0, 57914.0, 58755.0, 59856.0, 60738.0, 60002.0, 59190.0, 59052.0, 57735.0, 57553.0, 57309.0, 56949.0, 57165.0, 60091.0, 60295.0, 61043.0, 62493.0, 50846.0]}, {"type": "line", "title": "Profil mensuel moyen (m³/mois)", "labels": ["Jan", "Fév", "Mar", "Avr", "Mai", "Jun", "Jul", "Aoû", "Sep", "Oct", "Nov", "Déc"], "values": [4631.6, 4637.0, 4788.1, 5110.8, 5140.7, 4715.9, 5243.0, 5547.0, 4382.8, 4810.9, 4579.5, 4555.2]}]}}, {"type": "Feature", "geometry": {"type": "Point", "coordinates": [-73.4562777778, 61.5549444444]}, "properties": {"id": "X2085416", "nom": "CANADIAN ROYALTIES INC.", "nature": "NATU", "secteur": "autre", "type": "rejet", "charts": [{"type": "bar", "title": "Volume annuel (m³) — CANADIAN ROYALTIES INC.", "labels": ["2001", "2002", "2003", "2004", "2005", "2006", "2007", "2008", "2009", "2010", "2011", "2012", "2013", "2014", "2015", "2016", "2017", "2018", "2019", "2020", "2021", "2022", "2023", "2024"], "values": [1030226.0, 1048980.0, 1017472.0, 963739.0, 1033767.0, 992852.0, 981697.0, 948049.0, 830563.0, 876440.0, 875806.0, 851224.0, 817339.0, 877839.0, 893690.0, 893954.0, 895346.0, 912200.0, 887009.0, 838293.0, 882314.0, 902889.0, 899018.0, 883257.0]}, {"type": "line", "title": "Profil mensuel moyen (m³/mois)", "labels": ["Jan", "Fév", "Mar", "Avr", "Mai", "Jun", "Jul", "Aoû", "Sep", "Oct", "Nov", "Déc"], "values": [10141.6, 9903.5, 11208.8, 10802.4, 11981.5, 14668.2, 15621.2, 14959.2, 19220.1, 15870.9, 10251.2, 8385.2]}]}}, {"type": "Feature", "geometry": {"type": "Point", "coordinates": [-71.94176, 45.3364]}, "properties": {"id": "53287819", "nom": "GROUPE COLAS QUÉBEC INC.", "nature": "NATU", "secteur": "autre", "type": "rejet", "charts": [{"type": "bar", "title": "Volume annuel (m³) — GROUPE COLAS QUÉBEC INC.", "labels": ["2001", "2002", "2003", "2004", "2005", "2006", "2007", "2008", "2009", "2010", "2011", "2012", "2013", "2014", "2015", "2016", "2017", "2018", "2019", "2020", "2021", "2022", "2023", "2024"], "values": [188781.0, 192167.0, 186351.0, 176668.0, 189096.0, 182089.0, 179875.0, 173886.0, 152447.0, 160729.0, 160400.0, 156012.0, 149857.0, 160888.0, 163688.0, 163723.0, 163911.0, 167134.0, 162683.0, 153722.0, 161581.0, 165472.0, 164473.0, 161592.0]}, {"type": "line", "title": "Profil mensuel moyen (m³/mois)", "labels": ["Jan", "Fév", "Mar", "Avr", "Mai", "Jun", "Jul", "Aoû", "Sep", "Oct", "Nov", "Déc"], "values": [14115.7, 14101.0, 14136.7, 14137.0, 13749.6, 13873.8, 13913.3, 14085.4, 13831.4, 14024.2, 14124.0, 14125.5]}]}}, {"type": "Feature", "geometry": {"type": "Point", "coordinates": [-70.2300833333, 47.7046388889]}, "properties": {"id": "54584552", "nom": "PF RÉSOLU CANADA INC.", "nature": "NATU", "secteur": "papier", "type": "rejet", "charts": [{"type": "bar", "title": "Volume annuel (m³) — PF RÉSOLU CANADA INC.", "labels": ["2001", "2002", "2003", "2004", "2005", "2006", "2007", "2008", "2009", "2010", "2011", "2012", "2013", "2014", "2015", "2016", "2017", "2018", "2019", "2020", "2021", "2022", "2023", "2024"], "values": [18231942.0, 18690385.0, 17600131.0, 15311116.0, 17790015.0, 16383269.0, 16127263.0, 14734426.0, 11162934.0, 12446157.0, 11932067.0, 10766951.0, 9465510.0, 10771054.0, 10769403.0, 10407509.0, 9760745.0, 9501756.0, 8223469.0, 7241162.0, 7441252.0, 8063797.0, 8576119.0, 7443052.0]}, {"type": "line", "title": "Profil mensuel moyen (m³/mois)", "labels": ["Jan", "Fév", "Mar", "Avr", "Mai", "Jun", "Jul", "Aoû", "Sep", "Oct", "Nov", "Déc"], "values": [1020043.2, 947517.3, 1048119.7, 986638.1, 986498.5, 995596.4, 1104512.5, 1033698.9, 929859.1, 969083.2, 997459.0, 1016036.0]}]}}, {"type": "Feature", "geometry": {"type": "Point", "coordinates": [-73.5509977972, 45.5656569394]}, "properties": {"id": "X2000271", "nom": "Boulangerie Canada Bread, Limitée", "nature": "EGOU", "secteur": "population", "type": "rejet", "charts": [{"type": "bar", "title": "Volume annuel (m³) — Boulangerie Canada Bread, Limitée", "labels": ["2001", "2002", "2003", "2004", "2005", "2006", "2007", "2008", "2009", "2010", "2011", "2012", "2013", "2014", "2015", "2016", "2017", "2018", "2019", "2020", "2021", "2022", "2023", "2024", "2025"], "values": [13319.0, 13252.0, 13235.0, 13108.0, 13186.0, 13093.0, 12970.0, 12877.0, 12859.0, 12988.0, 12964.0, 13024.0, 12963.0, 12946.0, 12932.0, 12937.0, 13001.0, 13193.0, 13252.0, 13291.0, 13000.0, 12986.0, 13344.0, 13781.0, 11546.0]}, {"type": "line", "title": "Profil mensuel moyen (m³/mois)", "labels": ["Jan", "Fév", "Mar", "Avr", "Mai", "Jun", "Jul", "Aoû", "Sep", "Oct", "Nov", "Déc"], "values": [1060.1, 970.8, 1109.7, 1255.7, 1024.7, 1128.8, 1258.3, 1055.9, 1223.8, 1035.5, 988.1, 1010.2]}]}}, {"type": "Feature", "geometry": {"type": "Point", "coordinates": [-73.621067, 45.669193]}, "properties": {"id": "90490632", "nom": "GROUPE CRH CANADA INC.", "nature": "NATU", "secteur": "autre", "type": "rejet", "charts": [{"type": "bar", "title": "Volume annuel (m³) — GROUPE CRH CANADA INC.", "labels": ["2001", "2002", "2003", "2004", "2005", "2006", "2007", "2008", "2009", "2010", "2011", "2012", "2013", "2014", "2015", "2016", "2017", "2018", "2019", "2020", "2021", "2022", "2023", "2024"], "values": [423067.0, 431725.0, 417854.0, 394723.0, 424524.0, 407744.0, 401792.0, 389819.0, 341597.0, 361149.0, 358979.0, 349478.0, 335094.0, 359852.0, 367042.0, 366997.0, 365573.0, 376142.0, 364449.0, 344368.0, 363130.0, 370162.0, 367786.0, 362167.0]}, {"type": "line", "title": "Profil mensuel moyen (m³/mois)", "labels": ["Jan", "Fév", "Mar", "Avr", "Mai", "Jun", "Jul", "Aoû", "Sep", "Oct", "Nov", "Déc"], "values": [0.0, 0.0, 0.0, 79453.9, 23238.4, 37005.8, 50643.1, 83718.6, 31714.8, 12622.4, 18692.8, 39793.9]}]}}, {"type": "Feature", "geometry": {"type": "Point", "coordinates": [-73.08339, 45.44145]}, "properties": {"id": "90480559", "nom": "Vins Arterra Canada, division Québec, Inc.", "nature": "EGOU", "secteur": "population", "type": "rejet", "charts": [{"type": "bar", "title": "Volume annuel (m³) — Vins Arterra Canada, division Québec, In", "labels": ["2001", "2002", "2003", "2004", "2005", "2006", "2007", "2008", "2009", "2010", "2011", "2012", "2013", "2014", "2015", "2016", "2017", "2018", "2019", "2020", "2021", "2022", "2023", "2024", "2025"], "values": [64793.0, 64131.0, 63700.0, 63209.0, 63674.0, 63025.0, 62550.0, 62699.0, 62950.0, 62925.0, 63374.0, 63087.0, 62167.0, 61975.0, 61488.0, 62312.0, 61087.0, 61334.0, 59672.0, 59736.0, 59623.0, 57796.0, 58649.0, 59089.0, 54029.0]}, {"type": "line", "title": "Profil mensuel moyen (m³/mois)", "labels": ["Jan", "Fév", "Mar", "Avr", "Mai", "Jun", "Jul", "Aoû", "Sep", "Oct", "Nov", "Déc"], "values": [3225.6, 7524.3, 7274.7, 7428.6, 6432.0, 5986.9, 5487.9, 5145.1, 3932.3, 2846.6, 3131.4, 3409.3]}]}}, {"type": "Feature", "geometry": {"type": "Point", "coordinates": [-66.4334292869, 50.1630668373]}, "properties": {"id": "26185066", "nom": "ALUMINERIE ALOUETTE INC.", "nature": "EGOU", "secteur": "population", "type": "rejet", "charts": [{"type": "bar", "title": "Volume annuel (m³) — ALUMINERIE ALOUETTE INC.", "labels": ["2001", "2002", "2003", "2004", "2005", "2006", "2007", "2008", "2009", "2010", "2011", "2012", "2013", "2014", "2015", "2016", "2017", "2018", "2019", "2020", "2021", "2022", "2023", "2024", "2025"], "values": [55.0, 53.0, 53.0, 53.0, 53.0, 53.0, 52.0, 52.0, 52.0, 52.0, 52.0, 52.0, 51.0, 51.0, 50.0, 49.0, 48.0, 48.0, 47.0, 47.0, 47.0, 46.0, 46.0, 45.0, 37.0]}, {"type": "line", "title": "Profil mensuel moyen (m³/mois)", "labels": ["Jan", "Fév", "Mar", "Avr", "Mai", "Jun", "Jul", "Aoû", "Sep", "Oct", "Nov", "Déc"], "values": [5.9, 5.6, 9.4, 4.7, 2.8, 2.6, 1.9, 2.4, 2.2, 3.9, 4.2, 4.4]}]}}, {"type": "Feature", "geometry": {"type": "Point", "coordinates": [-73.8474961013, 45.4564397038]}, "properties": {"id": "90466087", "nom": "Jubilant HollisterStier General Partnership", "nature": "EGOU", "secteur": "population", "type": "rejet", "charts": [{"type": "bar", "title": "Volume annuel (m³) — Jubilant HollisterStier General Partners", "labels": ["2001", "2002", "2003", "2004", "2005", "2006", "2007", "2008", "2009", "2010", "2011", "2012", "2013", "2014", "2015", "2016", "2017", "2018", "2019", "2020", "2021", "2022", "2023", "2024", "2025"], "values": [148260.0, 147232.0, 147668.0, 145838.0, 145337.0, 142403.0, 142644.0, 141955.0, 141613.0, 142917.0, 143372.0, 141981.0, 138056.0, 136150.0, 134035.0, 131793.0, 129988.0, 129009.0, 127333.0, 125906.0, 123599.0, 124073.0, 124202.0, 123161.0, 96099.0]}, {"type": "line", "title": "Profil mensuel moyen (m³/mois)", "labels": ["Jan", "Fév", "Mar", "Avr", "Mai", "Jun", "Jul", "Aoû", "Sep", "Oct", "Nov", "Déc"], "values": [8269.6, 8144.3, 8659.9, 8166.4, 9319.9, 9880.7, 12466.4, 14808.1, 13676.9, 14408.8, 13852.4, 14464.2]}]}}, {"type": "Feature", "geometry": {"type": "Point", "coordinates": [-71.872988, 46.709463]}, "properties": {"id": "11739596", "nom": "MPI MOULIN À PAPIER DE PORTNEUF, INC.", "nature": "NATU", "secteur": "papier", "type": "rejet", "charts": [{"type": "bar", "title": "Volume annuel (m³) — MPI MOULIN À PAPIER DE PORTNEUF, INC.", "labels": ["2001", "2002", "2003", "2004", "2005", "2006", "2007", "2008", "2009", "2010", "2011", "2012", "2013", "2014", "2015", "2016", "2017", "2018", "2019", "2020", "2021", "2022", "2023", "2024"], "values": [710.0, 727.0, 685.0, 596.0, 693.0, 639.0, 628.0, 574.0, 434.0, 485.0, 464.0, 419.0, 369.0, 419.0, 419.0, 405.0, 380.0, 370.0, 320.0, 282.0, 289.0, 314.0, 334.0, 290.0]}, {"type": "line", "title": "Profil mensuel moyen (m³/mois)", "labels": ["Jan", "Fév", "Mar", "Avr", "Mai", "Jun", "Jul", "Aoû", "Sep", "Oct", "Nov", "Déc"], "values": [41.6, 36.2, 44.4, 41.8, 44.7, 49.1, 54.1, 28.3, 32.9, 28.9, 33.6, 32.9]}]}}, {"type": "Feature", "geometry": {"type": "Point", "coordinates": [-71.951173, 46.686467]}, "properties": {"id": "55133573", "nom": "COMPAGNIE DE GESTION ALCOA-LAURALCO", "nature": "NATU", "secteur": "metaux", "type": "rejet", "charts": [{"type": "bar", "title": "Volume annuel (m³) — COMPAGNIE DE GESTION ALCOA-LAURALCO", "labels": ["2001", "2002", "2003", "2004", "2005", "2006", "2007", "2008", "2009", "2010", "2011", "2012", "2013", "2014", "2015", "2016", "2017", "2018", "2019", "2020", "2021", "2022", "2023", "2024", "2025"], "values": [1134691.0, 1113356.0, 1014585.0, 1108605.0, 1206613.0, 1156607.0, 1210906.0, 1186243.0, 990619.0, 1036442.0, 1087311.0, 1069411.0, 987986.0, 1057314.0, 1044769.0, 974630.0, 991098.0, 1013043.0, 1032059.0, 983704.0, 970352.0, 927103.0, 938699.0, 914496.0, 19106.0]}, {"type": "line", "title": "Profil mensuel moyen (m³/mois)", "labels": ["Jan", "Fév", "Mar", "Avr", "Mai", "Jun", "Jul", "Aoû", "Sep", "Oct", "Nov", "Déc"], "values": [25436.3, 20892.7, 32463.3, 39243.0, 24094.0, 23903.3, 25172.1, 36998.5, 31115.5, 26422.5, 28761.1, 31108.9]}]}}, {"type": "Feature", "geometry": {"type": "Point", "coordinates": [-75.729673269, 45.4386626727]}, "properties": {"id": "53372165", "nom": "ST. MARYS CEMENT INC. (CANADA)", "nature": "EGOU", "secteur": "population", "type": "rejet", "charts": [{"type": "bar", "title": "Volume annuel (m³) — ST. MARYS CEMENT INC. (CANADA)", "labels": ["2001", "2002", "2003", "2004", "2005", "2006", "2007", "2008", "2009", "2010", "2011", "2012", "2013", "2014", "2015", "2016", "2017", "2018", "2019", "2020", "2021", "2022", "2023", "2024", "2025"], "values": [2985.0, 2980.0, 3014.0, 3029.0, 3065.0, 3063.0, 3087.0, 3116.0, 3151.0, 3222.0, 3261.0, 3282.0, 3262.0, 3257.0, 3260.0, 3280.0, 3288.0, 3310.0, 3320.0, 3352.0, 3364.0, 3348.0, 3375.0, 3427.0, 2933.0]}, {"type": "line", "title": "Profil mensuel moyen (m³/mois)", "labels": ["Jan", "Fév", "Mar", "Avr", "Mai", "Jun", "Jul", "Aoû", "Sep", "Oct", "Nov", "Déc"], "values": [429.1, 401.4, 430.2, 219.0, 198.2, 193.5, 223.7, 228.8, 217.4, 227.5, 221.5, 228.9]}]}}, {"type": "Feature", "geometry": {"type": "Point", "coordinates": [-72.639435, 46.627538]}, "properties": {"id": "29101334", "nom": "PRODUITS FORESTIERS ARBEC INC.", "nature": "NATU", "secteur": "bois", "type": "rejet", "charts": [{"type": "bar", "title": "Volume annuel (m³) — PRODUITS FORESTIERS ARBEC INC.", "labels": ["2001", "2002", "2003", "2004", "2005", "2006", "2007", "2008", "2009", "2010", "2011", "2012", "2013", "2014", "2015", "2016", "2017", "2018", "2019", "2020", "2021", "2022", "2023", "2024"], "values": [127601.0, 139145.0, 134793.0, 127798.0, 140912.0, 136385.0, 122361.0, 115691.0, 99757.0, 101612.0, 98823.0, 97091.0, 98817.0, 101743.0, 109064.0, 116745.0, 112062.0, 116964.0, 117524.0, 104258.0, 116259.0, 121222.0, 110251.0, 115966.0]}, {"type": "line", "title": "Profil mensuel moyen (m³/mois)", "labels": ["Jan", "Fév", "Mar", "Avr", "Mai", "Jun", "Jul", "Aoû", "Sep", "Oct", "Nov", "Déc"], "values": [7454.2, 7446.4, 7465.0, 7465.2, 7259.3, 11144.7, 11961.0, 11942.3, 12366.3, 8356.6, 10967.2, 12123.6]}]}}, {"type": "Feature", "geometry": {"type": "Point", "coordinates": [-71.987497, 45.398207]}, "properties": {"id": "X0501318", "nom": "Cooper-Standard Automotive Canada Limited", "nature": "EGOU", "secteur": "population", "type": "rejet", "charts": [{"type": "bar", "title": "Volume annuel (m³) — Cooper-Standard Automotive Canada Limite", "labels": ["2001", "2002", "2003", "2004", "2005", "2006", "2007", "2008", "2009", "2010", "2011", "2012", "2013", "2014", "2015", "2016", "2017", "2018", "2019", "2020", "2021", "2022", "2023", "2024", "2025"], "values": [4379.0, 4367.0, 4410.0, 4407.0, 4460.0, 4462.0, 4453.0, 4448.0, 4452.0, 4519.0, 4549.0, 4573.0, 4555.0, 4554.0, 4554.0, 4589.0, 4600.0, 4645.0, 4662.0, 4742.0, 4799.0, 4854.0, 4891.0, 4962.0, 3736.0]}, {"type": "line", "title": "Profil mensuel moyen (m³/mois)", "labels": ["Jan", "Fév", "Mar", "Avr", "Mai", "Jun", "Jul", "Aoû", "Sep", "Oct", "Nov", "Déc"], "values": [232.1, 345.4, 258.5, 303.3, 423.3, 318.8, 415.4, 397.1, 326.0, 474.4, 676.9, 417.5]}]}}, {"type": "Feature", "geometry": {"type": "Point", "coordinates": [-73.515589, 45.123108]}, "properties": {"id": "X2195721", "nom": "VEGPRO INTERNATIONAL INC.", "nature": "NATU", "secteur": "autre", "type": "rejet", "charts": [{"type": "bar", "title": "Volume annuel (m³) — VEGPRO INTERNATIONAL INC.", "labels": ["2001", "2002", "2003", "2004", "2005", "2006", "2007", "2008", "2009", "2010", "2011", "2012", "2013", "2014", "2015", "2016", "2017", "2018", "2019", "2020", "2021", "2022", "2023", "2024"], "values": [367633.0, 374029.0, 362826.0, 343917.0, 368116.0, 354676.0, 350309.0, 338599.0, 296861.0, 312985.0, 312244.0, 303768.0, 291774.0, 313287.0, 318655.0, 318715.0, 319156.0, 325291.0, 316660.0, 299262.0, 314651.0, 322124.0, 320229.0, 314619.0]}, {"type": "line", "title": "Profil mensuel moyen (m³/mois)", "labels": ["Jan", "Fév", "Mar", "Avr", "Mai", "Jun", "Jul", "Aoû", "Sep", "Oct", "Nov", "Déc"], "values": [30559.2, 24658.7, 26998.8, 30774.8, 28387.8, 29280.4, 24725.1, 24959.9, 25547.7, 26644.7, 25853.8, 29125.2]}]}}, {"type": "Feature", "geometry": {"type": "Point", "coordinates": [-73.7203, 45.475]}, "properties": {"id": "90499740", "nom": "BOMBARDIER INC.", "nature": "EGOU", "secteur": "population", "type": "rejet", "charts": [{"type": "bar", "title": "Volume annuel (m³) — BOMBARDIER INC.", "labels": ["2001", "2002", "2003", "2004", "2005", "2006", "2007", "2008", "2009", "2010", "2011", "2012", "2013", "2014", "2015", "2016", "2017", "2018", "2019", "2020", "2021", "2022", "2023", "2024", "2025"], "values": [26645.0, 26420.0, 26309.0, 25979.0, 26076.0, 26085.0, 25835.0, 25600.0, 25247.0, 25539.0, 25553.0, 25759.0, 25665.0, 25605.0, 25733.0, 25789.0, 25817.0, 26214.0, 26136.0, 26017.0, 25458.0, 25674.0, 26012.0, 26618.0, 22369.0]}, {"type": "line", "title": "Profil mensuel moyen (m³/mois)", "labels": ["Jan", "Fév", "Mar", "Avr", "Mai", "Jun", "Jul", "Aoû", "Sep", "Oct", "Nov", "Déc"], "values": [2149.2, 2146.9, 2152.5, 2200.7, 2094.4, 2112.7, 2190.9, 2216.9, 2176.7, 2156.2, 2171.4, 2171.5]}]}}, {"type": "Feature", "geometry": {"type": "Point", "coordinates": [-73.7466698, 45.4925062]}, "properties": {"id": "23287170", "nom": "FINITION ULTRASPEC INC.", "nature": "EGOU", "secteur": "population", "type": "rejet", "charts": [{"type": "bar", "title": "Volume annuel (m³) — FINITION ULTRASPEC INC.", "labels": ["2001", "2002", "2003", "2004", "2005", "2006", "2007", "2008", "2009", "2010", "2011", "2012", "2013", "2014", "2015", "2016", "2017", "2018", "2019", "2020", "2021", "2022", "2023", "2024", "2025"], "values": [22506.0, 22377.0, 22348.0, 22144.0, 22259.0, 22109.0, 21909.0, 21744.0, 21724.0, 21940.0, 21898.0, 22005.0, 21904.0, 21871.0, 21842.0, 21859.0, 21959.0, 22282.0, 22386.0, 22449.0, 21962.0, 21951.0, 22528.0, 23269.0, 19213.0]}, {"type": "line", "title": "Profil mensuel moyen (m³/mois)", "labels": ["Jan", "Fév", "Mar", "Avr", "Mai", "Jun", "Jul", "Aoû", "Sep", "Oct", "Nov", "Déc"], "values": [1955.2, 1867.8, 1775.6, 1861.0, 1888.5, 1643.8, 1920.6, 1942.4, 1730.5, 1935.0, 1861.2, 1781.8]}]}}, {"type": "Feature", "geometry": {"type": "Point", "coordinates": [-72.523568, 48.739858]}, "properties": {"id": "X0202045", "nom": "FIBREK S.E.N.C.", "nature": "NATU", "secteur": "papier", "type": "rejet", "charts": [{"type": "bar", "title": "Volume annuel (m³) — FIBREK S.E.N.C.", "labels": ["2001", "2002", "2003", "2004", "2005", "2006", "2007", "2008", "2009", "2010", "2011", "2012", "2013", "2014", "2015", "2016", "2017", "2018", "2019", "2020", "2021", "2022", "2023", "2024"], "values": [57413050.0, 58838365.0, 55433236.0, 48165005.0, 56063290.0, 51581160.0, 50749359.0, 46355018.0, 35113449.0, 39183462.0, 37564130.0, 33906665.0, 29784011.0, 33909932.0, 33914884.0, 32772167.0, 30710278.0, 29937898.0, 25876603.0, 22802359.0, 23425549.0, 25381918.0, 26996884.0, 23457270.0]}, {"type": "line", "title": "Profil mensuel moyen (m³/mois)", "labels": ["Jan", "Fév", "Mar", "Avr", "Mai", "Jun", "Jul", "Aoû", "Sep", "Oct", "Nov", "Déc"], "values": [1590982.8, 1441967.1, 1530397.0, 1157063.4, 1667625.5, 1903580.8, 2046567.0, 1937218.7, 1749019.3, 1393019.6, 1287050.2, 1240007.4]}]}}, {"type": "Feature", "geometry": {"type": "Point", "coordinates": [-71.778588, 46.209248]}, "properties": {"id": "90463050", "nom": "SAPUTO PRODUITS LAITIERS CANADA S.E.N.C.", "nature": "EGOU", "secteur": "population", "type": "rejet", "charts": [{"type": "bar", "title": "Volume annuel (m³) — SAPUTO PRODUITS LAITIERS CANADA S.E.N.C.", "labels": ["2001", "2002", "2003", "2004", "2005", "2006", "2007", "2008", "2009", "2010", "2011", "2012", "2013", "2014", "2015", "2016", "2017", "2018", "2019", "2020", "2021", "2022", "2023", "2024", "2025"], "values": [110.0, 107.0, 106.0, 104.0, 104.0, 103.0, 102.0, 101.0, 101.0, 102.0, 101.0, 101.0, 99.0, 98.0, 97.0, 96.0, 95.0, 93.0, 92.0, 93.0, 93.0, 93.0, 95.0, 95.0, 78.0]}, {"type": "line", "title": "Profil mensuel moyen (m³/mois)", "labels": ["Jan", "Fév", "Mar", "Avr", "Mai", "Jun", "Jul", "Aoû", "Sep", "Oct", "Nov", "Déc"], "values": [3.9, 4.1, 4.5, 4.2, 4.2, 3.6, 4.0, 4.0, 4.2, 4.1, 4.0, 4.7]}]}}, {"type": "Feature", "geometry": {"type": "Point", "coordinates": [-71.851442, 45.364477]}, "properties": {"id": "52133105", "nom": "Produits Kruger inc.", "nature": "NATU", "secteur": "papier", "type": "rejet", "charts": [{"type": "bar", "title": "Volume annuel (m³) — Produits Kruger inc.", "labels": ["2001", "2002", "2003", "2004", "2005", "2006", "2007", "2008", "2009", "2010", "2011", "2012", "2013", "2014", "2015", "2016", "2017", "2018", "2019", "2020", "2021", "2022", "2023", "2024"], "values": [2519132.0, 2580627.0, 2431008.0, 2113989.0, 2456492.0, 2263723.0, 2227381.0, 2035010.0, 1541937.0, 1719701.0, 1647734.0, 1487486.0, 1307294.0, 1487636.0, 1487855.0, 1437508.0, 1347676.0, 1312428.0, 1135261.0, 1000141.0, 1027873.0, 1113908.0, 1184104.0, 1028238.0]}, {"type": "line", "title": "Profil mensuel moyen (m³/mois)", "labels": ["Jan", "Fév", "Mar", "Avr", "Mai", "Jun", "Jul", "Aoû", "Sep", "Oct", "Nov", "Déc"], "values": [141186.9, 127035.0, 139511.7, 147325.6, 155236.1, 144372.7, 144391.2, 145787.1, 125102.2, 122487.3, 144077.9, 125742.1]}]}}, {"type": "Feature", "geometry": {"type": "Point", "coordinates": [-67.533333, 48.849998]}, "properties": {"id": "16260903", "nom": "Les cuisines gaspésiennes ltée", "nature": "EGOU", "secteur": "population", "type": "rejet", "charts": [{"type": "bar", "title": "Volume annuel (m³) — Les cuisines gaspésiennes ltée", "labels": ["2001", "2002", "2003", "2004", "2005", "2006", "2007", "2008", "2009", "2010", "2011", "2012", "2013", "2014", "2015", "2016", "2017", "2018", "2019", "2020", "2021", "2022", "2023", "2024", "2025"], "values": [47667.0, 46488.0, 45836.0, 45200.0, 45139.0, 44896.0, 44272.0, 43814.0, 43159.0, 43178.0, 42750.0, 42640.0, 42088.0, 41497.0, 41059.0, 40922.0, 40410.0, 40021.0, 39225.0, 39551.0, 39159.0, 39418.0, 39367.0, 38989.0, 32631.0]}, {"type": "line", "title": "Profil mensuel moyen (m³/mois)", "labels": ["Jan", "Fév", "Mar", "Avr", "Mai", "Jun", "Jul", "Aoû", "Sep", "Oct", "Nov", "Déc"], "values": [3156.0, 3736.4, 3702.4, 3702.4, 3273.7, 3302.8, 3818.5, 3856.2, 3435.9, 3859.9, 3730.1, 2656.3]}]}}, {"type": "Feature", "geometry": {"type": "Point", "coordinates": [-73.729804, 45.587396]}, "properties": {"id": "X2130948", "nom": "LES ALIMENTS MAPLE LEAF INC.", "nature": "EGOU", "secteur": "population", "type": "rejet", "charts": [{"type": "bar", "title": "Volume annuel (m³) — LES ALIMENTS MAPLE LEAF INC.", "labels": ["2001", "2002", "2003", "2004", "2005", "2006", "2007", "2008", "2009", "2010", "2011", "2012", "2013", "2014", "2015", "2016", "2017", "2018", "2019", "2020", "2021", "2022", "2023", "2024", "2025"], "values": [6235.0, 6222.0, 6274.0, 6282.0, 6387.0, 6421.0, 6463.0, 6521.0, 6576.0, 6726.0, 6790.0, 6861.0, 6852.0, 6860.0, 6880.0, 6915.0, 6923.0, 6957.0, 6928.0, 6977.0, 6977.0, 6961.0, 7030.0, 7140.0, 5901.0]}, {"type": "line", "title": "Profil mensuel moyen (m³/mois)", "labels": ["Jan", "Fév", "Mar", "Avr", "Mai", "Jun", "Jul", "Aoû", "Sep", "Oct", "Nov", "Déc"], "values": [564.7, 564.1, 565.6, 565.6, 550.5, 555.1, 557.0, 563.6, 553.3, 560.4, 563.8, 563.8]}]}}, {"type": "Feature", "geometry": {"type": "Point", "coordinates": [-73.5182905009, 45.6375084386]}, "properties": {"id": "52671898", "nom": "LINDE CANADA INC.", "nature": "EGOU", "secteur": "population", "type": "rejet", "charts": [{"type": "bar", "title": "Volume annuel (m³) — LINDE CANADA INC.", "labels": ["2001", "2002", "2003", "2004", "2005", "2006", "2007", "2008", "2009", "2010", "2011", "2012", "2013", "2014", "2015", "2016", "2017", "2018", "2019", "2020", "2021", "2022", "2023", "2024", "2025"], "values": [10294.0, 10234.0, 10223.0, 10126.0, 10182.0, 10113.0, 10021.0, 9945.0, 9936.0, 10033.0, 10014.0, 10064.0, 10016.0, 10003.0, 9990.0, 9996.0, 10043.0, 10189.0, 10237.0, 10267.0, 10045.0, 10038.0, 10304.0, 10643.0, 8748.0]}, {"type": "line", "title": "Profil mensuel moyen (m³/mois)", "labels": ["Jan", "Fév", "Mar", "Avr", "Mai", "Jun", "Jul", "Aoû", "Sep", "Oct", "Nov", "Déc"], "values": [865.3, 783.0, 868.6, 840.7, 845.2, 825.2, 855.3, 865.4, 822.5, 860.4, 838.6, 866.4]}]}}, {"type": "Feature", "geometry": {"type": "Point", "coordinates": [-73.5871, 45.406]}, "properties": {"id": "54604582", "nom": "Darling International Canada inc.", "nature": "EGOU", "secteur": "population", "type": "rejet", "charts": [{"type": "bar", "title": "Volume annuel (m³) — Darling International Canada inc.", "labels": ["2001", "2002", "2003", "2004", "2005", "2006", "2007", "2008", "2009", "2010", "2011", "2012", "2013", "2014", "2015", "2016", "2017", "2018", "2019", "2020", "2021", "2022", "2023", "2024", "2025"], "values": [65079.0, 64530.0, 64651.0, 64054.0, 64164.0, 63472.0, 62810.0, 62115.0, 62144.0, 63266.0, 63418.0, 63471.0, 63189.0, 62687.0, 62598.0, 62409.0, 62134.0, 62033.0, 62062.0, 61842.0, 61839.0, 61156.0, 61542.0, 61764.0, 49344.0]}, {"type": "line", "title": "Profil mensuel moyen (m³/mois)", "labels": ["Jan", "Fév", "Mar", "Avr", "Mai", "Jun", "Jul", "Aoû", "Sep", "Oct", "Nov", "Déc"], "values": [5054.4, 4910.0, 6398.6, 6369.6, 4988.2, 5824.3, 4543.9, 3536.4, 5050.3, 3832.9, 4476.0, 7818.0]}]}}, {"type": "Feature", "geometry": {"type": "Point", "coordinates": [-73.08849, 45.48885]}, "properties": {"id": "X2141859", "nom": "VERGERS PAUL JODOIN INC.", "nature": "NATU", "secteur": "autre", "type": "rejet", "charts": [{"type": "bar", "title": "Volume annuel (m³) — VERGERS PAUL JODOIN INC.", "labels": ["2001", "2002", "2003", "2004", "2005", "2006", "2007", "2008", "2009", "2010", "2011", "2012", "2013", "2014", "2015", "2016", "2017", "2018", "2019", "2020", "2021", "2022", "2023", "2024"], "values": [817.0, 830.0, 806.0, 764.0, 817.0, 789.0, 778.0, 752.0, 660.0, 696.0, 693.0, 675.0, 648.0, 696.0, 708.0, 708.0, 708.0, 723.0, 703.0, 666.0, 698.0, 716.0, 710.0, 699.0]}, {"type": "line", "title": "Profil mensuel moyen (m³/mois)", "labels": ["Jan", "Fév", "Mar", "Avr", "Mai", "Jun", "Jul", "Aoû", "Sep", "Oct", "Nov", "Déc"], "values": [60.8, 70.2, 71.4, 48.3, 75.6, 70.1, 59.9, 58.6, 43.1, 42.7, 72.4, 54.5]}]}}, {"type": "Feature", "geometry": {"type": "Point", "coordinates": [-73.8502, 45.6254]}, "properties": {"id": "X2123983", "nom": "LES ALIMENTS O SOLE MIO INC.", "nature": "EGOU", "secteur": "population", "type": "rejet", "charts": [{"type": "bar", "title": "Volume annuel (m³) — LES ALIMENTS O SOLE MIO INC.", "labels": ["2001", "2002", "2003", "2004", "2005", "2006", "2007", "2008", "2009", "2010", "2011", "2012", "2013", "2014", "2015", "2016", "2017", "2018", "2019", "2020", "2021", "2022", "2023", "2024", "2025"], "values": [77383.0, 75867.0, 75078.0, 74395.0, 74373.0, 73384.0, 72891.0, 71895.0, 71576.0, 72050.0, 72184.0, 72192.0, 71350.0, 70861.0, 70956.0, 69669.0, 68446.0, 68294.0, 68857.0, 70331.0, 72235.0, 72241.0, 72774.0, 73086.0, 58663.0]}, {"type": "line", "title": "Profil mensuel moyen (m³/mois)", "labels": ["Jan", "Fév", "Mar", "Avr", "Mai", "Jun", "Jul", "Aoû", "Sep", "Oct", "Nov", "Déc"], "values": [6023.9, 5314.1, 5763.1, 4786.0, 4631.8, 5631.7, 4449.1, 6613.7, 6313.5, 8560.9, 7461.8, 6656.4]}]}}, {"type": "Feature", "geometry": {"type": "Point", "coordinates": [-71.6020488899, 45.6279167771]}, "properties": {"id": "X2115084", "nom": "GRAYMONT (QC) INC.", "nature": "NATU", "secteur": "chimie", "type": "rejet", "charts": [{"type": "bar", "title": "Volume annuel (m³) — GRAYMONT (QC) INC.", "labels": ["2001", "2002", "2003", "2004", "2005", "2006", "2007", "2008", "2009", "2010", "2011", "2012", "2013", "2014", "2015", "2016", "2017", "2018", "2019", "2020", "2021", "2022", "2023", "2024"], "values": [639914.0, 632897.0, 640560.0, 614218.0, 612697.0, 602309.0, 511837.0, 470278.0, 464956.0, 486768.0, 461056.0, 487944.0, 433902.0, 440898.0, 414091.0, 429289.0, 437614.0, 470600.0, 457986.0, 459433.0, 494717.0, 538328.0, 540640.0, 548537.0]}, {"type": "line", "title": "Profil mensuel moyen (m³/mois)", "labels": ["Jan", "Fév", "Mar", "Avr", "Mai", "Jun", "Jul", "Aoû", "Sep", "Oct", "Nov", "Déc"], "values": [0.0, 0.0, 0.0, 0.0, 124981.3, 46192.0, 105004.5, 94037.4, 33755.6, 69953.8, 19204.5, 19015.4]}]}}, {"type": "Feature", "geometry": {"type": "Point", "coordinates": [-66.38091, 50.20053]}, "properties": {"id": "90366147", "nom": "Groupe Umek, Société en commandite", "nature": "EGOU", "secteur": "population", "type": "rejet", "charts": [{"type": "bar", "title": "Volume annuel (m³) — Groupe Umek, Société en commandite", "labels": ["2001", "2002", "2003", "2004", "2005", "2006", "2007", "2008", "2009", "2010", "2011", "2012", "2013", "2014", "2015", "2016", "2017", "2018", "2019", "2020", "2021", "2022", "2023", "2024", "2025"], "values": [25336.0, 24325.0, 24319.0, 24097.0, 24072.0, 24576.0, 24175.0, 23935.0, 23710.0, 24115.0, 23671.0, 23942.0, 23706.0, 23301.0, 23068.0, 22627.0, 22232.0, 22057.0, 21313.0, 21387.0, 21484.0, 21144.0, 20991.0, 21015.0, 20712.0]}, {"type": "line", "title": "Profil mensuel moyen (m³/mois)", "labels": ["Jan", "Fév", "Mar", "Avr", "Mai", "Jun", "Jul", "Aoû", "Sep", "Oct", "Nov", "Déc"], "values": [0.0, 0.0, 0.0, 12496.1, 9170.6, 1345.7, 0.0, 0.0, 0.0, 0.0, 0.0, 0.0]}]}}, {"type": "Feature", "geometry": {"type": "Point", "coordinates": [-73.37013, 45.528041]}, "properties": {"id": "X2136092", "nom": "EXCELDOR COOPÉRATIVE", "nature": "EGOU", "secteur": "population", "type": "rejet", "charts": [{"type": "bar", "title": "Volume annuel (m³) — EXCELDOR COOPÉRATIVE", "labels": ["2001", "2002", "2003", "2004", "2005", "2006", "2007", "2008", "2009", "2010", "2011", "2012", "2013", "2014", "2015", "2016", "2017", "2018", "2019", "2020", "2021", "2022", "2023", "2024", "2025"], "values": [45441.0, 45171.0, 45217.0, 44510.0, 44859.0, 44397.0, 44470.0, 44711.0, 45048.0, 46003.0, 46119.0, 46366.0, 45757.0, 45504.0, 45225.0, 45225.0, 44683.0, 44731.0, 44126.0, 44188.0, 43742.0, 43860.0, 43662.0, 43757.0, 37646.0]}, {"type": "line", "title": "Profil mensuel moyen (m³/mois)", "labels": ["Jan", "Fév", "Mar", "Avr", "Mai", "Jun", "Jul", "Aoû", "Sep", "Oct", "Nov", "Déc"], "values": [4027.6, 3698.6, 2852.5, 2352.1, 3754.0, 4163.5, 4425.2, 6266.9, 4160.1, 3260.9, 3547.6, 2301.8]}]}}, {"type": "Feature", "geometry": {"type": "Point", "coordinates": [-73.514183, 45.4000877]}, "properties": {"id": "55379713", "nom": "ADM AGRI-INDUSTRIES COMPANY", "nature": "EGOU", "secteur": "population", "type": "rejet", "charts": [{"type": "bar", "title": "Volume annuel (m³) — ADM AGRI-INDUSTRIES COMPANY", "labels": ["2001", "2002", "2003", "2004", "2005", "2006", "2007", "2008", "2009", "2010", "2011", "2012", "2013", "2014", "2015", "2016", "2017", "2018", "2019", "2020", "2021", "2022", "2023", "2024", "2025"], "values": [299312.0, 304045.0, 314624.0, 325432.0, 344992.0, 361440.0, 374690.0, 394833.0, 410238.0, 428852.0, 433070.0, 439481.0, 441677.0, 442611.0, 443114.0, 444670.0, 444841.0, 454172.0, 456137.0, 467474.0, 474956.0, 482055.0, 488547.0, 494594.0, 402629.0]}, {"type": "line", "title": "Profil mensuel moyen (m³/mois)", "labels": ["Jan", "Fév", "Mar", "Avr", "Mai", "Jun", "Jul", "Aoû", "Sep", "Oct", "Nov", "Déc"], "values": [27418.6, 39371.5, 28532.5, 40807.3, 32658.5, 29392.6, 30611.9, 36098.6, 33229.3, 41906.8, 39405.8, 38419.1]}]}}, {"type": "Feature", "geometry": {"type": "Point", "coordinates": [-64.919744, 48.190107]}, "properties": {"id": "90368630", "nom": "ST. MARYS CEMENT INC. (CANADA)", "nature": "NATU", "secteur": "autre", "type": "rejet", "charts": [{"type": "bar", "title": "Volume annuel (m³) — ST. MARYS CEMENT INC. (CANADA)", "labels": ["2001", "2002", "2003", "2004", "2005", "2006", "2007", "2008", "2009", "2010", "2011", "2012", "2013", "2014", "2015", "2016", "2017", "2018", "2019", "2020", "2021", "2022", "2023", "2024"], "values": [22326.0, 22724.0, 22036.0, 20893.0, 22360.0, 21533.0, 21271.0, 20561.0, 18026.0, 19010.0, 18969.0, 18453.0, 17724.0, 19027.0, 19357.0, 19363.0, 19383.0, 19768.0, 19240.0, 18179.0, 19108.0, 19571.0, 19450.0, 19110.0]}, {"type": "line", "title": "Profil mensuel moyen (m³/mois)", "labels": ["Jan", "Fév", "Mar", "Avr", "Mai", "Jun", "Jul", "Aoû", "Sep", "Oct", "Nov", "Déc"], "values": [1715.4, 1603.1, 1718.0, 1607.2, 1670.9, 1577.3, 1690.8, 1711.7, 1572.4, 1704.3, 1605.7, 1716.6]}]}}, {"type": "Feature", "geometry": {"type": "Point", "coordinates": [-74.0075193553, 45.2901068411]}, "properties": {"id": "X1606275", "nom": "CARRIÈRE DOLOMITE (1996) INC.", "nature": "NATU", "secteur": "autre", "type": "rejet", "charts": [{"type": "bar", "title": "Volume annuel (m³) — CARRIÈRE DOLOMITE (1996) INC.", "labels": ["2001", "2002", "2003", "2004", "2005", "2006", "2007", "2008", "2009", "2010", "2011", "2012", "2013", "2014", "2015", "2016", "2017", "2018", "2019", "2020", "2021", "2022", "2023", "2024"], "values": [3174971.0, 3225257.0, 3128227.0, 2969635.0, 3169733.0, 3063201.0, 3024591.0, 2922914.0, 2564572.0, 2705350.0, 2694239.0, 2624277.0, 2521543.0, 2704173.0, 2750737.0, 2751149.0, 2753772.0, 2806950.0, 2733707.0, 2582261.0, 2716494.0, 2783173.0, 2761802.0, 2712521.0]}, {"type": "line", "title": "Profil mensuel moyen (m³/mois)", "labels": ["Jan", "Fév", "Mar", "Avr", "Mai", "Jun", "Jul", "Aoû", "Sep", "Oct", "Nov", "Déc"], "values": [171474.3, 205575.4, 269677.7, 350645.9, 319883.5, 160968.6, 155265.7, 203774.1, 97885.9, 246719.8, 254246.2, 390768.2]}]}}, {"type": "Feature", "geometry": {"type": "Point", "coordinates": [-72.5165018696, 45.8869769115]}, "properties": {"id": "X1700117", "nom": "CASCADES CANADA ULC", "nature": "EGOU", "secteur": "population", "type": "rejet", "charts": [{"type": "bar", "title": "Volume annuel (m³) — CASCADES CANADA ULC", "labels": ["2001", "2002", "2003", "2004", "2005", "2006", "2007", "2008", "2009", "2010", "2011", "2012", "2013", "2014", "2015", "2016", "2017", "2018", "2019", "2020", "2021", "2022", "2023", "2024", "2025"], "values": [38253.0, 38028.0, 38458.0, 38502.0, 39251.0, 39194.0, 39202.0, 39449.0, 39618.0, 40294.0, 40565.0, 40814.0, 40685.0, 40733.0, 40917.0, 41154.0, 41378.0, 41449.0, 41204.0, 41677.0, 42318.0, 42567.0, 43385.0, 44117.0, 36722.0]}, {"type": "line", "title": "Profil mensuel moyen (m³/mois)", "labels": ["Jan", "Fév", "Mar", "Avr", "Mai", "Jun", "Jul", "Aoû", "Sep", "Oct", "Nov", "Déc"], "values": [3596.7, 3124.4, 3445.0, 3445.8, 3200.7, 3381.3, 3547.3, 3432.5, 3217.4, 3568.9, 3274.6, 3431.1]}]}}, {"type": "Feature", "geometry": {"type": "Point", "coordinates": [-77.234357, 48.385781]}, "properties": {"id": "54584628", "nom": "PF RÉSOLU CANADA INC.", "nature": "EGOU", "secteur": "population", "type": "rejet", "charts": [{"type": "bar", "title": "Volume annuel (m³) — PF RÉSOLU CANADA INC.", "labels": ["2001", "2002", "2003", "2004", "2005", "2006", "2007", "2008", "2009", "2010", "2011", "2012", "2013", "2014", "2015", "2016", "2017", "2018", "2019", "2020", "2021", "2022", "2023", "2024", "2025"], "values": [8776.0, 8457.0, 8295.0, 8037.0, 7915.0, 7695.0, 7685.0, 7587.0, 7465.0, 7454.0, 7395.0, 7401.0, 7243.0, 7181.0, 7040.0, 6920.0, 6820.0, 6657.0, 6468.0, 6527.0, 6577.0, 6457.0, 6480.0, 6521.0, 5401.0]}, {"type": "line", "title": "Profil mensuel moyen (m³/mois)", "labels": ["Jan", "Fév", "Mar", "Avr", "Mai", "Jun", "Jul", "Aoû", "Sep", "Oct", "Nov", "Déc"], "values": [256.2, 279.5, 629.2, 329.8, 694.2, 1189.8, 395.5, 831.0, 897.4, 551.9, 744.4, 467.7]}]}}, {"type": "Feature", "geometry": {"type": "Point", "coordinates": [-73.7402986619, 45.5984700806]}, "properties": {"id": "X1300579", "nom": "Boulangerie Canada Bread, Limitée", "nature": "EGOU", "secteur": "population", "type": "rejet", "charts": [{"type": "bar", "title": "Volume annuel (m³) — Boulangerie Canada Bread, Limitée", "labels": ["2001", "2002", "2003", "2004", "2005", "2006", "2007", "2008", "2009", "2010", "2011", "2012", "2013", "2014", "2015", "2016", "2017", "2018", "2019", "2020", "2021", "2022", "2023", "2024", "2025"], "values": [13480.0, 13464.0, 13578.0, 13561.0, 13831.0, 13902.0, 13945.0, 14094.0, 14205.0, 14570.0, 14678.0, 14850.0, 14802.0, 14824.0, 14893.0, 14953.0, 14922.0, 15096.0, 14979.0, 15112.0, 15069.0, 15040.0, 15182.0, 15467.0, 13791.0]}, {"type": "line", "title": "Profil mensuel moyen (m³/mois)", "labels": ["Jan", "Fév", "Mar", "Avr", "Mai", "Jun", "Jul", "Aoû", "Sep", "Oct", "Nov", "Déc"], "values": [982.4, 1080.9, 1183.5, 1085.5, 1388.6, 1549.6, 2054.8, 1847.9, 1446.0, 426.6, 931.5, 574.3]}]}}, {"type": "Feature", "geometry": {"type": "Point", "coordinates": [-74.110833, 45.27]}, "properties": {"id": "55396410", "nom": "GOODYEAR CANADA INC.", "nature": "NATU", "secteur": "autre", "type": "rejet", "charts": [{"type": "bar", "title": "Volume annuel (m³) — GOODYEAR CANADA INC.", "labels": ["2001", "2002", "2003", "2004", "2005", "2006", "2007", "2008", "2009", "2010", "2011", "2012", "2013", "2014", "2015", "2016", "2017", "2018", "2019", "2020", "2021", "2022", "2023", "2024", "2025"], "values": [1485688.0, 1508798.0, 1465717.0, 1392503.0, 1487692.0, 1432641.0, 1416914.0, 1369789.0, 1207596.0, 1270732.0, 1269890.0, 1235981.0, 1189613.0, 1272261.0, 1292399.0, 1293490.0, 1295783.0, 1317565.0, 1284332.0, 1218485.0, 1279292.0, 1309671.0, 1304094.0, 1283403.0, 53214.0]}, {"type": "line", "title": "Profil mensuel moyen (m³/mois)", "labels": ["Jan", "Fév", "Mar", "Avr", "Mai", "Jun", "Jul", "Aoû", "Sep", "Oct", "Nov", "Déc"], "values": [22008.8, 33155.4, 30155.4, 28439.0, 36545.8, 38787.1, 41209.7, 34870.2, 39949.2, 50411.0, 43037.7, 35132.0]}]}}, {"type": "Feature", "geometry": {"type": "Point", "coordinates": [-75.65008, 49.06867]}, "properties": {"id": "X2095752", "nom": "Groupe Minier Windfall Inc.", "nature": "NATU", "secteur": "autre", "type": "rejet", "charts": [{"type": "bar", "title": "Volume annuel (m³) — Groupe Minier Windfall Inc.", "labels": ["2001", "2002", "2003", "2004", "2005", "2006", "2007", "2008", "2009", "2010", "2011", "2012", "2013", "2014", "2015", "2016", "2017", "2018", "2019", "2020", "2021", "2022", "2023", "2024"], "values": [369527.0, 375493.0, 364395.0, 345389.0, 370217.0, 356498.0, 352452.0, 340408.0, 298056.0, 314475.0, 313794.0, 305168.0, 293220.0, 314759.0, 319876.0, 320221.0, 321242.0, 326248.0, 317708.0, 300351.0, 316851.0, 323743.0, 322488.0, 316374.0]}, {"type": "line", "title": "Profil mensuel moyen (m³/mois)", "labels": ["Jan", "Fév", "Mar", "Avr", "Mai", "Jun", "Jul", "Aoû", "Sep", "Oct", "Nov", "Déc"], "values": [14853.7, 14700.0, 20621.4, 54685.4, 29050.2, 35633.4, 23552.2, 22450.3, 29067.9, 39477.4, 31153.3, 13877.9]}]}}, {"type": "Feature", "geometry": {"type": "Point", "coordinates": [-73.17568, 46.0839]}, "properties": {"id": "26876821", "nom": "Les Textiles Coraltex inc.", "nature": "EGOU", "secteur": "population", "type": "rejet", "charts": [{"type": "bar", "title": "Volume annuel (m³) — Les Textiles Coraltex inc.", "labels": ["2001", "2002", "2003", "2004", "2005", "2006", "2007", "2008", "2009", "2010", "2011", "2012", "2013", "2014", "2015", "2016", "2017", "2018", "2019", "2020", "2021", "2022", "2023", "2024", "2025"], "values": [201624.0, 198599.0, 195693.0, 195895.0, 194992.0, 196699.0, 194210.0, 193574.0, 194209.0, 196502.0, 194855.0, 194774.0, 194513.0, 193862.0, 194211.0, 193634.0, 195157.0, 196513.0, 196321.0, 197611.0, 198961.0, 196992.0, 197219.0, 200701.0, 163159.0]}, {"type": "line", "title": "Profil mensuel moyen (m³/mois)", "labels": ["Jan", "Fév", "Mar", "Avr", "Mai", "Jun", "Jul", "Aoû", "Sep", "Oct", "Nov", "Déc"], "values": [19265.8, 18704.4, 15394.8, 14910.2, 17562.3, 14415.2, 10977.9, 13583.4, 16656.6, 18856.6, 19682.6, 16246.6]}]}}, {"type": "Feature", "geometry": {"type": "Point", "coordinates": [-71.9356839, 45.3515851]}, "properties": {"id": "90400896", "nom": "CONSTRUCTION DJL INC.", "nature": "NATU", "secteur": "autre", "type": "rejet", "charts": [{"type": "bar", "title": "Volume annuel (m³) — CONSTRUCTION DJL INC.", "labels": ["2001", "2002", "2003", "2004", "2005", "2006", "2007", "2008", "2009", "2010", "2011", "2012", "2013", "2014", "2015", "2016", "2017", "2018", "2019", "2020", "2021", "2022", "2023", "2024"], "values": [513294.0, 519097.0, 504919.0, 477948.0, 510895.0, 496202.0, 487990.0, 471283.0, 413817.0, 438354.0, 433921.0, 425267.0, 406873.0, 436233.0, 444340.0, 443758.0, 443122.0, 453554.0, 439749.0, 416461.0, 438993.0, 448660.0, 444895.0, 438582.0]}, {"type": "line", "title": "Profil mensuel moyen (m³/mois)", "labels": ["Jan", "Fév", "Mar", "Avr", "Mai", "Jun", "Jul", "Aoû", "Sep", "Oct", "Nov", "Déc"], "values": [21369.6, 19969.2, 96304.1, 89751.7, 90315.0, 45552.0, 20183.9, 38223.9, 7749.7, 14943.8, 11812.3, 0.0]}]}}, {"type": "Feature", "geometry": {"type": "Point", "coordinates": [-73.5912604973, 45.5338438118]}, "properties": {"id": "25727603", "nom": "Les Brasseurs GMT inc.", "nature": "EGOU", "secteur": "population", "type": "rejet", "charts": [{"type": "bar", "title": "Volume annuel (m³) — Les Brasseurs GMT inc.", "labels": ["2001", "2002", "2003", "2004", "2005", "2006", "2007", "2008", "2009", "2010", "2011", "2012", "2013", "2014", "2015", "2016", "2017", "2018", "2019", "2020", "2021", "2022", "2023", "2024", "2025"], "values": [12740.0, 12674.0, 12653.0, 12537.0, 12606.0, 12525.0, 12402.0, 12312.0, 12298.0, 12437.0, 12399.0, 12473.0, 12407.0, 12381.0, 12369.0, 12378.0, 12427.0, 12631.0, 12680.0, 12714.0, 12440.0, 12426.0, 12759.0, 13180.0, 11464.0]}, {"type": "line", "title": "Profil mensuel moyen (m³/mois)", "labels": ["Jan", "Fév", "Mar", "Avr", "Mai", "Jun", "Jul", "Aoû", "Sep", "Oct", "Nov", "Déc"], "values": [993.9, 674.7, 1500.8, 1302.8, 1121.0, 877.0, 1349.1, 1265.6, 934.3, 1027.0, 795.5, 711.2]}]}}, {"type": "Feature", "geometry": {"type": "Point", "coordinates": [-73.1414876865, 46.0475396355]}, "properties": {"id": "54134762", "nom": "Rio Tinto Fer et Titane inc.", "nature": "NATU", "secteur": "mines", "type": "rejet", "charts": [{"type": "bar", "title": "Volume annuel (m³) — Rio Tinto Fer et Titane inc.", "labels": ["2001", "2002", "2003", "2004", "2005", "2006", "2007", "2008", "2009", "2010", "2011", "2012", "2013", "2014", "2015", "2016", "2017", "2018", "2019", "2020", "2021", "2022", "2023", "2024"], "values": [28575247.0, 27131192.0, 29101213.0, 24921126.0, 22901415.0, 22491558.0, 23587770.0, 24162880.0, 23165535.0, 24135630.0, 26064503.0, 25821293.0, 28615200.0, 33092276.0, 35677553.0, 35827536.0, 38087198.0, 40015226.0, 38821785.0, 37412652.0, 39591262.0, 38020873.0, 39864210.0, 41624492.0]}, {"type": "line", "title": "Profil mensuel moyen (m³/mois)", "labels": ["Jan", "Fév", "Mar", "Avr", "Mai", "Jun", "Jul", "Aoû", "Sep", "Oct", "Nov", "Déc"], "values": [1814495.9, 1617286.3, 1818434.3, 2186238.5, 3061518.9, 3155159.9, 3370824.6, 3343566.4, 3181655.1, 3296235.6, 2645018.2, 1705800.7]}]}}, {"type": "Feature", "geometry": {"type": "Point", "coordinates": [-73.8013055556, 45.48375]}, "properties": {"id": "X2130528", "nom": "LES PLATS DU CHEF ULC", "nature": "EGOU", "secteur": "population", "type": "rejet", "charts": [{"type": "bar", "title": "Volume annuel (m³) — LES PLATS DU CHEF ULC", "labels": ["2001", "2002", "2003", "2004", "2005", "2006", "2007", "2008", "2009", "2010", "2011", "2012", "2013", "2014", "2015", "2016", "2017", "2018", "2019", "2020", "2021", "2022", "2023", "2024", "2025"], "values": [144692.0, 143762.0, 143965.0, 142621.0, 142489.0, 140906.0, 140249.0, 140210.0, 138973.0, 139829.0, 138627.0, 137871.0, 135833.0, 134030.0, 132727.0, 132190.0, 131313.0, 131610.0, 130671.0, 130470.0, 127157.0, 126507.0, 127759.0, 129478.0, 108134.0]}, {"type": "line", "title": "Profil mensuel moyen (m³/mois)", "labels": ["Jan", "Fév", "Mar", "Avr", "Mai", "Jun", "Jul", "Aoû", "Sep", "Oct", "Nov", "Déc"], "values": [12473.3, 12993.6, 10770.5, 12073.6, 13511.8, 9082.2, 11192.1, 11301.3, 10766.1, 10529.0, 11033.4, 9997.0]}]}}, {"type": "Feature", "geometry": {"type": "Point", "coordinates": [-72.305338, 46.1375917]}, "properties": {"id": "90203613", "nom": "CARRIÈRES P.C.M. INC.", "nature": "NATU", "secteur": "autre", "type": "rejet", "charts": [{"type": "bar", "title": "Volume annuel (m³) — CARRIÈRES P.C.M. INC.", "labels": ["2001", "2002", "2003", "2004", "2005", "2006", "2007", "2008", "2009", "2010", "2011", "2012", "2013", "2014", "2015", "2016", "2017", "2018", "2019", "2020", "2021", "2022", "2023", "2024"], "values": [482832.0, 489790.0, 475187.0, 450060.0, 480756.0, 467536.0, 459827.0, 445266.0, 390040.0, 414225.0, 408498.0, 399090.0, 383169.0, 409889.0, 418658.0, 417644.0, 417840.0, 426896.0, 413471.0, 390912.0, 414648.0, 421645.0, 420387.0, 412951.0]}, {"type": "line", "title": "Profil mensuel moyen (m³/mois)", "labels": ["Jan", "Fév", "Mar", "Avr", "Mai", "Jun", "Jul", "Aoû", "Sep", "Oct", "Nov", "Déc"], "values": [0.0, 0.0, 4053.3, 209880.1, 81878.0, 30417.1, 21303.9, 41678.9, 17224.0, 15772.8, 7425.9, 0.0]}]}}, {"type": "Feature", "geometry": {"type": "Point", "coordinates": [-72.314849, 45.490995]}, "properties": {"id": "53858882", "nom": "BOMBARDIER PRODUITS RÉCRÉATIFS INC.", "nature": "EGOU", "secteur": "population", "type": "rejet", "charts": [{"type": "bar", "title": "Volume annuel (m³) — BOMBARDIER PRODUITS RÉCRÉATIFS INC.", "labels": ["2001", "2002", "2003", "2004", "2005", "2006", "2007", "2008", "2009", "2010", "2011", "2012", "2013", "2014", "2015", "2016", "2017", "2018", "2019", "2020", "2021", "2022", "2023", "2024", "2025"], "values": [52217.0, 50771.0, 49963.0, 48869.0, 49067.0, 48561.0, 48253.0, 47460.0, 47708.0, 46715.0, 46955.0, 46287.0, 44431.0, 43807.0, 42716.0, 42070.0, 41370.0, 40991.0, 40144.0, 40187.0, 40567.0, 40724.0, 40647.0, 40199.0, 32946.0]}, {"type": "line", "title": "Profil mensuel moyen (m³/mois)", "labels": ["Jan", "Fév", "Mar", "Avr", "Mai", "Jun", "Jul", "Aoû", "Sep", "Oct", "Nov", "Déc"], "values": [907.1, 906.2, 908.5, 908.7, 878.4, 994.1, 613.7, 926.0, 1042.9, 1017.8, 1050.3, 1067.1]}]}}, {"type": "Feature", "geometry": {"type": "Point", "coordinates": [-73.7286111111, 45.5794444444]}, "properties": {"id": "X1300108", "nom": "Les aliments Lesters limitée", "nature": "EGOU", "secteur": "population", "type": "rejet", "charts": [{"type": "bar", "title": "Volume annuel (m³) — Les aliments Lesters limitée", "labels": ["2001", "2002", "2003", "2004", "2005", "2006", "2007", "2008", "2009", "2010", "2011", "2012", "2013", "2014", "2015", "2016", "2017", "2018", "2019", "2020", "2021", "2022", "2023", "2024", "2025"], "values": [94252.0, 94008.0, 94801.0, 94926.0, 96560.0, 97064.0, 97683.0, 98516.0, 99299.0, 101723.0, 102649.0, 103752.0, 103605.0, 103680.0, 103984.0, 104555.0, 104634.0, 105191.0, 104686.0, 105459.0, 105475.0, 105252.0, 106303.0, 107996.0, 93874.0]}, {"type": "line", "title": "Profil mensuel moyen (m³/mois)", "labels": ["Jan", "Fév", "Mar", "Avr", "Mai", "Jun", "Jul", "Aoû", "Sep", "Oct", "Nov", "Déc"], "values": [9290.3, 8087.7, 7855.8, 8525.4, 9638.2, 8064.5, 10082.9, 9566.3, 8362.7, 9622.6, 7943.7, 4661.3]}]}}, {"type": "Feature", "geometry": {"type": "Point", "coordinates": [-73.828392, 45.622114]}, "properties": {"id": "90501867", "nom": "MARQUES CONAGRA CANADA INC.", "nature": "EGOU", "secteur": "population", "type": "rejet", "charts": [{"type": "bar", "title": "Volume annuel (m³) — MARQUES CONAGRA CANADA INC.", "labels": ["2001", "2002", "2003", "2004", "2005", "2006", "2007", "2008", "2009", "2010", "2011", "2012", "2013", "2014", "2015", "2016", "2017", "2018", "2019", "2020", "2021", "2022", "2023", "2024", "2025"], "values": [93516.0, 91554.0, 90698.0, 89839.0, 89805.0, 88903.0, 88076.0, 86842.0, 86414.0, 87272.0, 87202.0, 87352.0, 86278.0, 85621.0, 85798.0, 84158.0, 82637.0, 82617.0, 83134.0, 85029.0, 87170.0, 87258.0, 87968.0, 88459.0, 76943.0]}, {"type": "line", "title": "Profil mensuel moyen (m³/mois)", "labels": ["Jan", "Fév", "Mar", "Avr", "Mai", "Jun", "Jul", "Aoû", "Sep", "Oct", "Nov", "Déc"], "values": [7963.3, 6617.6, 7552.0, 7501.2, 9855.8, 7429.7, 7665.5, 5865.4, 7326.9, 8288.6, 6059.3, 5144.5]}]}}, {"type": "Feature", "geometry": {"type": "Point", "coordinates": [-71.0386111111, 46.4616666667]}, "properties": {"id": "X2140681", "nom": "COMPAGNIE WESTROCK DU CANADA CORP.", "nature": "EGOU", "secteur": "population", "type": "rejet", "charts": [{"type": "bar", "title": "Volume annuel (m³) — COMPAGNIE WESTROCK DU CANADA CORP.", "labels": ["2001", "2002", "2003", "2004", "2005", "2006", "2007", "2008", "2009", "2010", "2011", "2012", "2013", "2014", "2015", "2016", "2017", "2018", "2019", "2020", "2021", "2022", "2023", "2024", "2025"], "values": [32460.0, 32186.0, 31906.0, 31648.0, 31726.0, 31754.0, 32270.0, 32687.0, 33341.0, 34237.0, 34682.0, 34917.0, 35147.0, 35136.0, 35329.0, 35172.0, 35059.0, 34975.0, 33888.0, 32799.0, 33223.0, 33114.0, 33181.0, 33834.0, 28951.0]}, {"type": "line", "title": "Profil mensuel moyen (m³/mois)", "labels": ["Jan", "Fév", "Mar", "Avr", "Mai", "Jun", "Jul", "Aoû", "Sep", "Oct", "Nov", "Déc"], "values": [3115.1, 3292.3, 3540.8, 2997.7, 2977.0, 3132.1, 2529.6, 2277.0, 1918.7, 2809.6, 2197.9, 2755.1]}]}}, {"type": "Feature", "geometry": {"type": "Point", "coordinates": [-71.20515, 46.98776]}, "properties": {"id": "X2137966", "nom": "Coulombe Québec limitée", "nature": "NATU", "secteur": "autre", "type": "rejet", "charts": [{"type": "bar", "title": "Volume annuel (m³) — Coulombe Québec limitée", "labels": ["2001", "2002", "2003", "2004", "2005", "2006", "2007", "2008", "2009", "2010", "2011", "2012", "2013", "2014", "2015", "2016", "2017", "2018", "2019", "2020", "2021", "2022", "2023", "2024"], "values": [11781.0, 11967.0, 11621.0, 11000.0, 11795.0, 11393.0, 11211.0, 10839.0, 9496.0, 10054.0, 10000.0, 9742.0, 9351.0, 10039.0, 10210.0, 10208.0, 10198.0, 10449.0, 10142.0, 9606.0, 10060.0, 10317.0, 10250.0, 10100.0]}, {"type": "line", "title": "Profil mensuel moyen (m³/mois)", "labels": ["Jan", "Fév", "Mar", "Avr", "Mai", "Jun", "Jul", "Aoû", "Sep", "Oct", "Nov", "Déc"], "values": [1130.0, 1173.9, 255.1, 838.8, 1411.1, 1169.4, 1376.2, 856.7, 619.4, 469.7, 450.0, 742.7]}]}}, {"type": "Feature", "geometry": {"type": "Point", "coordinates": [-79.0987075383, 46.7093235375]}, "properties": {"id": "X0000005", "nom": "Rayonier A.M. Canada, Société en nom collectif ", "nature": "NATU", "secteur": "papier", "type": "rejet", "charts": [{"type": "bar", "title": "Volume annuel (m³) — Rayonier A.M. Canada, Société en nom col", "labels": ["2001", "2002", "2003", "2004", "2005", "2006", "2007", "2008", "2009", "2010", "2011", "2012", "2013", "2014", "2015", "2016", "2017", "2018", "2019", "2020", "2021", "2022", "2023", "2024"], "values": [78679354.0, 80457628.0, 75898742.0, 65932342.0, 76736679.0, 70850505.0, 69569570.0, 63539937.0, 48117882.0, 53757473.0, 51419677.0, 46490624.0, 40822540.0, 46473864.0, 46414815.0, 44849263.0, 42047023.0, 40983157.0, 35425220.0, 31252429.0, 32081320.0, 34752297.0, 36975085.0, 32140312.0]}, {"type": "line", "title": "Profil mensuel moyen (m³/mois)", "labels": ["Jan", "Fév", "Mar", "Avr", "Mai", "Jun", "Jul", "Aoû", "Sep", "Oct", "Nov", "Déc"], "values": [1644128.5, 1274619.7, 1623863.1, 1722269.5, 2035036.2, 2188076.2, 1770612.9, 1114850.0, 1039285.3, 984030.5, 926678.3, 977490.6]}]}}, {"type": "Feature", "geometry": {"type": "Point", "coordinates": [-72.762897882, 45.3814286666]}, "properties": {"id": "X2012574", "nom": "CASCADES CANADA ULC", "nature": "EGOU", "secteur": "population", "type": "rejet", "charts": [{"type": "bar", "title": "Volume annuel (m³) — CASCADES CANADA ULC", "labels": ["2001", "2002", "2003", "2004", "2005", "2006", "2007", "2008", "2009", "2010", "2011", "2012", "2013", "2014", "2015", "2016", "2017", "2018", "2019", "2020", "2021", "2022", "2023", "2024", "2025"], "values": [1381.0, 1376.0, 1378.0, 1384.0, 1413.0, 1416.0, 1425.0, 1432.0, 1433.0, 1459.0, 1473.0, 1478.0, 1475.0, 1474.0, 1478.0, 1485.0, 1482.0, 1485.0, 1479.0, 1493.0, 1510.0, 1510.0, 1522.0, 1536.0, 1225.0]}, {"type": "line", "title": "Profil mensuel moyen (m³/mois)", "labels": ["Jan", "Fév", "Mar", "Avr", "Mai", "Jun", "Jul", "Aoû", "Sep", "Oct", "Nov", "Déc"], "values": [89.0, 89.9, 90.1, 75.7, 73.7, 73.4, 187.0, 177.7, 174.5, 142.5, 143.4, 142.5]}]}}, {"type": "Feature", "geometry": {"type": "Point", "coordinates": [-73.75555556, 45.48527778]}, "properties": {"id": "X2160090", "nom": "GRIFOLS CANADA THÉRAPEUTIQUES INC.", "nature": "EGOU", "secteur": "population", "type": "rejet", "charts": [{"type": "bar", "title": "Volume annuel (m³) — GRIFOLS CANADA THÉRAPEUTIQUES INC.", "labels": ["2001", "2002", "2003", "2004", "2005", "2006", "2007", "2008", "2009", "2010", "2011", "2012", "2013", "2014", "2015", "2016", "2017", "2018", "2019", "2020", "2021", "2022", "2023", "2024", "2025"], "values": [99389.0, 98757.0, 98682.0, 97712.0, 98331.0, 97573.0, 96699.0, 95918.0, 95831.0, 96782.0, 96687.0, 97152.0, 96661.0, 96571.0, 96447.0, 96525.0, 96928.0, 98376.0, 98792.0, 99137.0, 96922.0, 96943.0, 99443.0, 102791.0, 83138.0]}, {"type": "line", "title": "Profil mensuel moyen (m³/mois)", "labels": ["Jan", "Fév", "Mar", "Avr", "Mai", "Jun", "Jul", "Aoû", "Sep", "Oct", "Nov", "Déc"], "values": [8183.2, 7416.5, 7630.7, 3963.1, 8625.4, 8428.1, 9067.3, 9147.1, 8783.9, 8889.7, 8700.3, 8999.9]}]}}, {"type": "Feature", "geometry": {"type": "Point", "coordinates": [-71.9564057959, 46.0766652875]}, "properties": {"id": "11951415", "nom": "SANI-MARC INC.", "nature": "EGOU", "secteur": "population", "type": "rejet", "charts": [{"type": "bar", "title": "Volume annuel (m³) — SANI-MARC INC.", "labels": ["2001", "2002", "2003", "2004", "2005", "2006", "2007", "2008", "2009", "2010", "2011", "2012", "2013", "2014", "2015", "2016", "2017", "2018", "2019", "2020", "2021", "2022", "2023", "2024", "2025"], "values": [7.0, 7.0, 7.0, 7.0, 7.0, 7.0, 7.0, 7.0, 7.0, 7.0, 7.0, 7.0, 7.0, 7.0, 7.0, 7.0, 7.0, 7.0, 7.0, 7.0, 7.0, 7.0, 7.0, 8.0, 6.0]}, {"type": "line", "title": "Profil mensuel moyen (m³/mois)", "labels": ["Jan", "Fév", "Mar", "Avr", "Mai", "Jun", "Jul", "Aoû", "Sep", "Oct", "Nov", "Déc"], "values": [0.7, 0.5, 0.5, 0.6, 0.6, 0.6, 0.5, 0.6, 0.7, 0.7, 0.6, 0.5]}]}}, {"type": "Feature", "geometry": {"type": "Point", "coordinates": [-75.4258524196, 45.5955003809]}, "properties": {"id": "55133557", "nom": "Société en commandite ERCO Worldwide", "nature": "NATU", "secteur": "autre", "type": "rejet", "charts": [{"type": "bar", "title": "Volume annuel (m³) — Société en commandite ERCO Worldwide", "labels": ["2001", "2002", "2003", "2004", "2005", "2006", "2007", "2008", "2009", "2010", "2011", "2012", "2013", "2014", "2015", "2016", "2017", "2018", "2019", "2020", "2021", "2022", "2023", "2024"], "values": [2303.0, 2343.0, 2273.0, 2154.0, 2307.0, 2222.0, 2194.0, 2120.0, 1858.0, 1960.0, 1957.0, 1903.0, 1828.0, 1963.0, 1996.0, 1997.0, 2000.0, 2038.0, 1983.0, 1875.0, 1971.0, 2019.0, 2007.0, 1972.0]}, {"type": "line", "title": "Profil mensuel moyen (m³/mois)", "labels": ["Jan", "Fév", "Mar", "Avr", "Mai", "Jun", "Jul", "Aoû", "Sep", "Oct", "Nov", "Déc"], "values": [74.4, 60.7, 74.0, 86.1, 89.3, 95.3, 89.4, 85.2, 88.8, 92.7, 86.5, 103.3]}]}}, {"type": "Feature", "geometry": {"type": "Point", "coordinates": [-74.120109, 45.257397]}, "properties": {"id": "55233241", "nom": "Diageo Canada Inc.", "nature": "NATU", "secteur": "autre", "type": "rejet", "charts": [{"type": "bar", "title": "Volume annuel (m³) — Diageo Canada Inc.", "labels": ["2001", "2002", "2003", "2004", "2005", "2006", "2007", "2008", "2009", "2010", "2011", "2012", "2013", "2014", "2015", "2016", "2017", "2018", "2019", "2020", "2021", "2022", "2023", "2024", "2025"], "values": [2167.0, 2187.0, 2139.0, 2051.0, 2159.0, 2097.0, 2075.0, 2017.0, 1827.0, 1901.0, 1899.0, 1859.0, 1803.0, 1896.0, 1919.0, 1917.0, 1923.0, 1944.0, 1906.0, 1838.0, 1914.0, 1953.0, 1958.0, 1943.0, 461.0]}, {"type": "line", "title": "Profil mensuel moyen (m³/mois)", "labels": ["Jan", "Fév", "Mar", "Avr", "Mai", "Jun", "Jul", "Aoû", "Sep", "Oct", "Nov", "Déc"], "values": [58.1, 92.3, 97.0, 85.1, 92.4, 96.2, 84.1, 27.6, 87.7, 95.2, 94.0, 68.1]}]}}, {"type": "Feature", "geometry": {"type": "Point", "coordinates": [-74.002544, 45.761589]}, "properties": {"id": "51367431", "nom": "Les entreprises Rolland inc.", "nature": "NATU", "secteur": "autre", "type": "rejet", "charts": [{"type": "bar", "title": "Volume annuel (m³) — Les entreprises Rolland inc.", "labels": ["2001", "2002", "2003", "2004", "2005", "2006", "2007", "2008", "2009", "2010", "2011", "2012", "2013", "2014", "2015", "2016", "2017", "2018", "2019", "2020", "2021", "2022", "2023", "2024"], "values": [290465.0, 295377.0, 286598.0, 271575.0, 290960.0, 280433.0, 276627.0, 267399.0, 234342.0, 247484.0, 246722.0, 240210.0, 230582.0, 247529.0, 251764.0, 251836.0, 251920.0, 257313.0, 250206.0, 236659.0, 248453.0, 254590.0, 252975.0, 248793.0]}, {"type": "line", "title": "Profil mensuel moyen (m³/mois)", "labels": ["Jan", "Fév", "Mar", "Avr", "Mai", "Jun", "Jul", "Aoû", "Sep", "Oct", "Nov", "Déc"], "values": [16074.9, 21952.6, 22896.3, 20522.0, 26050.4, 24476.5, 27251.1, 22184.6, 18801.7, 19732.5, 20065.8, 18775.6]}]}}, {"type": "Feature", "geometry": {"type": "Point", "coordinates": [-73.3027202733, 61.6661925541]}, "properties": {"id": "X2186973", "nom": "GLENCORE CANADA CORPORATION", "nature": "NATU", "secteur": "autre", "type": "rejet", "charts": [{"type": "bar", "title": "Volume annuel (m³) — GLENCORE CANADA CORPORATION", "labels": ["2001", "2002", "2003", "2004", "2005", "2006", "2007", "2008", "2009", "2010", "2011", "2012", "2013", "2014", "2015", "2016", "2017", "2018", "2019", "2020", "2021", "2022", "2023", "2024"], "values": [1659.0, 1696.0, 1632.0, 1530.0, 1659.0, 1565.0, 1549.0, 1507.0, 1333.0, 1409.0, 1396.0, 1369.0, 1300.0, 1400.0, 1437.0, 1443.0, 1403.0, 1487.0, 1424.0, 1341.0, 1432.0, 1450.0, 1409.0, 1406.0]}, {"type": "line", "title": "Profil mensuel moyen (m³/mois)", "labels": ["Jan", "Fév", "Mar", "Avr", "Mai", "Jun", "Jul", "Aoû", "Sep", "Oct", "Nov", "Déc"], "values": [0.0, 0.0, 0.0, 0.0, 0.0, 0.0, 206.6, 1261.5, 0.0, 0.0, 0.0, 0.0]}]}}, {"type": "Feature", "geometry": {"type": "Point", "coordinates": [-72.860491, 46.31991]}, "properties": {"id": "13641519", "nom": "ATRAHAN TRANSFORMATION INC.", "nature": "NATU", "secteur": "autre", "type": "rejet", "charts": [{"type": "bar", "title": "Volume annuel (m³) — ATRAHAN TRANSFORMATION INC.", "labels": ["2001", "2002", "2003", "2004", "2005", "2006", "2007", "2008", "2009", "2010", "2011", "2012", "2013", "2014", "2015", "2016", "2017", "2018", "2019", "2020", "2021", "2022", "2023", "2024"], "values": [376344.0, 382984.0, 371397.0, 352076.0, 376977.0, 362859.0, 358525.0, 346536.0, 303779.0, 320335.0, 319737.0, 310996.0, 298704.0, 320682.0, 326226.0, 326399.0, 326713.0, 333123.0, 324218.0, 306399.0, 322176.0, 329930.0, 327840.0, 322121.0]}, {"type": "line", "title": "Profil mensuel moyen (m³/mois)", "labels": ["Jan", "Fév", "Mar", "Avr", "Mai", "Jun", "Jul", "Aoû", "Sep", "Oct", "Nov", "Déc"], "values": [26963.0, 26104.5, 27319.1, 27328.0, 27516.6, 27747.6, 28479.6, 31001.3, 27263.2, 30554.2, 30533.4, 24484.1]}]}}, {"type": "Feature", "geometry": {"type": "Point", "coordinates": [-75.565362563, 45.5094393765]}, "properties": {"id": "X0700223", "nom": "GLATFELTER GATINEAU LTÉE", "nature": "EGOU", "secteur": "population", "type": "rejet", "charts": [{"type": "bar", "title": "Volume annuel (m³) — GLATFELTER GATINEAU LTÉE", "labels": ["2001", "2002", "2003", "2004", "2005", "2006", "2007", "2008", "2009", "2010", "2011", "2012", "2013", "2014", "2015", "2016", "2017", "2018", "2019", "2020", "2021", "2022", "2023", "2024", "2025"], "values": [363497.0, 362151.0, 366611.0, 368232.0, 373073.0, 372734.0, 375852.0, 378863.0, 382906.0, 392240.0, 396844.0, 399440.0, 397020.0, 396349.0, 396701.0, 399262.0, 400405.0, 402437.0, 403370.0, 407525.0, 409821.0, 407651.0, 411105.0, 417437.0, 357055.0]}, {"type": "line", "title": "Profil mensuel moyen (m³/mois)", "labels": ["Jan", "Fév", "Mar", "Avr", "Mai", "Jun", "Jul", "Aoû", "Sep", "Oct", "Nov", "Déc"], "values": [42032.9, 34544.1, 37697.3, 35523.9, 33508.9, 26229.7, 28658.2, 31138.6, 28355.2, 39674.1, 26100.8, 28253.4]}]}}, {"type": "Feature", "geometry": {"type": "Point", "coordinates": [-77.8269416667, 48.3927916667]}, "properties": {"id": "X0800306", "nom": "LITHIUM AMÉRIQUE DU NORD INC.", "nature": "NATU", "secteur": "autre", "type": "rejet", "charts": [{"type": "bar", "title": "Volume annuel (m³) — LITHIUM AMÉRIQUE DU NORD INC.", "labels": ["2001", "2002", "2003", "2004", "2005", "2006", "2007", "2008", "2009", "2010", "2011", "2012", "2013", "2014", "2015", "2016", "2017", "2018", "2019", "2020", "2021", "2022", "2023", "2024"], "values": [733395.0, 742694.0, 722328.0, 684977.0, 731471.0, 706448.0, 699129.0, 671828.0, 589307.0, 624323.0, 622070.0, 606632.0, 581801.0, 623398.0, 637105.0, 635736.0, 637879.0, 646801.0, 627424.0, 592999.0, 627429.0, 642056.0, 640190.0, 628925.0]}, {"type": "line", "title": "Profil mensuel moyen (m³/mois)", "labels": ["Jan", "Fév", "Mar", "Avr", "Mai", "Jun", "Jul", "Aoû", "Sep", "Oct", "Nov", "Déc"], "values": [18783.5, 7057.3, 54035.2, 39274.5, 64533.7, 17509.7, 14022.3, 14517.4, 50823.6, 44469.6, 837.0, 310.0]}]}}, {"type": "Feature", "geometry": {"type": "Point", "coordinates": [-71.710555, 46.748888]}, "properties": {"id": "55261028", "nom": "LA CIE MATERIAUX DE CONSTRUCTION BP CANADA", "nature": "NATU", "secteur": "autre", "type": "rejet", "charts": [{"type": "bar", "title": "Volume annuel (m³) — LA CIE MATERIAUX DE CONSTRUCTION BP CANA", "labels": ["2001", "2002", "2003", "2004", "2005", "2006", "2007", "2008", "2009", "2010", "2011", "2012", "2013", "2014", "2015", "2016", "2017", "2018", "2019", "2020", "2021", "2022", "2023", "2024"], "values": [634914.0, 646568.0, 626975.0, 594211.0, 635880.0, 612598.0, 604799.0, 584909.0, 512825.0, 540909.0, 539477.0, 524784.0, 503985.0, 540989.0, 550962.0, 550718.0, 551095.0, 562517.0, 547081.0, 517072.0, 543274.0, 556448.0, 553065.0, 543673.0]}, {"type": "line", "title": "Profil mensuel moyen (m³/mois)", "labels": ["Jan", "Fév", "Mar", "Avr", "Mai", "Jun", "Jul", "Aoû", "Sep", "Oct", "Nov", "Déc"], "values": [56581.2, 50348.3, 46724.8, 51335.4, 50052.5, 44305.3, 48544.7, 48848.1, 51612.5, 38148.5, 46249.6, 33071.0]}]}}, {"type": "Feature", "geometry": {"type": "Point", "coordinates": [-71.96737, 45.40628]}, "properties": {"id": "X2140368", "nom": "Les produits industriels de haute température Pyrotek Inc.", "nature": "EGOU", "secteur": "population", "type": "rejet", "charts": [{"type": "bar", "title": "Volume annuel (m³) — Les produits industriels de haute tempér", "labels": ["2001", "2002", "2003", "2004", "2005", "2006", "2007", "2008", "2009", "2010", "2011", "2012", "2013", "2014", "2015", "2016", "2017", "2018", "2019", "2020", "2021", "2022", "2023", "2024", "2025"], "values": [771.0, 770.0, 777.0, 776.0, 786.0, 786.0, 784.0, 783.0, 784.0, 796.0, 801.0, 806.0, 802.0, 802.0, 802.0, 808.0, 810.0, 819.0, 821.0, 834.0, 846.0, 854.0, 862.0, 874.0, 735.0]}, {"type": "line", "title": "Profil mensuel moyen (m³/mois)", "labels": ["Jan", "Fév", "Mar", "Avr", "Mai", "Jun", "Jul", "Aoû", "Sep", "Oct", "Nov", "Déc"], "values": [69.0, 68.9, 66.3, 69.1, 70.8, 61.4, 71.7, 72.5, 64.8, 72.1, 68.8, 53.0]}]}}, {"type": "Feature", "geometry": {"type": "Point", "coordinates": [-73.643799, 45.139973]}, "properties": {"id": "90247545", "nom": "CONSTRUCTION DJL INC.", "nature": "NATU", "secteur": "autre", "type": "rejet", "charts": [{"type": "bar", "title": "Volume annuel (m³) — CONSTRUCTION DJL INC.", "labels": ["2001", "2002", "2003", "2004", "2005", "2006", "2007", "2008", "2009", "2010", "2011", "2012", "2013", "2014", "2015", "2016", "2017", "2018", "2019", "2020", "2021", "2022", "2023", "2024"], "values": [288439.0, 293855.0, 285015.0, 270172.0, 288512.0, 278857.0, 275202.0, 266300.0, 233596.0, 246097.0, 244860.0, 238338.0, 229009.0, 245826.0, 250291.0, 249900.0, 250634.0, 255183.0, 248502.0, 234584.0, 247086.0, 252227.0, 251404.0, 246731.0]}, {"type": "line", "title": "Profil mensuel moyen (m³/mois)", "labels": ["Jan", "Fév", "Mar", "Avr", "Mai", "Jun", "Jul", "Aoû", "Sep", "Oct", "Nov", "Déc"], "values": [42058.8, 17398.5, 25126.1, 51177.9, 22778.9, 22922.8, 8995.2, 9106.5, 20511.9, 9534.5, 6947.7, 20550.5]}]}}, {"type": "Feature", "geometry": {"type": "Point", "coordinates": [-73.719842752, 45.4918973147]}, "properties": {"id": "X2160263", "nom": "5N PLUS INC.", "nature": "EGOU", "secteur": "population", "type": "rejet", "charts": [{"type": "bar", "title": "Volume annuel (m³) — 5N PLUS INC.", "labels": ["2001", "2002", "2003", "2004", "2005", "2006", "2007", "2008", "2009", "2010", "2011", "2012", "2013", "2014", "2015", "2016", "2017", "2018", "2019", "2020", "2021", "2022", "2023", "2024", "2025"], "values": [610.0, 606.0, 606.0, 599.0, 604.0, 599.0, 593.0, 590.0, 588.0, 594.0, 594.0, 596.0, 593.0, 592.0, 592.0, 592.0, 594.0, 604.0, 607.0, 611.0, 594.0, 596.0, 610.0, 631.0, 437.0]}, {"type": "line", "title": "Profil mensuel moyen (m³/mois)", "labels": ["Jan", "Fév", "Mar", "Avr", "Mai", "Jun", "Jul", "Aoû", "Sep", "Oct", "Nov", "Déc"], "values": [19.2, 16.3, 34.6, 21.1, 39.3, 57.5, 81.4, 52.7, 60.2, 38.1, 152.4, 27.8]}]}}, {"type": "Feature", "geometry": {"type": "Point", "coordinates": [-73.6673072839, 45.511723]}, "properties": {"id": "X0000027", "nom": "ALPHACASTING INC.", "nature": "EGOU", "secteur": "population", "type": "rejet", "charts": [{"type": "bar", "title": "Volume annuel (m³) — ALPHACASTING INC.", "labels": ["2001", "2002", "2003", "2004", "2005", "2006", "2007", "2008", "2009", "2010", "2011", "2012", "2013", "2014", "2015", "2016", "2017", "2018", "2019", "2020", "2021", "2022", "2023", "2024", "2025"], "values": [59170.0, 58778.0, 58733.0, 58188.0, 58538.0, 58154.0, 57621.0, 57173.0, 57086.0, 57649.0, 57566.0, 57849.0, 57584.0, 57513.0, 57363.0, 57447.0, 57745.0, 58520.0, 58834.0, 59041.0, 57740.0, 57717.0, 59245.0, 61178.0, 50174.0]}, {"type": "line", "title": "Profil mensuel moyen (m³/mois)", "labels": ["Jan", "Fév", "Mar", "Avr", "Mai", "Jun", "Jul", "Aoû", "Sep", "Oct", "Nov", "Déc"], "values": [6384.5, 2990.0, 4892.4, 4618.4, 4905.4, 5415.1, 5175.1, 4196.8, 4093.5, 5708.8, 5747.5, 4131.9]}]}}, {"type": "Feature", "geometry": {"type": "Point", "coordinates": [-73.8000896, 45.4656]}, "properties": {"id": "X2078428", "nom": "ANODISATION & PEINTURE T.N.M. INC.", "nature": "EGOU", "secteur": "population", "type": "rejet", "charts": [{"type": "bar", "title": "Volume annuel (m³) — ANODISATION & PEINTURE T.N.M. INC.", "labels": ["2001", "2002", "2003", "2004", "2005", "2006", "2007", "2008", "2009", "2010", "2011", "2012", "2013", "2014", "2015", "2016", "2017", "2018", "2019", "2020", "2021", "2022", "2023", "2024", "2025"], "values": [15744.0, 15665.0, 15617.0, 15456.0, 15530.0, 15515.0, 15402.0, 15426.0, 15427.0, 15434.0, 15354.0, 15358.0, 15169.0, 15001.0, 15071.0, 15200.0, 15209.0, 15368.0, 15566.0, 15762.0, 15742.0, 15952.0, 16420.0, 16940.0, 14371.0]}, {"type": "line", "title": "Profil mensuel moyen (m³/mois)", "labels": ["Jan", "Fév", "Mar", "Avr", "Mai", "Jun", "Jul", "Aoû", "Sep", "Oct", "Nov", "Déc"], "values": [1429.4, 1298.1, 1366.5, 1366.5, 1393.1, 1341.4, 897.1, 1426.4, 1273.3, 1353.7, 1360.0, 1100.9]}]}}, {"type": "Feature", "geometry": {"type": "Point", "coordinates": [-73.5129952496, 45.5771394444]}, "properties": {"id": "X2128685", "nom": "CATELLI MONTREAL INC.", "nature": "EGOU", "secteur": "population", "type": "rejet", "charts": [{"type": "bar", "title": "Volume annuel (m³) — CATELLI MONTREAL INC.", "labels": ["2001", "2002", "2003", "2004", "2005", "2006", "2007", "2008", "2009", "2010", "2011", "2012", "2013", "2014", "2015", "2016", "2017", "2018", "2019", "2020", "2021", "2022", "2023", "2024", "2025"], "values": [88057.0, 87793.0, 87595.0, 86763.0, 87271.0, 86520.0, 85736.0, 85191.0, 85100.0, 85902.0, 85778.0, 86151.0, 85725.0, 85609.0, 85597.0, 85607.0, 85978.0, 87374.0, 87735.0, 87930.0, 85994.0, 85891.0, 88247.0, 91140.0, 78422.0]}, {"type": "line", "title": "Profil mensuel moyen (m³/mois)", "labels": ["Jan", "Fév", "Mar", "Avr", "Mai", "Jun", "Jul", "Aoû", "Sep", "Oct", "Nov", "Déc"], "values": [5435.7, 9268.1, 8794.2, 7464.2, 4996.1, 6182.7, 9011.5, 9005.4, 9301.8, 6071.4, 6570.8, 4713.7]}]}}, {"type": "Feature", "geometry": {"type": "Point", "coordinates": [-77.186356, 48.351712]}, "properties": {"id": "90453523", "nom": "PF RÉSOLU CANADA INC.", "nature": "NATU", "secteur": "papier", "type": "rejet", "charts": [{"type": "bar", "title": "Volume annuel (m³) — PF RÉSOLU CANADA INC.", "labels": ["2001", "2002", "2003", "2004", "2005", "2006", "2007", "2008", "2009", "2010", "2011", "2012", "2013", "2014", "2015", "2016", "2017", "2018", "2019", "2020", "2021", "2022", "2023", "2024"], "values": [23584.0, 24153.0, 22749.0, 19794.0, 22985.0, 21205.0, 20864.0, 19060.0, 14440.0, 16117.0, 15423.0, 13930.0, 12246.0, 13927.0, 13924.0, 13456.0, 12621.0, 12284.0, 10628.0, 9358.0, 9630.0, 10425.0, 11091.0, 9624.0]}, {"type": "line", "title": "Profil mensuel moyen (m³/mois)", "labels": ["Jan", "Fév", "Mar", "Avr", "Mai", "Jun", "Jul", "Aoû", "Sep", "Oct", "Nov", "Déc"], "values": [1285.0, 1189.2, 1273.7, 2114.2, 1570.8, 1255.4, 1276.7, 1280.2, 924.2, 1243.0, 1059.0, 1091.9]}]}}, {"type": "Feature", "geometry": {"type": "Point", "coordinates": [-77.151008, 49.108637]}, "properties": {"id": "54584644", "nom": "PF RÉSOLU CANADA INC.", "nature": "NATU", "secteur": "papier", "type": "rejet", "charts": [{"type": "bar", "title": "Volume annuel (m³) — PF RÉSOLU CANADA INC.", "labels": ["2001", "2002", "2003", "2004", "2005", "2006", "2007", "2008", "2009", "2010", "2011", "2012", "2013", "2014", "2015", "2016", "2017", "2018", "2019", "2020", "2021", "2022", "2023", "2024"], "values": [43874.0, 45075.0, 42414.0, 36942.0, 42848.0, 39407.0, 38874.0, 35510.0, 26918.0, 29937.0, 28744.0, 25913.0, 22797.0, 25946.0, 25934.0, 25062.0, 23552.0, 22861.0, 19825.0, 17423.0, 17928.0, 19403.0, 20670.0, 17906.0]}, {"type": "line", "title": "Profil mensuel moyen (m³/mois)", "labels": ["Jan", "Fév", "Mar", "Avr", "Mai", "Jun", "Jul", "Aoû", "Sep", "Oct", "Nov", "Déc"], "values": [3558.5, 3636.0, 3700.4, 2228.4, 1390.1, 1982.4, 1812.4, 1860.2, 2691.1, 2553.8, 1823.0, 1753.6]}]}}, {"type": "Feature", "geometry": {"type": "Point", "coordinates": [-73.338118, 45.563684]}, "properties": {"id": "54748876", "nom": "CONSTRUCTION DJL INC.", "nature": "NATU", "secteur": "autre", "type": "rejet", "charts": [{"type": "bar", "title": "Volume annuel (m³) — CONSTRUCTION DJL INC.", "labels": ["2001", "2002", "2003", "2004", "2005", "2006", "2007", "2008", "2009", "2010", "2011", "2012", "2013", "2014", "2015", "2016", "2017", "2018", "2019", "2020", "2021", "2022", "2023", "2024"], "values": [765400.0, 781006.0, 756420.0, 717398.0, 764888.0, 738799.0, 728863.0, 705343.0, 619138.0, 654006.0, 650403.0, 633125.0, 608162.0, 651822.0, 666196.0, 664512.0, 664083.0, 679851.0, 660127.0, 622817.0, 654724.0, 670335.0, 666506.0, 655302.0]}, {"type": "line", "title": "Profil mensuel moyen (m³/mois)", "labels": ["Jan", "Fév", "Mar", "Avr", "Mai", "Jun", "Jul", "Aoû", "Sep", "Oct", "Nov", "Déc"], "values": [139869.7, 27058.5, 62648.3, 89666.6, 76645.0, 14758.8, 53705.6, 66607.1, 65407.9, 19706.4, 10877.7, 55515.9]}]}}, {"type": "Feature", "geometry": {"type": "Point", "coordinates": [-72.778968, 45.385144]}, "properties": {"id": "52485471", "nom": "AGROPUR COOPÉRATIVE", "nature": "EGOU", "secteur": "population", "type": "rejet", "charts": [{"type": "bar", "title": "Volume annuel (m³) — AGROPUR COOPÉRATIVE", "labels": ["2001", "2002", "2003", "2004", "2005", "2006", "2007", "2008", "2009", "2010", "2011", "2012", "2013", "2014", "2015", "2016", "2017", "2018", "2019", "2020", "2021", "2022", "2023", "2024", "2025"], "values": [646998.0, 642907.0, 644890.0, 647872.0, 660943.0, 664366.0, 668521.0, 670798.0, 671370.0, 683689.0, 689051.0, 692708.0, 691369.0, 691000.0, 690812.0, 694641.0, 694478.0, 693713.0, 692277.0, 698833.0, 707524.0, 706653.0, 712997.0, 718885.0, 599211.0]}, {"type": "line", "title": "Profil mensuel moyen (m³/mois)", "labels": ["Jan", "Fév", "Mar", "Avr", "Mai", "Jun", "Jul", "Aoû", "Sep", "Oct", "Nov", "Déc"], "values": [67905.3, 54200.4, 47538.1, 63944.0, 50191.2, 50900.0, 63230.6, 50544.5, 50420.6, 75546.7, 51476.8, 57522.0]}]}}, {"type": "Feature", "geometry": {"type": "Point", "coordinates": [-73.5495620922, 45.6313632347]}, "properties": {"id": "X2130122", "nom": "LINDE CANADA INC.", "nature": "EGOU", "secteur": "population", "type": "rejet", "charts": [{"type": "bar", "title": "Volume annuel (m³) — LINDE CANADA INC.", "labels": ["2001", "2002", "2003", "2004", "2005", "2006", "2007", "2008", "2009", "2010", "2011", "2012", "2013", "2014", "2015", "2016", "2017", "2018", "2019", "2020", "2021", "2022", "2023", "2024", "2025"], "values": [28272.0, 27745.0, 26735.0, 28763.0, 29406.0, 29220.0, 28439.0, 27990.0, 27911.0, 27934.0, 27704.0, 27973.0, 27307.0, 27764.0, 27463.0, 27725.0, 28171.0, 28153.0, 28882.0, 29644.0, 30809.0, 31448.0, 32390.0, 33695.0, 28656.0]}, {"type": "line", "title": "Profil mensuel moyen (m³/mois)", "labels": ["Jan", "Fév", "Mar", "Avr", "Mai", "Jun", "Jul", "Aoû", "Sep", "Oct", "Nov", "Déc"], "values": [2480.3, 2241.0, 2487.5, 2407.6, 2420.9, 2363.8, 2449.8, 2478.4, 2355.6, 2464.6, 2386.7, 2465.9]}]}}, {"type": "Feature", "geometry": {"type": "Point", "coordinates": [-73.433404, 45.320986]}, "properties": {"id": "90118183", "nom": "CONSTRUCTION DJL INC.", "nature": "NATU", "secteur": "autre", "type": "rejet", "charts": [{"type": "bar", "title": "Volume annuel (m³) — CONSTRUCTION DJL INC.", "labels": ["2001", "2002", "2003", "2004", "2005", "2006", "2007", "2008", "2009", "2010", "2011", "2012", "2013", "2014", "2015", "2016", "2017", "2018", "2019", "2020", "2021", "2022", "2023", "2024"], "values": [643125.0, 654695.0, 634920.0, 602181.0, 644417.0, 620493.0, 613024.0, 592620.0, 519584.0, 547792.0, 546543.0, 531599.0, 510786.0, 548347.0, 557467.0, 557781.0, 558571.0, 569529.0, 554435.0, 523974.0, 550471.0, 563834.0, 560336.0, 550643.0]}, {"type": "line", "title": "Profil mensuel moyen (m³/mois)", "labels": ["Jan", "Fév", "Mar", "Avr", "Mai", "Jun", "Jul", "Aoû", "Sep", "Oct", "Nov", "Déc"], "values": [41625.9, 113133.6, 41267.9, 45708.4, 46504.3, 47743.4, 47057.9, 45541.7, 42658.9, 47433.1, 49502.1, 5038.2]}]}}, {"type": "Feature", "geometry": {"type": "Point", "coordinates": [-72.43772, 48.645898]}, "properties": {"id": "90294182", "nom": "PF RÉSOLU CANADA INC.", "nature": "EGOU", "secteur": "population", "type": "rejet", "charts": [{"type": "bar", "title": "Volume annuel (m³) — PF RÉSOLU CANADA INC.", "labels": ["2001", "2002", "2003", "2004", "2005", "2006", "2007", "2008", "2009", "2010", "2011", "2012", "2013", "2014", "2015", "2016", "2017", "2018", "2019", "2020", "2021", "2022", "2023", "2024", "2025"], "values": [10439.0, 10238.0, 10052.0, 9907.0, 9961.0, 9844.0, 9820.0, 9699.0, 9582.0, 9534.0, 9377.0, 9357.0, 9199.0, 9129.0, 9039.0, 9034.0, 8932.0, 8805.0, 8749.0, 8622.0, 8734.0, 8720.0, 8623.0, 8658.0, 7276.0]}, {"type": "line", "title": "Profil mensuel moyen (m³/mois)", "labels": ["Jan", "Fév", "Mar", "Avr", "Mai", "Jun", "Jul", "Aoû", "Sep", "Oct", "Nov", "Déc"], "values": [482.0, 1014.6, 1544.2, 1925.5, 433.9, 518.3, 37.2, 582.1, 508.1, 967.0, 970.3, 321.7]}]}}, {"type": "Feature", "geometry": {"type": "Point", "coordinates": [-75.6164381337, 45.4998016029]}, "properties": {"id": "X2206331", "nom": "LA SOYARIE INC.", "nature": "EGOU", "secteur": "population", "type": "rejet", "charts": [{"type": "bar", "title": "Volume annuel (m³) — LA SOYARIE INC.", "labels": ["2001", "2002", "2003", "2004", "2005", "2006", "2007", "2008", "2009", "2010", "2011", "2012", "2013", "2014", "2015", "2016", "2017", "2018", "2019", "2020", "2021", "2022", "2023", "2024", "2025"], "values": [17354.0, 17296.0, 17509.0, 17574.0, 17819.0, 17800.0, 17934.0, 18091.0, 18280.0, 18728.0, 18948.0, 19067.0, 18947.0, 18920.0, 18949.0, 19062.0, 19103.0, 19227.0, 19257.0, 19469.0, 19556.0, 19464.0, 19621.0, 19938.0, 16528.0]}, {"type": "line", "title": "Profil mensuel moyen (m³/mois)", "labels": ["Jan", "Fév", "Mar", "Avr", "Mai", "Jun", "Jul", "Aoû", "Sep", "Oct", "Nov", "Déc"], "values": [1624.9, 1550.0, 1480.7, 1627.3, 1583.8, 1380.4, 1602.6, 1621.5, 1520.2, 1612.4, 1548.8, 1548.8]}]}}, {"type": "Feature", "geometry": {"type": "Point", "coordinates": [-73.9100777778, 45.7533806]}, "properties": {"id": "X2067338", "nom": "Amrize Canada Inc.", "nature": "NATU", "secteur": "metaux", "type": "rejet", "charts": [{"type": "bar", "title": "Volume annuel (m³) — Amrize Canada Inc.", "labels": ["2001", "2002", "2003", "2004", "2005", "2006", "2007", "2008", "2009", "2010", "2011", "2012", "2013", "2014", "2015", "2016", "2017", "2018", "2019", "2020", "2021", "2022", "2023", "2024"], "values": [45944.0, 44838.0, 40865.0, 44668.0, 48990.0, 46857.0, 49067.0, 47941.0, 39763.0, 41836.0, 43938.0, 43196.0, 39811.0, 42671.0, 42117.0, 39274.0, 39945.0, 40835.0, 41497.0, 39665.0, 39129.0, 37372.0, 37880.0, 36950.0]}, {"type": "line", "title": "Profil mensuel moyen (m³/mois)", "labels": ["Jan", "Fév", "Mar", "Avr", "Mai", "Jun", "Jul", "Aoû", "Sep", "Oct", "Nov", "Déc"], "values": [0.0, 0.0, 0.0, 5383.3, 5235.2, 5161.1, 5586.6, 5408.3, 5035.5, 5339.4, 5144.3, 0.0]}]}}, {"type": "Feature", "geometry": {"type": "Point", "coordinates": [-75.734541, 45.457884]}, "properties": {"id": "X2132409", "nom": "LA SOYARIE INC.", "nature": "EGOU", "secteur": "population", "type": "rejet", "charts": [{"type": "bar", "title": "Volume annuel (m³) — LA SOYARIE INC.", "labels": ["2001", "2002", "2003", "2004", "2005", "2006", "2007", "2008", "2009", "2010", "2011", "2012", "2013", "2014", "2015", "2016", "2017", "2018", "2019", "2020", "2021", "2022", "2023", "2024", "2025"], "values": [10882.0, 10844.0, 10980.0, 11016.0, 11176.0, 11162.0, 11245.0, 11343.0, 11461.0, 11740.0, 11880.0, 11954.0, 11877.0, 11863.0, 11880.0, 11951.0, 11977.0, 12054.0, 12072.0, 12208.0, 12263.0, 12203.0, 12302.0, 12503.0, 10311.0]}, {"type": "line", "title": "Profil mensuel moyen (m³/mois)", "labels": ["Jan", "Fév", "Mar", "Avr", "Mai", "Jun", "Jul", "Aoû", "Sep", "Oct", "Nov", "Déc"], "values": [932.8, 931.8, 934.3, 996.6, 970.0, 978.2, 997.8, 1009.5, 991.1, 990.6, 996.4, 996.4]}]}}, {"type": "Feature", "geometry": {"type": "Point", "coordinates": [-72.523671, 48.739788]}, "properties": {"id": "90459082", "nom": "FIBREK S.E.N.C.", "nature": "NATU", "secteur": "papier", "type": "rejet", "charts": [{"type": "bar", "title": "Volume annuel (m³) — FIBREK S.E.N.C.", "labels": ["2001", "2002", "2003", "2004", "2005", "2006", "2007", "2008", "2009", "2010", "2011", "2012", "2013", "2014", "2015", "2016", "2017", "2018", "2019", "2020", "2021", "2022", "2023", "2024"], "values": [554.0, 569.0, 535.0, 466.0, 541.0, 498.0, 491.0, 448.0, 340.0, 378.0, 363.0, 327.0, 288.0, 328.0, 327.0, 316.0, 297.0, 289.0, 250.0, 220.0, 226.0, 245.0, 261.0, 226.0]}, {"type": "line", "title": "Profil mensuel moyen (m³/mois)", "labels": ["Jan", "Fév", "Mar", "Avr", "Mai", "Jun", "Jul", "Aoû", "Sep", "Oct", "Nov", "Déc"], "values": [32.0, 28.8, 31.9, 29.7, 26.0, 30.4, 31.0, 31.1, 30.3, 31.7, 31.0, 32.0]}]}}, {"type": "Feature", "geometry": {"type": "Point", "coordinates": [-74.155452, 45.271106]}, "properties": {"id": "X1600622", "nom": "BAU-VAL INC.", "nature": "NATU", "secteur": "autre", "type": "rejet", "charts": [{"type": "bar", "title": "Volume annuel (m³) — BAU-VAL INC.", "labels": ["2001", "2002", "2003", "2004", "2005", "2006", "2007", "2008", "2009", "2010", "2011", "2012", "2013", "2014", "2015", "2016", "2017", "2018", "2019", "2020", "2021", "2022", "2023", "2024"], "values": [3286484.0, 3346170.0, 3244457.0, 3074054.0, 3291037.0, 3169663.0, 3129245.0, 3026547.0, 2654897.0, 2800119.0, 2790485.0, 2717146.0, 2607855.0, 2800015.0, 2849738.0, 2849808.0, 2849711.0, 2912154.0, 2832041.0, 2675517.0, 2813967.0, 2878647.0, 2859772.0, 2812032.0]}, {"type": "line", "title": "Profil mensuel moyen (m³/mois)", "labels": ["Jan", "Fév", "Mar", "Avr", "Mai", "Jun", "Jul", "Aoû", "Sep", "Oct", "Nov", "Déc"], "values": [250477.6, 283972.8, 289425.6, 288070.0, 245583.8, 244194.9, 238004.7, 316630.1, 212520.3, 187382.9, 174275.8, 197443.2]}]}}, {"type": "Feature", "geometry": {"type": "Point", "coordinates": [-73.642595, 45.423312]}, "properties": {"id": "X0600239", "nom": "Les produits chimiques Delmar inc.", "nature": "EGOU", "secteur": "population", "type": "rejet", "charts": [{"type": "bar", "title": "Volume annuel (m³) — Les produits chimiques Delmar inc.", "labels": ["2001", "2002", "2003", "2004", "2005", "2006", "2007", "2008", "2009", "2010", "2011", "2012", "2013", "2014", "2015", "2016", "2017", "2018", "2019", "2020", "2021", "2022", "2023", "2024", "2025"], "values": [113080.0, 112434.0, 112308.0, 111249.0, 111864.0, 111094.0, 110085.0, 109265.0, 109164.0, 110209.0, 110013.0, 110551.0, 110027.0, 109892.0, 109741.0, 109811.0, 110333.0, 111932.0, 112461.0, 112795.0, 110350.0, 110266.0, 113191.0, 116916.0, 96163.0]}, {"type": "line", "title": "Profil mensuel moyen (m³/mois)", "labels": ["Jan", "Fév", "Mar", "Avr", "Mai", "Jun", "Jul", "Aoû", "Sep", "Oct", "Nov", "Déc"], "values": [9346.9, 9337.1, 9361.1, 9360.7, 9108.8, 9188.3, 9217.8, 9327.1, 9158.0, 9273.3, 9337.7, 9338.2]}]}}, {"type": "Feature", "geometry": {"type": "Point", "coordinates": [-73.8280881374, 45.6365605085]}, "properties": {"id": "12481586", "nom": "LA COMPAGNIE COMMONWEALTH PLYWOOD LTÉE", "nature": "NATU", "secteur": "autre", "type": "rejet", "charts": [{"type": "bar", "title": "Volume annuel (m³) — LA COMPAGNIE COMMONWEALTH PLYWOOD LTÉE", "labels": ["2001", "2002", "2003", "2004", "2005", "2006", "2007", "2008", "2009", "2010", "2011", "2012", "2013", "2014", "2015", "2016", "2017", "2018", "2019", "2020", "2021", "2022", "2023", "2024", "2025"], "values": [110565.0, 111533.0, 110422.0, 108091.0, 111220.0, 108522.0, 108427.0, 106848.0, 102142.0, 105328.0, 104914.0, 103435.0, 101462.0, 102896.0, 103181.0, 103061.0, 103006.0, 103413.0, 101934.0, 100183.0, 102397.0, 102947.0, 102642.0, 102612.0, 56078.0]}, {"type": "line", "title": "Profil mensuel moyen (m³/mois)", "labels": ["Jan", "Fév", "Mar", "Avr", "Mai", "Jun", "Jul", "Aoû", "Sep", "Oct", "Nov", "Déc"], "values": [2426.6, 3635.6, 2613.4, 3478.1, 3358.7, 3183.1, 6681.4, 7193.2, 6791.9, 6149.7, 4183.1, 3050.1]}]}}, {"type": "Feature", "geometry": {"type": "Point", "coordinates": [-74.679211, 45.773888]}, "properties": {"id": "90316712", "nom": "EAU DE SOURCE NATURELLE BELL FALLS INC.", "nature": "NATU", "secteur": "autre", "type": "rejet", "charts": [{"type": "bar", "title": "Volume annuel (m³) — EAU DE SOURCE NATURELLE BELL FALLS INC.", "labels": ["2001", "2002", "2003", "2004", "2005", "2006", "2007", "2008", "2009", "2010", "2011", "2012", "2013", "2014", "2015", "2016", "2017", "2018", "2019", "2020", "2021", "2022", "2023", "2024"], "values": [14257.0, 14513.0, 14074.0, 13343.0, 14281.0, 13752.0, 13585.0, 13132.0, 11513.0, 12139.0, 12114.0, 11783.0, 11318.0, 12151.0, 12362.0, 12365.0, 12379.0, 12623.0, 12286.0, 11610.0, 12203.0, 12497.0, 12422.0, 12204.0]}, {"type": "line", "title": "Profil mensuel moyen (m³/mois)", "labels": ["Jan", "Fév", "Mar", "Avr", "Mai", "Jun", "Jul", "Aoû", "Sep", "Oct", "Nov", "Déc"], "values": [1066.1, 1065.0, 1067.7, 1067.7, 1038.4, 1047.8, 1050.8, 1063.8, 1044.6, 1059.2, 1066.7, 1066.8]}]}}, {"type": "Feature", "geometry": {"type": "Point", "coordinates": [-72.1138338345, 45.273110112]}, "properties": {"id": "29367208", "nom": "NOURYON PÂTE ET PERFORMANCE CANADA INC.", "nature": "NATU", "secteur": "chimie", "type": "rejet", "charts": [{"type": "bar", "title": "Volume annuel (m³) — NOURYON PÂTE ET PERFORMANCE CANADA INC.", "labels": ["2001", "2002", "2003", "2004", "2005", "2006", "2007", "2008", "2009", "2010", "2011", "2012", "2013", "2014", "2015", "2016", "2017", "2018", "2019", "2020", "2021", "2022", "2023", "2024"], "values": [19290187.0, 19258558.0, 19427833.0, 18664005.0, 18546526.0, 18178495.0, 15504133.0, 14315101.0, 14169750.0, 14654191.0, 13941030.0, 14687055.0, 13096538.0, 13337584.0, 12502363.0, 12949538.0, 13282428.0, 14179374.0, 13911831.0, 13887314.0, 14972493.0, 16211286.0, 16353434.0, 16491694.0]}, {"type": "line", "title": "Profil mensuel moyen (m³/mois)", "labels": ["Jan", "Fév", "Mar", "Avr", "Mai", "Jun", "Jul", "Aoû", "Sep", "Oct", "Nov", "Déc"], "values": [1337692.1, 1043099.1, 1136739.9, 1172820.7, 1137761.9, 1500347.5, 1536480.5, 1522056.7, 1390006.5, 1324966.0, 1044555.8, 1345670.9]}]}}, {"type": "Feature", "geometry": {"type": "Point", "coordinates": [-73.4953306, 45.3738806]}, "properties": {"id": "X1501751", "nom": "4525663 Canada inc.", "nature": "EGOU", "secteur": "population", "type": "rejet", "charts": [{"type": "bar", "title": "Volume annuel (m³) — 4525663 Canada inc.", "labels": ["2001", "2002", "2003", "2004", "2005", "2006", "2007", "2008", "2009", "2010", "2011", "2012", "2013", "2014", "2015", "2016", "2017", "2018", "2019", "2020", "2021", "2022", "2023", "2024", "2025"], "values": [54021.0, 54899.0, 56820.0, 58725.0, 62296.0, 65312.0, 67600.0, 71286.0, 74066.0, 77474.0, 78155.0, 79384.0, 79711.0, 79899.0, 80006.0, 80247.0, 80210.0, 82084.0, 82366.0, 84458.0, 85680.0, 86958.0, 88136.0, 89317.0, 75744.0]}, {"type": "line", "title": "Profil mensuel moyen (m³/mois)", "labels": ["Jan", "Fév", "Mar", "Avr", "Mai", "Jun", "Jul", "Aoû", "Sep", "Oct", "Nov", "Déc"], "values": [6285.4, 6579.1, 7028.0, 7006.9, 6152.7, 6304.4, 6688.2, 6550.2, 5923.1, 5350.0, 5689.9, 5900.0]}]}}, {"type": "Feature", "geometry": {"type": "Point", "coordinates": [-75.65059, 45.47541]}, "properties": {"id": "53968913", "nom": "PF RÉSOLU CANADA INC.", "nature": "NATU", "secteur": "papier", "type": "rejet", "charts": [{"type": "bar", "title": "Volume annuel (m³) — PF RÉSOLU CANADA INC.", "labels": ["2001", "2002", "2003", "2004", "2005", "2006", "2007", "2008", "2009", "2010", "2011", "2012", "2013", "2014", "2015", "2016", "2017", "2018", "2019", "2020", "2021", "2022", "2023", "2024"], "values": [34967261.0, 35863399.0, 33765106.0, 29379126.0, 34118070.0, 31414406.0, 30936143.0, 28265122.0, 21420046.0, 23870899.0, 22886619.0, 20646700.0, 18155984.0, 20661041.0, 20658766.0, 19963488.0, 18725655.0, 18225283.0, 15776999.0, 13886987.0, 14272859.0, 15463863.0, 16447249.0, 14272682.0]}, {"type": "line", "title": "Profil mensuel moyen (m³/mois)", "labels": ["Jan", "Fév", "Mar", "Avr", "Mai", "Jun", "Jul", "Aoû", "Sep", "Oct", "Nov", "Déc"], "values": [2555673.1, 2387971.5, 1873346.8, 1817552.4, 1781065.6, 1787479.6, 1933884.1, 1970509.6, 1802112.6, 1790532.2, 1739972.9, 1645056.1]}]}}, {"type": "Feature", "geometry": {"type": "Point", "coordinates": [-72.76286, 45.38373]}, "properties": {"id": "X2034898", "nom": "RPM CANADA", "nature": "EGOU", "secteur": "population", "type": "rejet", "charts": [{"type": "bar", "title": "Volume annuel (m³) — RPM CANADA", "labels": ["2001", "2002", "2003", "2004", "2005", "2006", "2007", "2008", "2009", "2010", "2011", "2012", "2013", "2014", "2015", "2016", "2017", "2018", "2019", "2020", "2021", "2022", "2023", "2024", "2025"], "values": [47419.0, 47112.0, 47314.0, 47240.0, 48512.0, 48436.0, 48778.0, 48928.0, 49041.0, 49922.0, 50365.0, 50665.0, 50360.0, 50480.0, 50710.0, 50893.0, 50680.0, 50862.0, 50459.0, 51014.0, 51890.0, 51648.0, 52049.0, 52723.0, 47797.0]}, {"type": "line", "title": "Profil mensuel moyen (m³/mois)", "labels": ["Jan", "Fév", "Mar", "Avr", "Mai", "Jun", "Jul", "Aoû", "Sep", "Oct", "Nov", "Déc"], "values": [1106.7, 2726.6, 2670.4, 2585.9, 3540.4, 6298.7, 4146.9, 10012.2, 8886.5, 3727.8, 2440.2, 1840.7]}]}}, {"type": "Feature", "geometry": {"type": "Point", "coordinates": [-73.489117, 45.842305]}, "properties": {"id": "90552795", "nom": "BAU-VAL INC.", "nature": "NATU", "secteur": "autre", "type": "rejet", "charts": [{"type": "bar", "title": "Volume annuel (m³) — BAU-VAL INC.", "labels": ["2001", "2002", "2003", "2004", "2005", "2006", "2007", "2008", "2009", "2010", "2011", "2012", "2013", "2014", "2015", "2016", "2017", "2018", "2019", "2020", "2021", "2022", "2023", "2024"], "values": [315812.0, 320760.0, 311322.0, 294839.0, 316343.0, 304460.0, 300653.0, 290333.0, 254259.0, 268778.0, 268161.0, 261108.0, 250466.0, 268784.0, 273681.0, 273826.0, 273980.0, 279342.0, 271374.0, 256794.0, 270462.0, 276888.0, 275263.0, 270600.0]}, {"type": "line", "title": "Profil mensuel moyen (m³/mois)", "labels": ["Jan", "Fév", "Mar", "Avr", "Mai", "Jun", "Jul", "Aoû", "Sep", "Oct", "Nov", "Déc"], "values": [0.0, 0.0, 29100.7, 30486.9, 30999.4, 27199.5, 30004.6, 30375.8, 28472.2, 31618.6, 29074.5, 13846.5]}]}}, {"type": "Feature", "geometry": {"type": "Point", "coordinates": [-71.22583, 46.73167]}, "properties": {"id": "25429184", "nom": "GROUPE COLAS QUÉBEC INC.", "nature": "NATU", "secteur": "autre", "type": "rejet", "charts": [{"type": "bar", "title": "Volume annuel (m³) — GROUPE COLAS QUÉBEC INC.", "labels": ["2001", "2002", "2003", "2004", "2005", "2006", "2007", "2008", "2009", "2010", "2011", "2012", "2013", "2014", "2015", "2016", "2017", "2018", "2019", "2020", "2021", "2022", "2023", "2024"], "values": [318935.0, 324654.0, 314829.0, 298470.0, 319467.0, 307628.0, 303888.0, 293770.0, 257549.0, 271541.0, 270987.0, 263572.0, 253175.0, 271810.0, 276540.0, 276599.0, 276919.0, 282362.0, 274843.0, 259704.0, 272981.0, 279555.0, 277867.0, 273000.0]}, {"type": "line", "title": "Profil mensuel moyen (m³/mois)", "labels": ["Jan", "Fév", "Mar", "Avr", "Mai", "Jun", "Jul", "Aoû", "Sep", "Oct", "Nov", "Déc"], "values": [23847.6, 23822.8, 23883.1, 23883.5, 23229.2, 23439.0, 23505.7, 23796.5, 23367.3, 23693.1, 23861.6, 23864.2]}]}}, {"type": "Feature", "geometry": {"type": "Point", "coordinates": [-72.626338, 48.723974]}, "properties": {"id": "52645553", "nom": "PF RÉSOLU CANADA INC.", "nature": "EGOU", "secteur": "population", "type": "rejet", "charts": [{"type": "bar", "title": "Volume annuel (m³) — PF RÉSOLU CANADA INC.", "labels": ["2001", "2002", "2003", "2004", "2005", "2006", "2007", "2008", "2009", "2010", "2011", "2012", "2013", "2014", "2015", "2016", "2017", "2018", "2019", "2020", "2021", "2022", "2023", "2024", "2025"], "values": [22962.0, 22494.0, 22210.0, 21309.0, 21125.0, 20618.0, 19983.0, 19806.0, 19503.0, 20057.0, 20055.0, 19668.0, 18832.0, 18468.0, 18327.0, 18133.0, 18515.0, 18052.0, 17694.0, 17835.0, 17678.0, 17550.0, 17846.0, 17521.0, 15443.0]}, {"type": "line", "title": "Profil mensuel moyen (m³/mois)", "labels": ["Jan", "Fév", "Mar", "Avr", "Mai", "Jun", "Jul", "Aoû", "Sep", "Oct", "Nov", "Déc"], "values": [1341.4, 809.1, 1248.6, 1440.6, 1493.6, 2659.2, 2482.2, 1543.1, 1869.9, 2334.2, 1652.4, 478.1]}]}}, {"type": "Feature", "geometry": {"type": "Point", "coordinates": [-74.205227, 45.301327]}, "properties": {"id": "27305903", "nom": "Arcelormittal Coteau-du-Lac Société en commandite", "nature": "EGOU", "secteur": "population", "type": "rejet", "charts": [{"type": "bar", "title": "Volume annuel (m³) — Arcelormittal Coteau-du-Lac Société en c", "labels": ["2001", "2002", "2003", "2004", "2005", "2006", "2007", "2008", "2009", "2010", "2011", "2012", "2013", "2014", "2015", "2016", "2017", "2018", "2019", "2020", "2021", "2022", "2023", "2024", "2025"], "values": [17962.0, 18314.0, 18836.0, 18970.0, 19539.0, 19738.0, 20086.0, 20118.0, 20293.0, 20442.0, 20525.0, 20799.0, 20340.0, 20590.0, 20412.0, 20368.0, 20408.0, 20278.0, 20239.0, 20721.0, 21197.0, 21085.0, 21328.0, 21379.0, 17145.0]}, {"type": "line", "title": "Profil mensuel moyen (m³/mois)", "labels": ["Jan", "Fév", "Mar", "Avr", "Mai", "Jun", "Jul", "Aoû", "Sep", "Oct", "Nov", "Déc"], "values": [1481.7, 1534.4, 1454.5, 1319.0, 1548.2, 1918.1, 1778.8, 1788.3, 1494.6, 1845.5, 2021.6, 2021.6]}]}}, {"type": "Feature", "geometry": {"type": "Point", "coordinates": [-73.702901, 45.599903]}, "properties": {"id": "54317763", "nom": "CIMENT QUÉBEC INC.", "nature": "EGOU", "secteur": "population", "type": "rejet", "charts": [{"type": "bar", "title": "Volume annuel (m³) — CIMENT QUÉBEC INC.", "labels": ["2001", "2002", "2003", "2004", "2005", "2006", "2007", "2008", "2009", "2010", "2011", "2012", "2013", "2014", "2015", "2016", "2017", "2018", "2019", "2020", "2021", "2022", "2023", "2024", "2025"], "values": [20101.0, 20088.0, 20222.0, 20280.0, 20615.0, 20668.0, 20836.0, 21025.0, 21190.0, 21665.0, 21928.0, 22109.0, 22112.0, 22126.0, 22185.0, 22324.0, 22343.0, 22448.0, 22385.0, 22517.0, 22498.0, 22490.0, 22694.0, 23016.0, 15671.0]}, {"type": "line", "title": "Profil mensuel moyen (m³/mois)", "labels": ["Jan", "Fév", "Mar", "Avr", "Mai", "Jun", "Jul", "Aoû", "Sep", "Oct", "Nov", "Déc"], "values": [465.1, 1072.4, 1009.5, 883.1, 1137.9, 1021.6, 2432.0, 2402.9, 1739.9, 2745.4, 2694.0, 4089.0]}]}}, {"type": "Feature", "geometry": {"type": "Point", "coordinates": [-78.6201050738, 50.0086551234]}, "properties": {"id": "X0800041", "nom": "WALLBRIDGE MINING COMPANY LIMITED", "nature": "NATU", "secteur": "autre", "type": "rejet", "charts": [{"type": "bar", "title": "Volume annuel (m³) — WALLBRIDGE MINING COMPANY LIMITED", "labels": ["2001", "2002", "2003", "2004", "2005", "2006", "2007", "2008", "2009", "2010", "2011", "2012", "2013", "2014", "2015", "2016", "2017", "2018", "2019", "2020", "2021", "2022", "2023", "2024"], "values": [88667.0, 88468.0, 86592.0, 81864.0, 87982.0, 85512.0, 84336.0, 80870.0, 70799.0, 75140.0, 74664.0, 73044.0, 70029.0, 75204.0, 76100.0, 76321.0, 76585.0, 77300.0, 75098.0, 71535.0, 75699.0, 77513.0, 76841.0, 75714.0]}, {"type": "line", "title": "Profil mensuel moyen (m³/mois)", "labels": ["Jan", "Fév", "Mar", "Avr", "Mai", "Jun", "Jul", "Aoû", "Sep", "Oct", "Nov", "Déc"], "values": [0.0, 0.0, 0.0, 13899.7, 22596.1, 16403.2, 0.0, 0.0, 0.0, 14597.0, 10915.5, 0.0]}]}}, {"type": "Feature", "geometry": {"type": "Point", "coordinates": [-72.3771565533, 46.3909851229]}, "properties": {"id": "X2097474", "nom": "BUNGE CANADA INC.", "nature": "NATU", "secteur": "autre", "type": "rejet", "charts": [{"type": "bar", "title": "Volume annuel (m³) — BUNGE CANADA INC.", "labels": ["2001", "2002", "2003", "2004", "2005", "2006", "2007", "2008", "2009", "2010", "2011", "2012", "2013", "2014", "2015", "2016", "2017", "2018", "2019", "2020", "2021", "2022", "2023", "2024"], "values": [140.0, 142.0, 138.0, 131.0, 139.0, 135.0, 134.0, 129.0, 113.0, 119.0, 119.0, 116.0, 111.0, 119.0, 121.0, 121.0, 122.0, 123.0, 121.0, 114.0, 120.0, 123.0, 122.0, 119.0]}, {"type": "line", "title": "Profil mensuel moyen (m³/mois)", "labels": ["Jan", "Fév", "Mar", "Avr", "Mai", "Jun", "Jul", "Aoû", "Sep", "Oct", "Nov", "Déc"], "values": [16.5, 14.7, 18.0, 14.8, 15.5, 0.0, 0.0, 0.0, 2.1, 15.3, 11.2, 16.6]}]}}, {"type": "Feature", "geometry": {"type": "Point", "coordinates": [-77.8639408531, 48.0887826696]}, "properties": {"id": "55592950", "nom": "MINES AGNICO EAGLE LIMITÉE", "nature": "NATU", "secteur": "mines", "type": "rejet", "charts": [{"type": "bar", "title": "Volume annuel (m³) — MINES AGNICO EAGLE LIMITÉE", "labels": ["2001", "2002", "2003", "2004", "2005", "2006", "2007", "2008", "2009", "2010", "2011", "2012", "2013", "2014", "2015", "2016", "2017", "2018", "2019", "2020", "2021", "2022", "2023", "2024"], "values": [876902.0, 828154.0, 891421.0, 761325.0, 699881.0, 695814.0, 724697.0, 744842.0, 713782.0, 743887.0, 795259.0, 792925.0, 876642.0, 1014307.0, 1089664.0, 1092613.0, 1164446.0, 1221441.0, 1185622.0, 1145975.0, 1217465.0, 1160139.0, 1219685.0, 1273486.0]}, {"type": "line", "title": "Profil mensuel moyen (m³/mois)", "labels": ["Jan", "Fév", "Mar", "Avr", "Mai", "Jun", "Jul", "Aoû", "Sep", "Oct", "Nov", "Déc"], "values": [0.0, 0.0, 65689.8, 196648.4, 72194.4, 105753.4, 8173.4, 0.0, 0.0, 0.0, 29256.8, 0.0]}]}}, {"type": "Feature", "geometry": {"type": "Point", "coordinates": [-75.481467, 46.556502]}, "properties": {"id": "53587036", "nom": "UNIBOARD CANADA INC.", "nature": "EGOU", "secteur": "population", "type": "rejet", "charts": [{"type": "bar", "title": "Volume annuel (m³) — UNIBOARD CANADA INC.", "labels": ["2001", "2002", "2003", "2004", "2005", "2006", "2007", "2008", "2009", "2010", "2011", "2012", "2013", "2014", "2015", "2016", "2017", "2018", "2019", "2020", "2021", "2022", "2023", "2024", "2025"], "values": [9213.0, 9104.0, 9219.0, 9105.0, 9249.0, 9195.0, 9059.0, 8978.0, 8964.0, 9141.0, 9139.0, 9175.0, 9063.0, 9073.0, 9069.0, 9067.0, 9018.0, 8934.0, 8791.0, 8878.0, 8971.0, 8939.0, 9010.0, 8993.0, 7072.0]}, {"type": "line", "title": "Profil mensuel moyen (m³/mois)", "labels": ["Jan", "Fév", "Mar", "Avr", "Mai", "Jun", "Jul", "Aoû", "Sep", "Oct", "Nov", "Déc"], "values": [216.3, 216.1, 356.0, 657.0, 721.5, 1977.4, 695.9, 979.9, 760.1, 620.7, 821.7, 1028.2]}]}}, {"type": "Feature", "geometry": {"type": "Point", "coordinates": [-71.235744, 48.440913]}, "properties": {"id": "53986931", "nom": "PF RÉSOLU CANADA INC.", "nature": "NATU", "secteur": "papier", "type": "rejet", "charts": [{"type": "bar", "title": "Volume annuel (m³) — PF RÉSOLU CANADA INC.", "labels": ["2001", "2002", "2003", "2004", "2005", "2006", "2007", "2008", "2009", "2010", "2011", "2012", "2013", "2014", "2015", "2016", "2017", "2018", "2019", "2020", "2021", "2022", "2023", "2024"], "values": [13725240.0, 14065212.0, 13248540.0, 11515322.0, 13395287.0, 12320674.0, 12132718.0, 11080957.0, 8396551.0, 9361348.0, 8978371.0, 8101892.0, 7118831.0, 8104839.0, 8106208.0, 7834173.0, 7343366.0, 7151144.0, 6184706.0, 5447412.0, 5602370.0, 6068429.0, 6451933.0, 5603282.0]}, {"type": "line", "title": "Profil mensuel moyen (m³/mois)", "labels": ["Jan", "Fév", "Mar", "Avr", "Mai", "Jun", "Jul", "Aoû", "Sep", "Oct", "Nov", "Déc"], "values": [725047.8, 681189.0, 714067.8, 606212.9, 742135.4, 835841.3, 817526.5, 958288.7, 812387.9, 747488.9, 720441.8, 695155.4]}]}}, {"type": "Feature", "geometry": {"type": "Point", "coordinates": [-73.7610555556, 45.6897222222]}, "properties": {"id": "X2066692", "nom": "Tergel inc.", "nature": "EGOU", "secteur": "population", "type": "rejet", "charts": [{"type": "bar", "title": "Volume annuel (m³) — Tergel inc.", "labels": ["2001", "2002", "2003", "2004", "2005", "2006", "2007", "2008", "2009", "2010", "2011", "2012", "2013", "2014", "2015", "2016", "2017", "2018", "2019", "2020", "2021", "2022", "2023", "2024", "2025"], "values": [163548.0, 165538.0, 169471.0, 174454.0, 181409.0, 185069.0, 188628.0, 191649.0, 194058.0, 198609.0, 201256.0, 203470.0, 202641.0, 202675.0, 203183.0, 204123.0, 206234.0, 207617.0, 208159.0, 211444.0, 214060.0, 214170.0, 215796.0, 218029.0, 183998.0]}, {"type": "line", "title": "Profil mensuel moyen (m³/mois)", "labels": ["Jan", "Fév", "Mar", "Avr", "Mai", "Jun", "Jul", "Aoû", "Sep", "Oct", "Nov", "Déc"], "values": [17443.3, 15956.5, 18549.5, 17709.8, 15171.2, 14204.3, 17540.8, 16855.0, 16476.2, 16876.6, 15368.1, 15453.2]}]}}, {"type": "Feature", "geometry": {"type": "Point", "coordinates": [-74.028963, 45.491198]}, "properties": {"id": "52450640", "nom": "AGROPUR COOPÉRATIVE", "nature": "NATU", "secteur": "agroalimentaire", "type": "rejet", "charts": [{"type": "bar", "title": "Volume annuel (m³) — AGROPUR COOPÉRATIVE", "labels": ["2001", "2002", "2003", "2004", "2005", "2006", "2007", "2008", "2009", "2010", "2011", "2012", "2013", "2014", "2015", "2016", "2017", "2018", "2019", "2020", "2021", "2022", "2023", "2024"], "values": [118477.0, 116338.0, 112429.0, 115326.0, 118579.0, 117591.0, 121402.0, 127426.0, 128501.0, 130056.0, 128532.0, 123918.0, 125549.0, 135125.0, 142471.0, 144010.0, 148264.0, 147041.0, 147346.0, 144044.0, 154497.0, 160389.0, 161390.0, 160375.0]}, {"type": "line", "title": "Profil mensuel moyen (m³/mois)", "labels": ["Jan", "Fév", "Mar", "Avr", "Mai", "Jun", "Jul", "Aoû", "Sep", "Oct", "Nov", "Déc"], "values": [10312.7, 7240.5, 12519.6, 11687.4, 12171.3, 10054.1, 10993.7, 12354.8, 11199.2, 12632.2, 12248.8, 11130.6]}]}}, {"type": "Feature", "geometry": {"type": "Point", "coordinates": [-72.2155790285, 52.8106852339]}, "properties": {"id": "X2012359", "nom": "LES DIAMANTS STORNOWAY (CANADA) INC.", "nature": "NATU", "secteur": "mines", "type": "rejet", "charts": [{"type": "bar", "title": "Volume annuel (m³) — LES DIAMANTS STORNOWAY (CANADA) INC.", "labels": ["2001", "2002", "2003", "2004", "2005", "2006", "2007", "2008", "2009", "2010", "2011", "2012", "2013", "2014", "2015", "2016", "2017", "2018", "2019", "2020", "2021", "2022", "2023", "2024"], "values": [1608186.0, 1522592.0, 1635948.0, 1399702.0, 1288172.0, 1271455.0, 1327172.0, 1360544.0, 1302750.0, 1362044.0, 1465291.0, 1455399.0, 1611402.0, 1863080.0, 2004238.0, 2013067.0, 2138154.0, 2253296.0, 2183515.0, 2110168.0, 2224333.0, 2138283.0, 2241657.0, 2344900.0]}, {"type": "line", "title": "Profil mensuel moyen (m³/mois)", "labels": ["Jan", "Fév", "Mar", "Avr", "Mai", "Jun", "Jul", "Aoû", "Sep", "Oct", "Nov", "Déc"], "values": [106813.1, 83009.8, 103582.4, 186077.0, 255043.6, 258382.6, 259299.2, 120842.2, 87172.3, 120842.9, 128575.6, 45582.1]}]}}, {"type": "Feature", "geometry": {"type": "Point", "coordinates": [-70.816587, 46.243242]}, "properties": {"id": "54690359", "nom": "AGROPUR COOPÉRATIVE", "nature": "NATU", "secteur": "agroalimentaire", "type": "rejet", "charts": [{"type": "bar", "title": "Volume annuel (m³) — AGROPUR COOPÉRATIVE", "labels": ["2001", "2002", "2003", "2004", "2005", "2006", "2007", "2008", "2009", "2010", "2011", "2012", "2013", "2014", "2015", "2016", "2017", "2018", "2019", "2020", "2021", "2022", "2023", "2024"], "values": [381341.0, 374509.0, 361868.0, 371283.0, 382442.0, 378165.0, 391161.0, 409968.0, 413088.0, 418316.0, 413976.0, 398795.0, 404242.0, 435199.0, 458030.0, 463749.0, 478045.0, 473061.0, 474386.0, 463378.0, 498062.0, 516205.0, 520563.0, 516642.0]}, {"type": "line", "title": "Profil mensuel moyen (m³/mois)", "labels": ["Jan", "Fév", "Mar", "Avr", "Mai", "Jun", "Jul", "Aoû", "Sep", "Oct", "Nov", "Déc"], "values": [17340.1, 13884.8, 15493.4, 17549.8, 15802.4, 18920.5, 21165.6, 22018.6, 20130.8, 29977.9, 12023.5, 12285.8]}]}}, {"type": "Feature", "geometry": {"type": "Point", "coordinates": [-71.239480555, 46.886430555]}, "properties": {"id": "55408355", "nom": "GROUPE COLAS QUÉBEC INC.", "nature": "NATU", "secteur": "autre", "type": "rejet", "charts": [{"type": "bar", "title": "Volume annuel (m³) — GROUPE COLAS QUÉBEC INC.", "labels": ["2001", "2002", "2003", "2004", "2005", "2006", "2007", "2008", "2009", "2010", "2011", "2012", "2013", "2014", "2015", "2016", "2017", "2018", "2019", "2020", "2021", "2022", "2023", "2024"], "values": [708105.0, 720803.0, 698991.0, 662669.0, 709287.0, 683002.0, 674698.0, 652233.0, 571816.0, 602881.0, 601650.0, 585188.0, 562103.0, 603479.0, 613980.0, 614111.0, 614820.0, 626906.0, 610211.0, 576601.0, 606077.0, 620674.0, 616926.0, 606120.0]}, {"type": "line", "title": "Profil mensuel moyen (m³/mois)", "labels": ["Jan", "Fév", "Mar", "Avr", "Mai", "Jun", "Jul", "Aoû", "Sep", "Oct", "Nov", "Déc"], "values": [52947.0, 52891.8, 53025.8, 53026.7, 51573.9, 52039.7, 52187.8, 52833.4, 51880.6, 52603.9, 52978.0, 52983.7]}]}}, {"type": "Feature", "geometry": {"type": "Point", "coordinates": [-72.712568, 45.287574]}, "properties": {"id": "51521557", "nom": "IBM CANADA LIMITÉE", "nature": "NATU", "secteur": "autre", "type": "rejet", "charts": [{"type": "bar", "title": "Volume annuel (m³) — IBM CANADA LIMITÉE", "labels": ["2001", "2002", "2003", "2004", "2005", "2006", "2007", "2008", "2009", "2010", "2011", "2012", "2013", "2014", "2015", "2016", "2017", "2018", "2019", "2020", "2021", "2022", "2023", "2024", "2025"], "values": [79327.0, 81049.0, 79776.0, 77195.0, 82178.0, 80459.0, 80732.0, 79842.0, 73602.0, 77600.0, 78198.0, 78132.0, 76733.0, 81011.0, 82417.0, 82871.0, 83644.0, 85778.0, 85154.0, 84361.0, 88933.0, 90882.0, 90686.0, 90472.0, 31494.0]}, {"type": "line", "title": "Profil mensuel moyen (m³/mois)", "labels": ["Jan", "Fév", "Mar", "Avr", "Mai", "Jun", "Jul", "Aoû", "Sep", "Oct", "Nov", "Déc"], "values": [2765.1, 3304.4, 2844.5, 3042.6, 3054.1, 3142.3, 3729.2, 4071.5, 3618.3, 3482.7, 4021.4, 3954.5]}]}}, {"type": "Feature", "geometry": {"type": "Point", "coordinates": [-77.727523, 48.113016]}, "properties": {"id": "X2146507", "nom": "Eldorado Gold (Quebec) Inc.", "nature": "NATU", "secteur": "mines", "type": "rejet", "charts": [{"type": "bar", "title": "Volume annuel (m³) — Eldorado Gold (Quebec) Inc.", "labels": ["2001", "2002", "2003", "2004", "2005", "2006", "2007", "2008", "2009", "2010", "2011", "2012", "2013", "2014", "2015", "2016", "2017", "2018", "2019", "2020", "2021", "2022", "2023", "2024"], "values": [1858202.0, 1767598.0, 1894083.0, 1622297.0, 1489739.0, 1462441.0, 1534162.0, 1574658.0, 1510109.0, 1568908.0, 1695456.0, 1678305.0, 1860560.0, 2152385.0, 2320503.0, 2329921.0, 2477466.0, 2602070.0, 2528077.0, 2434910.0, 2576692.0, 2473000.0, 2591080.0, 2703344.0]}, {"type": "line", "title": "Profil mensuel moyen (m³/mois)", "labels": ["Jan", "Fév", "Mar", "Avr", "Mai", "Jun", "Jul", "Aoû", "Sep", "Oct", "Nov", "Déc"], "values": [117224.2, 90303.1, 144048.6, 191909.4, 121768.4, 198474.2, 173766.9, 220008.9, 195325.7, 179303.2, 261669.5, 135613.4]}]}}, {"type": "Feature", "geometry": {"type": "Point", "coordinates": [-73.415231, 45.698483]}, "properties": {"id": "53429296", "nom": "AIR LIQUIDE CANADA INC.", "nature": "NATU", "secteur": "autre", "type": "rejet", "charts": [{"type": "bar", "title": "Volume annuel (m³) — AIR LIQUIDE CANADA INC.", "labels": ["2001", "2002", "2003", "2004", "2005", "2006", "2007", "2008", "2009", "2010", "2011", "2012", "2013", "2014", "2015", "2016", "2017", "2018", "2019", "2020", "2021", "2022", "2023", "2024"], "values": [61008.0, 62054.0, 60195.0, 57050.0, 61118.0, 58835.0, 58109.0, 56154.0, 49220.0, 51934.0, 51824.0, 50429.0, 48413.0, 51974.0, 52890.0, 52900.0, 52950.0, 54003.0, 52529.0, 49656.0, 52223.0, 53481.0, 53158.0, 52240.0]}, {"type": "line", "title": "Profil mensuel moyen (m³/mois)", "labels": ["Jan", "Fév", "Mar", "Avr", "Mai", "Jun", "Jul", "Aoû", "Sep", "Oct", "Nov", "Déc"], "values": [104.3, 2358.7, 2527.9, 2446.1, 2458.7, 2400.6, 2488.0, 2518.8, 2393.2, 2507.8, 2443.8, 2525.9]}]}}, {"type": "Feature", "geometry": {"type": "Point", "coordinates": [-72.99665, 45.62824]}, "properties": {"id": "55197867", "nom": "ALIMENTS NUTRISOYA INC.", "nature": "EGOU", "secteur": "population", "type": "rejet", "charts": [{"type": "bar", "title": "Volume annuel (m³) — ALIMENTS NUTRISOYA INC.", "labels": ["2001", "2002", "2003", "2004", "2005", "2006", "2007", "2008", "2009", "2010", "2011", "2012", "2013", "2014", "2015", "2016", "2017", "2018", "2019", "2020", "2021", "2022", "2023", "2024", "2025"], "values": [43367.0, 42936.0, 42888.0, 42447.0, 42856.0, 42490.0, 42531.0, 42417.0, 42100.0, 42684.0, 42632.0, 42910.0, 42763.0, 42869.0, 42915.0, 43069.0, 42966.0, 42749.0, 42503.0, 42913.0, 43254.0, 43540.0, 44224.0, 44778.0, 34720.0]}, {"type": "line", "title": "Profil mensuel moyen (m³/mois)", "labels": ["Jan", "Fév", "Mar", "Avr", "Mai", "Jun", "Jul", "Aoû", "Sep", "Oct", "Nov", "Déc"], "values": [2370.2, 2130.0, 3350.5, 2987.1, 3062.4, 3786.0, 3620.5, 3705.2, 4244.7, 4402.1, 3977.0, 5358.7]}]}}, {"type": "Feature", "geometry": {"type": "Point", "coordinates": [-73.807137, 45.474284]}, "properties": {"id": "19436559", "nom": "DELPHARM MONTRÉAL INC.", "nature": "EGOU", "secteur": "population", "type": "rejet", "charts": [{"type": "bar", "title": "Volume annuel (m³) — DELPHARM MONTRÉAL INC.", "labels": ["2001", "2002", "2003", "2004", "2005", "2006", "2007", "2008", "2009", "2010", "2011", "2012", "2013", "2014", "2015", "2016", "2017", "2018", "2019", "2020", "2021", "2022", "2023", "2024", "2025"], "values": [41261.0, 41104.0, 40958.0, 40524.0, 40747.0, 40725.0, 40364.0, 40471.0, 40441.0, 40523.0, 40268.0, 40289.0, 39781.0, 39325.0, 39530.0, 39854.0, 39850.0, 40362.0, 40840.0, 41364.0, 41262.0, 41809.0, 43075.0, 44451.0, 38705.0]}, {"type": "line", "title": "Profil mensuel moyen (m³/mois)", "labels": ["Jan", "Fév", "Mar", "Avr", "Mai", "Jun", "Jul", "Aoû", "Sep", "Oct", "Nov", "Déc"], "values": [3105.8, 2528.5, 3796.5, 4628.5, 3659.1, 3600.8, 3766.9, 3954.1, 3509.7, 2817.0, 3058.5, 2512.8]}]}}, {"type": "Feature", "geometry": {"type": "Point", "coordinates": [-74.0023888889, 45.781]}, "properties": {"id": "90482639", "nom": "Soucy Baron inc.", "nature": "NATU", "secteur": "papier", "type": "rejet", "charts": [{"type": "bar", "title": "Volume annuel (m³) — Soucy Baron inc.", "labels": ["2001", "2002", "2003", "2004", "2005", "2006", "2007", "2008", "2009", "2010", "2011", "2012", "2013", "2014", "2015", "2016", "2017", "2018", "2019", "2020", "2021", "2022", "2023", "2024", "2025"], "values": [454750.0, 465224.0, 439610.0, 383191.0, 445481.0, 410373.0, 403801.0, 370179.0, 283990.0, 315812.0, 303299.0, 275621.0, 243751.0, 275767.0, 275837.0, 267431.0, 251515.0, 246212.0, 214732.0, 191619.0, 196871.0, 211613.0, 224199.0, 197627.0, 14569.0]}, {"type": "line", "title": "Profil mensuel moyen (m³/mois)", "labels": ["Jan", "Fév", "Mar", "Avr", "Mai", "Jun", "Jul", "Aoû", "Sep", "Oct", "Nov", "Déc"], "values": [6385.8, 6660.1, 6447.8, 6606.8, 8904.6, 14000.5, 12915.5, 13448.4, 10210.2, 6845.1, 5098.9, 3457.4]}]}}, {"type": "Feature", "geometry": {"type": "Point", "coordinates": [-72.6789139876, 45.3042009271]}, "properties": {"id": "54748744", "nom": "CONSTRUCTION DJL INC.", "nature": "NATU", "secteur": "autre", "type": "rejet", "charts": [{"type": "bar", "title": "Volume annuel (m³) — CONSTRUCTION DJL INC.", "labels": ["2001", "2002", "2003", "2004", "2005", "2006", "2007", "2008", "2009", "2010", "2011", "2012", "2013", "2014", "2015", "2016", "2017", "2018", "2019", "2020", "2021", "2022", "2023", "2024", "2025"], "values": [229419.0, 233952.0, 227003.0, 215384.0, 230903.0, 221993.0, 219846.0, 213384.0, 188644.0, 198899.0, 198673.0, 194124.0, 186813.0, 200223.0, 203939.0, 204251.0, 203909.0, 209304.0, 203914.0, 193920.0, 204327.0, 208796.0, 207148.0, 204416.0, 11546.0]}, {"type": "line", "title": "Profil mensuel moyen (m³/mois)", "labels": ["Jan", "Fév", "Mar", "Avr", "Mai", "Jun", "Jul", "Aoû", "Sep", "Oct", "Nov", "Déc"], "values": [6016.1, 5622.1, 6025.1, 5831.0, 5860.4, 7522.3, 10088.6, 20416.7, 7887.4, 7189.3, 5637.5, 14659.2]}]}}, {"type": "Feature", "geometry": {"type": "Point", "coordinates": [-73.6904797, 45.480508]}, "properties": {"id": "X2113099", "nom": "Amrize Canada Inc.", "nature": "EGOU", "secteur": "population", "type": "rejet", "charts": [{"type": "bar", "title": "Volume annuel (m³) — Amrize Canada Inc.", "labels": ["2001", "2002", "2003", "2004", "2005", "2006", "2007", "2008", "2009", "2010", "2011", "2012", "2013", "2014", "2015", "2016", "2017", "2018", "2019", "2020", "2021", "2022", "2023", "2024", "2025"], "values": [30728.0, 30494.0, 30491.0, 30191.0, 30382.0, 30183.0, 29909.0, 29651.0, 29613.0, 29935.0, 29877.0, 30039.0, 29884.0, 29844.0, 29806.0, 29826.0, 29977.0, 30378.0, 30497.0, 30615.0, 29981.0, 29960.0, 30762.0, 31787.0, 27084.0]}, {"type": "line", "title": "Profil mensuel moyen (m³/mois)", "labels": ["Jan", "Fév", "Mar", "Avr", "Mai", "Jun", "Jul", "Aoû", "Sep", "Oct", "Nov", "Déc"], "values": [1702.8, 2474.4, 2494.2, 2680.5, 3243.2, 2824.5, 2516.6, 2391.4, 2771.9, 3012.4, 2584.8, 1544.1]}]}}, {"type": "Feature", "geometry": {"type": "Point", "coordinates": [-72.390212, 46.371747]}, "properties": {"id": "X2123406", "nom": "SILICIUM QUÉBEC SOCIÉTÉ EN COMMANDITE", "nature": "NATU", "secteur": "autre", "type": "rejet", "charts": [{"type": "bar", "title": "Volume annuel (m³) — SILICIUM QUÉBEC SOCIÉTÉ EN COMMANDITE", "labels": ["2001", "2002", "2003", "2004", "2005", "2006", "2007", "2008", "2009", "2010", "2011", "2012", "2013", "2014", "2015", "2016", "2017", "2018", "2019", "2020", "2021", "2022", "2023", "2024", "2025"], "values": [6054.0, 6154.0, 5975.0, 5654.0, 6063.0, 5842.0, 5761.0, 5572.0, 4892.0, 5170.0, 5151.0, 5018.0, 4816.0, 5167.0, 5264.0, 5260.0, 5257.0, 5375.0, 5217.0, 4942.0, 5195.0, 5316.0, 5288.0, 5208.0, 58.0]}, {"type": "line", "title": "Profil mensuel moyen (m³/mois)", "labels": ["Jan", "Fév", "Mar", "Avr", "Mai", "Jun", "Jul", "Aoû", "Sep", "Oct", "Nov", "Déc"], "values": [104.0, 97.2, 104.1, 197.2, 198.2, 193.5, 191.2, 193.6, 184.0, 105.1, 103.8, 107.3]}]}}, {"type": "Feature", "geometry": {"type": "Point", "coordinates": [-71.668938, 48.528114]}, "properties": {"id": "X0202112", "nom": "NUTRINOR COOPÉRATIVE", "nature": "EGOU", "secteur": "population", "type": "rejet", "charts": [{"type": "bar", "title": "Volume annuel (m³) — NUTRINOR COOPÉRATIVE", "labels": ["2001", "2002", "2003", "2004", "2005", "2006", "2007", "2008", "2009", "2010", "2011", "2012", "2013", "2014", "2015", "2016", "2017", "2018", "2019", "2020", "2021", "2022", "2023", "2024", "2025"], "values": [110305.0, 108459.0, 107201.0, 106074.0, 106161.0, 105146.0, 104418.0, 104457.0, 104115.0, 105097.0, 105067.0, 104839.0, 103355.0, 102480.0, 101801.0, 101062.0, 99920.0, 98568.0, 97297.0, 97506.0, 97424.0, 96746.0, 96946.0, 96978.0, 79820.0]}, {"type": "line", "title": "Profil mensuel moyen (m³/mois)", "labels": ["Jan", "Fév", "Mar", "Avr", "Mai", "Jun", "Jul", "Aoû", "Sep", "Oct", "Nov", "Déc"], "values": [8140.3, 8386.6, 9109.5, 9122.7, 8407.7, 8061.1, 8599.8, 9004.6, 8620.3, 8265.9, 7725.0, 8870.1]}]}}, {"type": "Feature", "geometry": {"type": "Point", "coordinates": [-77.7805556, 48.1158333]}, "properties": {"id": "90383993", "nom": "UNIBOARD CANADA INC.", "nature": "EGOU", "secteur": "population", "type": "rejet", "charts": [{"type": "bar", "title": "Volume annuel (m³) — UNIBOARD CANADA INC.", "labels": ["2001", "2002", "2003", "2004", "2005", "2006", "2007", "2008", "2009", "2010", "2011", "2012", "2013", "2014", "2015", "2016", "2017", "2018", "2019", "2020", "2021", "2022", "2023", "2024", "2025"], "values": [175086.0, 171172.0, 169990.0, 168048.0, 168141.0, 166447.0, 167027.0, 166807.0, 165825.0, 166571.0, 166274.0, 167452.0, 166089.0, 164752.0, 163640.0, 163291.0, 162338.0, 161622.0, 159996.0, 160845.0, 160854.0, 159289.0, 159394.0, 160236.0, 132763.0]}, {"type": "line", "title": "Profil mensuel moyen (m³/mois)", "labels": ["Jan", "Fév", "Mar", "Avr", "Mai", "Jun", "Jul", "Aoû", "Sep", "Oct", "Nov", "Déc"], "values": [12721.7, 14392.5, 11534.7, 15663.7, 13503.0, 14828.1, 14552.9, 13886.3, 13234.7, 14151.7, 12205.8, 14136.6]}]}}, {"type": "Feature", "geometry": {"type": "Point", "coordinates": [-72.4043277, 45.7785194]}, "properties": {"id": "X1701295", "nom": "CARRIÈRES P.C.M. INC.", "nature": "NATU", "secteur": "autre", "type": "rejet", "charts": [{"type": "bar", "title": "Volume annuel (m³) — CARRIÈRES P.C.M. INC.", "labels": ["2001", "2002", "2003", "2004", "2005", "2006", "2007", "2008", "2009", "2010", "2011", "2012", "2013", "2014", "2015", "2016", "2017", "2018", "2019", "2020", "2021", "2022", "2023", "2024"], "values": [130841.0, 132268.0, 128639.0, 121216.0, 130787.0, 125537.0, 123836.0, 119230.0, 104564.0, 111261.0, 110630.0, 108060.0, 103284.0, 110933.0, 113350.0, 113373.0, 112655.0, 115882.0, 111640.0, 105886.0, 111899.0, 114427.0, 113364.0, 112199.0]}, {"type": "line", "title": "Profil mensuel moyen (m³/mois)", "labels": ["Jan", "Fév", "Mar", "Avr", "Mai", "Jun", "Jul", "Aoû", "Sep", "Oct", "Nov", "Déc"], "values": [0.0, 0.0, 0.0, 5299.5, 23258.8, 13552.4, 16855.9, 30463.7, 14746.6, 11896.5, 0.0, 0.0]}]}}, {"type": "Feature", "geometry": {"type": "Point", "coordinates": [-72.628917, 45.506126]}, "properties": {"id": "55361331", "nom": "CONSTRUCTION DJL INC.", "nature": "NATU", "secteur": "autre", "type": "rejet", "charts": [{"type": "bar", "title": "Volume annuel (m³) — CONSTRUCTION DJL INC.", "labels": ["2001", "2002", "2003", "2004", "2005", "2006", "2007", "2008", "2009", "2010", "2011", "2012", "2013", "2014", "2015", "2016", "2017", "2018", "2019", "2020", "2021", "2022", "2023", "2024"], "values": [81753.0, 83290.0, 80633.0, 76215.0, 81805.0, 78503.0, 77480.0, 75102.0, 65998.0, 69569.0, 69268.0, 67525.0, 64684.0, 69515.0, 70837.0, 70905.0, 70451.0, 72611.0, 70430.0, 66530.0, 70046.0, 71597.0, 70688.0, 69749.0]}, {"type": "line", "title": "Profil mensuel moyen (m³/mois)", "labels": ["Jan", "Fév", "Mar", "Avr", "Mai", "Jun", "Jul", "Aoû", "Sep", "Oct", "Nov", "Déc"], "values": [4428.8, 4138.4, 4435.4, 4291.7, 4314.0, 5162.8, 6695.2, 18956.6, 2735.3, 2675.5, 6034.1, 8848.1]}]}}, {"type": "Feature", "geometry": {"type": "Point", "coordinates": [-73.287880946, 45.3235087385]}, "properties": {"id": "55140800", "nom": "INNOVATION DIC CHIMITRONIQUES INC.", "nature": "EGOU", "secteur": "population", "type": "rejet", "charts": [{"type": "bar", "title": "Volume annuel (m³) — INNOVATION DIC CHIMITRONIQUES INC.", "labels": ["2001", "2002", "2003", "2004", "2005", "2006", "2007", "2008", "2009", "2010", "2011", "2012", "2013", "2014", "2015", "2016", "2017", "2018", "2019", "2020", "2021", "2022", "2023", "2024", "2025"], "values": [40822.0, 40994.0, 41770.0, 42073.0, 42977.0, 43302.0, 43570.0, 43724.0, 43690.0, 44357.0, 44259.0, 44307.0, 44126.0, 43956.0, 43923.0, 43882.0, 43798.0, 43573.0, 43439.0, 43901.0, 44192.0, 44074.0, 44382.0, 44456.0, 37678.0]}, {"type": "line", "title": "Profil mensuel moyen (m³/mois)", "labels": ["Jan", "Fév", "Mar", "Avr", "Mai", "Jun", "Jul", "Aoû", "Sep", "Oct", "Nov", "Déc"], "values": [1752.0, 1114.1, 1806.1, 2167.6, 2208.9, 1591.7, 2560.0, 1145.8, 2066.8, 2217.1, 1674.8, 1444.4]}]}}, {"type": "Feature", "geometry": {"type": "Point", "coordinates": [-72.144419, 45.271305]}, "properties": {"id": "18141382", "nom": "MAGOTTEAUX LTÉE", "nature": "EGOU", "secteur": "population", "type": "rejet", "charts": [{"type": "bar", "title": "Volume annuel (m³) — MAGOTTEAUX LTÉE", "labels": ["2001", "2002", "2003", "2004", "2005", "2006", "2007", "2008", "2009", "2010", "2011", "2012", "2013", "2014", "2015", "2016", "2017", "2018", "2019", "2020", "2021", "2022", "2023", "2024", "2025"], "values": [51647.0, 51356.0, 51677.0, 51605.0, 52525.0, 52186.0, 52548.0, 52742.0, 52971.0, 54139.0, 54494.0, 54848.0, 54907.0, 54630.0, 54641.0, 54781.0, 54812.0, 54871.0, 54689.0, 55630.0, 56879.0, 56787.0, 58505.0, 59671.0, 53145.0]}, {"type": "line", "title": "Profil mensuel moyen (m³/mois)", "labels": ["Jan", "Fév", "Mar", "Avr", "Mai", "Jun", "Jul", "Aoû", "Sep", "Oct", "Nov", "Déc"], "values": [5255.4, 4781.8, 4960.1, 5126.8, 4621.1, 4446.9, 5885.1, 4254.2, 4155.4, 5003.9, 4493.5, 1523.9]}]}}, {"type": "Feature", "geometry": {"type": "Point", "coordinates": [-73.9319981127, 45.6924399216]}, "properties": {"id": "90377466", "nom": "SAFRAN SYSTÈMES D'ATTERRISSAGE CANADA INC.", "nature": "EGOU", "secteur": "population", "type": "rejet", "charts": [{"type": "bar", "title": "Volume annuel (m³) — SAFRAN SYSTÈMES D'ATTERRISSAGE CANADA IN", "labels": ["2001", "2002", "2003", "2004", "2005", "2006", "2007", "2008", "2009", "2010", "2011", "2012", "2013", "2014", "2015", "2016", "2017", "2018", "2019", "2020", "2021", "2022", "2023", "2024", "2025"], "values": [9963.0, 10326.0, 10786.0, 11186.0, 11732.0, 12174.0, 12562.0, 13001.0, 13301.0, 13859.0, 14278.0, 14765.0, 15174.0, 15631.0, 16198.0, 16660.0, 17179.0, 17785.0, 18300.0, 18986.0, 19725.0, 20165.0, 20651.0, 21025.0, 17768.0]}, {"type": "line", "title": "Profil mensuel moyen (m³/mois)", "labels": ["Jan", "Fév", "Mar", "Avr", "Mai", "Jun", "Jul", "Aoû", "Sep", "Oct", "Nov", "Déc"], "values": [1222.2, 1350.3, 1477.7, 1260.3, 1150.9, 950.5, 1648.4, 1242.8, 1330.5, 1359.7, 1294.9, 1136.4]}]}}, {"type": "Feature", "geometry": {"type": "Point", "coordinates": [-73.270342, 46.088888]}, "properties": {"id": "X2046085", "nom": "GROUPE COLAS QUÉBEC INC.", "nature": "NATU", "secteur": "autre", "type": "rejet", "charts": [{"type": "bar", "title": "Volume annuel (m³) — GROUPE COLAS QUÉBEC INC.", "labels": ["2001", "2002", "2003", "2004", "2005", "2006", "2007", "2008", "2009", "2010", "2011", "2012", "2013", "2014", "2015", "2016", "2017", "2018", "2019", "2020", "2021", "2022", "2023", "2024"], "values": [322709.0, 329578.0, 318460.0, 301656.0, 322332.0, 312129.0, 306693.0, 297969.0, 261055.0, 277736.0, 273835.0, 267265.0, 256503.0, 274066.0, 281008.0, 280174.0, 278843.0, 287807.0, 277915.0, 262249.0, 277269.0, 282363.0, 281010.0, 276474.0]}, {"type": "line", "title": "Profil mensuel moyen (m³/mois)", "labels": ["Jan", "Fév", "Mar", "Avr", "Mai", "Jun", "Jul", "Aoû", "Sep", "Oct", "Nov", "Déc"], "values": [0.0, 0.0, 0.0, 125154.9, 41948.3, 0.0, 40944.3, 62270.4, 17477.7, 0.0, 0.0, 0.0]}]}}, {"type": "Feature", "geometry": {"type": "Point", "coordinates": [-71.8561938144, 45.3636668015]}, "properties": {"id": "12663902", "nom": "TECHNOLOGIES DE FIBRES AIKAWA (AFT) INC.", "nature": "EGOU", "secteur": "population", "type": "rejet", "charts": [{"type": "bar", "title": "Volume annuel (m³) — TECHNOLOGIES DE FIBRES AIKAWA (AFT) INC.", "labels": ["2001", "2002", "2003", "2004", "2005", "2006", "2007", "2008", "2009", "2010", "2011", "2012", "2013", "2014", "2015", "2016", "2017", "2018", "2019", "2020", "2021", "2022", "2023", "2024", "2025"], "values": [37.0, 37.0, 37.0, 37.0, 38.0, 38.0, 37.0, 37.0, 37.0, 38.0, 38.0, 38.0, 38.0, 38.0, 38.0, 39.0, 39.0, 39.0, 39.0, 40.0, 40.0, 41.0, 41.0, 42.0, 34.0]}, {"type": "line", "title": "Profil mensuel moyen (m³/mois)", "labels": ["Jan", "Fév", "Mar", "Avr", "Mai", "Jun", "Jul", "Aoû", "Sep", "Oct", "Nov", "Déc"], "values": [0.5, 0.5, 0.6, 0.5, 0.5, 0.5, 0.5, 0.5, 0.5, 0.5, 0.5, 0.5]}]}}, {"type": "Feature", "geometry": {"type": "Point", "coordinates": [-72.7143333333, 45.2995]}, "properties": {"id": "52214574", "nom": "Teledyne digital imaging, inc.", "nature": "EGOU", "secteur": "population", "type": "rejet", "charts": [{"type": "bar", "title": "Volume annuel (m³) — Teledyne digital imaging, inc.", "labels": ["2001", "2002", "2003", "2004", "2005", "2006", "2007", "2008", "2009", "2010", "2011", "2012", "2013", "2014", "2015", "2016", "2017", "2018", "2019", "2020", "2021", "2022", "2023", "2024", "2025"], "values": [116019.0, 119806.0, 124388.0, 128489.0, 134455.0, 138903.0, 145523.0, 152683.0, 158275.0, 166965.0, 171454.0, 181073.0, 185272.0, 189613.0, 192643.0, 195634.0, 200740.0, 207568.0, 213422.0, 228009.0, 241590.0, 245906.0, 247090.0, 251904.0, 210326.0]}, {"type": "line", "title": "Profil mensuel moyen (m³/mois)", "labels": ["Jan", "Fév", "Mar", "Avr", "Mai", "Jun", "Jul", "Aoû", "Sep", "Oct", "Nov", "Déc"], "values": [15656.0, 14630.8, 15680.6, 15172.6, 15271.7, 14895.6, 15452.8, 15627.2, 14847.1, 15544.7, 14925.2, 15419.5]}]}}, {"type": "Feature", "geometry": {"type": "Point", "coordinates": [-73.4572319, 45.570529]}, "properties": {"id": "55112593", "nom": "Bakelite Canada inc.(LRBG Chemicals inc.)", "nature": "EGOU", "secteur": "population", "type": "rejet", "charts": [{"type": "bar", "title": "Volume annuel (m³) — Bakelite Canada inc.(LRBG Chemicals inc.", "labels": ["2001", "2002", "2003", "2004", "2005", "2006", "2007", "2008", "2009", "2010", "2011", "2012", "2013", "2014", "2015", "2016", "2017", "2018", "2019", "2020", "2021", "2022", "2023", "2024", "2025"], "values": [40248.0, 39805.0, 39762.0, 39371.0, 39518.0, 39146.0, 38712.0, 38338.0, 38064.0, 38370.0, 38386.0, 38471.0, 38377.0, 38359.0, 38332.0, 38496.0, 38578.0, 39000.0, 39199.0, 39778.0, 39792.0, 39469.0, 40037.0, 40934.0, 34514.0]}, {"type": "line", "title": "Profil mensuel moyen (m³/mois)", "labels": ["Jan", "Fév", "Mar", "Avr", "Mai", "Jun", "Jul", "Aoû", "Sep", "Oct", "Nov", "Déc"], "values": [4062.0, 3600.5, 2871.6, 3632.8, 3581.9, 3292.3, 3229.4, 3213.1, 2921.7, 2972.0, 3322.2, 2454.0]}]}}, {"type": "Feature", "geometry": {"type": "Point", "coordinates": [-64.1381861111, 50.2675972222]}, "properties": {"id": "25352212", "nom": "POSÉIDON \"LES POISSONS ET CRUSTACÉS\" INC.", "nature": "NATU", "secteur": "autre", "type": "rejet", "charts": [{"type": "bar", "title": "Volume annuel (m³) — POSÉIDON \"LES POISSONS ET CRUSTACÉS\" INC", "labels": ["2001", "2002", "2003", "2004", "2005", "2006", "2007", "2008", "2009", "2010", "2011", "2012", "2013", "2014", "2015", "2016", "2017", "2018", "2019", "2020", "2021", "2022", "2023", "2024"], "values": [78390.0, 78614.0, 76855.0, 72467.0, 77895.0, 76292.0, 74473.0, 71843.0, 62841.0, 67164.0, 66055.0, 64847.0, 62043.0, 66522.0, 67659.0, 67498.0, 67423.0, 69078.0, 66654.0, 63565.0, 66802.0, 68331.0, 67975.0, 67234.0]}, {"type": "line", "title": "Profil mensuel moyen (m³/mois)", "labels": ["Jan", "Fév", "Mar", "Avr", "Mai", "Jun", "Jul", "Aoû", "Sep", "Oct", "Nov", "Déc"], "values": [0.0, 0.0, 0.0, 23707.2, 23356.8, 14995.8, 7461.9, 0.0, 0.0, 0.0, 0.0, 0.0]}]}}, {"type": "Feature", "geometry": {"type": "Point", "coordinates": [-73.844067446, 45.6332339882]}, "properties": {"id": "55125041", "nom": "ARCLIN CANADA HOLDINGS LTD.", "nature": "EGOU", "secteur": "population", "type": "rejet", "charts": [{"type": "bar", "title": "Volume annuel (m³) — ARCLIN CANADA HOLDINGS LTD.", "labels": ["2001", "2002", "2003", "2004", "2005", "2006", "2007", "2008", "2009", "2010", "2011", "2012", "2013", "2014", "2015", "2016", "2017", "2018", "2019", "2020", "2021", "2022", "2023", "2024", "2025"], "values": [141895.0, 141910.0, 142281.0, 141368.0, 142359.0, 140777.0, 141048.0, 140315.0, 139479.0, 142349.0, 141162.0, 140432.0, 138775.0, 137490.0, 136757.0, 136419.0, 136236.0, 135820.0, 134780.0, 134902.0, 136165.0, 135655.0, 135131.0, 136328.0, 118247.0]}, {"type": "line", "title": "Profil mensuel moyen (m³/mois)", "labels": ["Jan", "Fév", "Mar", "Avr", "Mai", "Jun", "Jul", "Aoû", "Sep", "Oct", "Nov", "Déc"], "values": [11042.8, 11961.7, 13150.2, 13974.4, 12625.3, 10888.0, 10852.2, 15545.4, 11020.4, 10602.6, 9452.1, 7485.7]}]}}, {"type": "Feature", "geometry": {"type": "Point", "coordinates": [-71.086705, 46.67586]}, "properties": {"id": "11859758", "nom": "OLYMEL S.E.C.", "nature": "EGOU", "secteur": "population", "type": "rejet", "charts": [{"type": "bar", "title": "Volume annuel (m³) — OLYMEL S.E.C.", "labels": ["2001", "2002", "2003", "2004", "2005", "2006", "2007", "2008", "2009", "2010", "2011", "2012", "2013", "2014", "2015", "2016", "2017", "2018", "2019", "2020", "2021", "2022", "2023", "2024", "2025"], "values": [157889.0, 156456.0, 158746.0, 158869.0, 163634.0, 162679.0, 167330.0, 168870.0, 174908.0, 182892.0, 193924.0, 200981.0, 203058.0, 203843.0, 208356.0, 210361.0, 209113.0, 207162.0, 206014.0, 208707.0, 213924.0, 213807.0, 214998.0, 216634.0, 177864.0]}, {"type": "line", "title": "Profil mensuel moyen (m³/mois)", "labels": ["Jan", "Fév", "Mar", "Avr", "Mai", "Jun", "Jul", "Aoû", "Sep", "Oct", "Nov", "Déc"], "values": [15297.3, 14794.0, 15404.0, 15365.5, 15719.7, 15110.9, 16693.8, 17858.0, 15860.2, 16791.4, 17018.2, 15008.7]}]}}, {"type": "Feature", "geometry": {"type": "Point", "coordinates": [-73.414212, 45.706053]}, "properties": {"id": "51708337", "nom": "TAGHLEEF INDUSTRIES CANADA INC.", "nature": "NATU", "secteur": "autre", "type": "rejet", "charts": [{"type": "bar", "title": "Volume annuel (m³) — TAGHLEEF INDUSTRIES CANADA INC.", "labels": ["2001", "2002", "2003", "2004", "2005", "2006", "2007", "2008", "2009", "2010", "2011", "2012", "2013", "2014", "2015", "2016", "2017", "2018", "2019", "2020", "2021", "2022", "2023", "2024"], "values": [40263.0, 40994.0, 39748.0, 37682.0, 40324.0, 38854.0, 38353.0, 37091.0, 32515.0, 34309.0, 34214.0, 33293.0, 31970.0, 34309.0, 34930.0, 34926.0, 34944.0, 35677.0, 34702.0, 32798.0, 34455.0, 35298.0, 35076.0, 34476.0]}, {"type": "line", "title": "Profil mensuel moyen (m³/mois)", "labels": ["Jan", "Fév", "Mar", "Avr", "Mai", "Jun", "Jul", "Aoû", "Sep", "Oct", "Nov", "Déc"], "values": [1022.8, 927.6, 1134.5, 1080.4, 1074.7, 902.7, 1118.3, 1064.8, 982.1, 882.4, 1014.4, 756.5]}]}}, {"type": "Feature", "geometry": {"type": "Point", "coordinates": [-74.1551673401, 45.6766721283]}, "properties": {"id": "90289463", "nom": "UNIROC INC.", "nature": "NATU", "secteur": "autre", "type": "rejet", "charts": [{"type": "bar", "title": "Volume annuel (m³) — UNIROC INC.", "labels": ["2001", "2002", "2003", "2004", "2005", "2006", "2007", "2008", "2009", "2010", "2011", "2012", "2013", "2014", "2015", "2016", "2017", "2018", "2019", "2020", "2021", "2022", "2023", "2024"], "values": [6521560.0, 6641318.0, 6438989.0, 6103011.0, 6528145.0, 6290147.0, 6211174.0, 6007257.0, 5270774.0, 5556392.0, 5537853.0, 5391949.0, 5176064.0, 5556895.0, 5656168.0, 5655284.0, 5656947.0, 5777726.0, 5621255.0, 5309038.0, 5583260.0, 5712451.0, 5675008.0, 5578622.0]}, {"type": "line", "title": "Profil mensuel moyen (m³/mois)", "labels": ["Jan", "Fév", "Mar", "Avr", "Mai", "Jun", "Jul", "Aoû", "Sep", "Oct", "Nov", "Déc"], "values": [209502.7, 179678.6, 212369.8, 185793.9, 160565.8, 148355.1, 139209.2, 189770.3, 138392.0, 120103.8, 114792.7, 138373.0]}]}}, {"type": "Feature", "geometry": {"type": "Point", "coordinates": [-73.2714131864, 45.82198725]}, "properties": {"id": "28631430", "nom": "ArcelorMittal Produits longs Canada s.e.n.c.", "nature": "NATU", "secteur": "mines", "type": "rejet", "charts": [{"type": "bar", "title": "Volume annuel (m³) — ArcelorMittal Produits longs Canada s.e.", "labels": ["2001", "2002", "2003", "2004", "2005", "2006", "2007", "2008", "2009", "2010", "2011", "2012", "2013", "2014", "2015", "2016", "2017", "2018", "2019", "2020", "2021", "2022", "2023", "2024"], "values": [6419761.0, 6087460.0, 6534379.0, 5592263.0, 5138926.0, 5054425.0, 5296034.0, 5425175.0, 5204576.0, 5421976.0, 5848266.0, 5800582.0, 6424156.0, 7432350.0, 8009238.0, 8041504.0, 8543637.0, 8984010.0, 8713964.0, 8401883.0, 8889429.0, 8534434.0, 8939659.0, 9343257.0]}, {"type": "line", "title": "Profil mensuel moyen (m³/mois)", "labels": ["Jan", "Fév", "Mar", "Avr", "Mai", "Jun", "Jul", "Aoû", "Sep", "Oct", "Nov", "Déc"], "values": [512828.2, 393489.0, 469365.5, 497331.1, 785483.6, 806430.7, 646607.1, 729242.1, 572125.4, 607652.4, 508698.8, 474135.5]}]}}, {"type": "Feature", "geometry": {"type": "Point", "coordinates": [-67.37211, 52.343897]}, "properties": {"id": "90510397", "nom": "ArcelorMittal Exploitation Minière Canada s.e.n.c.", "nature": "NATU", "secteur": "mines", "type": "rejet", "charts": [{"type": "bar", "title": "Volume annuel (m³) — ArcelorMittal Exploitation Minière Canad", "labels": ["2001", "2002", "2003", "2004", "2005", "2006", "2007", "2008", "2009", "2010", "2011", "2012", "2013", "2014", "2015", "2016", "2017", "2018", "2019", "2020", "2021", "2022", "2023", "2024"], "values": [1808879.0, 1708006.0, 1838886.0, 1573260.0, 1443007.0, 1429121.0, 1493473.0, 1525817.0, 1461855.0, 1532135.0, 1646548.0, 1634792.0, 1810654.0, 2090291.0, 2263268.0, 2263314.0, 2410180.0, 2526621.0, 2440673.0, 2359516.0, 2498142.0, 2402383.0, 2526447.0, 2642136.0]}, {"type": "line", "title": "Profil mensuel moyen (m³/mois)", "labels": ["Jan", "Fév", "Mar", "Avr", "Mai", "Jun", "Jul", "Aoû", "Sep", "Oct", "Nov", "Déc"], "values": [12969.9, 35546.8, 31393.5, 173750.8, 235202.6, 109761.5, 91451.7, 10273.7, 145369.0, 77023.3, 41755.1, 21531.4]}]}}, {"type": "Feature", "geometry": {"type": "Point", "coordinates": [-74.105814, 45.264854]}, "properties": {"id": "24885642", "nom": "Macco Organiques inc.", "nature": "EGOU", "secteur": "population", "type": "rejet", "charts": [{"type": "bar", "title": "Volume annuel (m³) — Macco Organiques inc.", "labels": ["2001", "2002", "2003", "2004", "2005", "2006", "2007", "2008", "2009", "2010", "2011", "2012", "2013", "2014", "2015", "2016", "2017", "2018", "2019", "2020", "2021", "2022", "2023", "2024", "2025"], "values": [98680.0, 97511.0, 97435.0, 96359.0, 96677.0, 95667.0, 95313.0, 94469.0, 93809.0, 94191.0, 94157.0, 93788.0, 93157.0, 92870.0, 92920.0, 92645.0, 92574.0, 92393.0, 92237.0, 93459.0, 95370.0, 96111.0, 97928.0, 100125.0, 85124.0]}, {"type": "line", "title": "Profil mensuel moyen (m³/mois)", "labels": ["Jan", "Fév", "Mar", "Avr", "Mai", "Jun", "Jul", "Aoû", "Sep", "Oct", "Nov", "Déc"], "values": [9092.9, 10634.8, 6765.7, 7119.6, 7373.2, 7016.0, 7536.8, 8401.9, 8272.6, 8316.4, 7344.6, 7310.5]}]}}, {"type": "Feature", "geometry": {"type": "Point", "coordinates": [-73.64905, 45.4389]}, "properties": {"id": "90271198", "nom": "LA CIE MATERIAUX DE CONSTRUCTION BP CANADA", "nature": "EGOU", "secteur": "population", "type": "rejet", "charts": [{"type": "bar", "title": "Volume annuel (m³) — LA CIE MATERIAUX DE CONSTRUCTION BP CANA", "labels": ["2001", "2002", "2003", "2004", "2005", "2006", "2007", "2008", "2009", "2010", "2011", "2012", "2013", "2014", "2015", "2016", "2017", "2018", "2019", "2020", "2021", "2022", "2023", "2024", "2025"], "values": [264064.0, 262254.0, 262061.0, 259496.0, 261412.0, 259189.0, 256989.0, 254754.0, 254384.0, 257172.0, 256878.0, 258156.0, 256830.0, 256538.0, 256086.0, 256447.0, 257629.0, 261280.0, 262330.0, 263196.0, 257785.0, 257547.0, 264474.0, 273219.0, 225411.0]}, {"type": "line", "title": "Profil mensuel moyen (m³/mois)", "labels": ["Jan", "Fév", "Mar", "Avr", "Mai", "Jun", "Jul", "Aoû", "Sep", "Oct", "Nov", "Déc"], "values": [5848.2, 20052.2, 18875.9, 18242.0, 23331.5, 23917.0, 26662.7, 26978.9, 23920.1, 29606.3, 20073.6, 22414.4]}]}}, {"type": "Feature", "geometry": {"type": "Point", "coordinates": [-72.005684, 45.560343]}, "properties": {"id": "90222761", "nom": "DOMTAR INC.", "nature": "NATU", "secteur": "papier", "type": "rejet", "charts": [{"type": "bar", "title": "Volume annuel (m³) — DOMTAR INC.", "labels": ["2001", "2002", "2003", "2004", "2005", "2006", "2007", "2008", "2009", "2010", "2011", "2012", "2013", "2014", "2015", "2016", "2017", "2018", "2019", "2020", "2021", "2022", "2023", "2024"], "values": [59557915.0, 61028946.0, 57486200.0, 49998511.0, 58110593.0, 53483338.0, 52670866.0, 48094182.0, 36444463.0, 40626567.0, 38970885.0, 35164718.0, 30908019.0, 35181050.0, 35176573.0, 33996481.0, 31882340.0, 31026527.0, 26849703.0, 23644605.0, 24302437.0, 26340426.0, 28007009.0, 24313338.0]}, {"type": "line", "title": "Profil mensuel moyen (m³/mois)", "labels": ["Jan", "Fév", "Mar", "Avr", "Mai", "Jun", "Jul", "Aoû", "Sep", "Oct", "Nov", "Déc"], "values": [3384822.8, 3193337.0, 3497777.4, 2292779.1, 3310614.7, 3363463.5, 3457170.0, 3505820.3, 3294393.0, 3393382.4, 3163952.2, 3445224.9]}]}}, {"type": "Feature", "geometry": {"type": "Point", "coordinates": [-73.6044937151, 45.4628414981]}, "properties": {"id": "51615201", "nom": "EMBALLAGES KRUGER S.E.C.", "nature": "EGOU", "secteur": "population", "type": "rejet", "charts": [{"type": "bar", "title": "Volume annuel (m³) — EMBALLAGES KRUGER S.E.C.", "labels": ["2001", "2002", "2003", "2004", "2005", "2006", "2007", "2008", "2009", "2010", "2011", "2012", "2013", "2014", "2015", "2016", "2017", "2018", "2019", "2020", "2021", "2022", "2023", "2024", "2025"], "values": [1892450.0, 1882832.0, 1879863.0, 1863018.0, 1871181.0, 1858960.0, 1842365.0, 1829478.0, 1828422.0, 1844821.0, 1841445.0, 1850163.0, 1841881.0, 1839121.0, 1837447.0, 1838158.0, 1846682.0, 1873725.0, 1883177.0, 1887951.0, 1846741.0, 1845837.0, 1893798.0, 1955716.0, 1588018.0]}, {"type": "line", "title": "Profil mensuel moyen (m³/mois)", "labels": ["Jan", "Fév", "Mar", "Avr", "Mai", "Jun", "Jul", "Aoû", "Sep", "Oct", "Nov", "Déc"], "values": [186883.1, 160626.4, 167650.3, 161186.8, 143909.8, 125229.2, 138252.3, 156751.7, 145732.2, 144317.6, 173177.5, 160146.0]}]}}, {"type": "Feature", "geometry": {"type": "Point", "coordinates": [-72.335842, 46.002384]}, "properties": {"id": "52294303", "nom": "AGROPUR COOPÉRATIVE", "nature": "NATU", "secteur": "agroalimentaire", "type": "rejet", "charts": [{"type": "bar", "title": "Volume annuel (m³) — AGROPUR COOPÉRATIVE", "labels": ["2001", "2002", "2003", "2004", "2005", "2006", "2007", "2008", "2009", "2010", "2011", "2012", "2013", "2014", "2015", "2016", "2017", "2018", "2019", "2020", "2021", "2022", "2023", "2024"], "values": [4450401.0, 4373408.0, 4226222.0, 4334101.0, 4459054.0, 4419604.0, 4562091.0, 4790485.0, 4830183.0, 4885289.0, 4829710.0, 4653921.0, 4716463.0, 5079166.0, 5350674.0, 5409315.0, 5571296.0, 5525550.0, 5539954.0, 5415561.0, 5803330.0, 6022927.0, 6064550.0, 6025884.0]}, {"type": "line", "title": "Profil mensuel moyen (m³/mois)", "labels": ["Jan", "Fév", "Mar", "Avr", "Mai", "Jun", "Jul", "Aoû", "Sep", "Oct", "Nov", "Déc"], "values": [156579.3, 138994.9, 132136.1, 133078.1, 126182.8, 150630.6, 144441.2, 139286.2, 140535.4, 142260.1, 137163.0, 143978.2]}]}}, {"type": "Feature", "geometry": {"type": "Point", "coordinates": [-73.845893, 45.63386]}, "properties": {"id": "51980662", "nom": "PACCAR DU CANADA LTÉE", "nature": "EGOU", "secteur": "population", "type": "rejet", "charts": [{"type": "bar", "title": "Volume annuel (m³) — PACCAR DU CANADA LTÉE", "labels": ["2001", "2002", "2003", "2004", "2005", "2006", "2007", "2008", "2009", "2010", "2011", "2012", "2013", "2014", "2015", "2016", "2017", "2018", "2019", "2020", "2021", "2022", "2023", "2024", "2025"], "values": [173159.0, 173194.0, 173652.0, 172570.0, 173907.0, 171835.0, 172183.0, 171250.0, 170079.0, 173625.0, 172431.0, 171342.0, 169412.0, 167847.0, 166911.0, 166544.0, 166407.0, 165756.0, 164535.0, 164775.0, 166078.0, 165693.0, 165121.0, 166530.0, 138102.0]}, {"type": "line", "title": "Profil mensuel moyen (m³/mois)", "labels": ["Jan", "Fév", "Mar", "Avr", "Mai", "Jun", "Jul", "Aoû", "Sep", "Oct", "Nov", "Déc"], "values": [11685.7, 11624.3, 12586.3, 12395.5, 14720.3, 13886.7, 16897.6, 16910.1, 15826.5, 15617.0, 15768.3, 11281.3]}]}}, {"type": "Feature", "geometry": {"type": "Point", "coordinates": [-74.3061799836, 45.4852455876]}, "properties": {"id": "27841204", "nom": "Fleury Michon Amérique inc.\n", "nature": "EGOU", "secteur": "population", "type": "rejet", "charts": [{"type": "bar", "title": "Volume annuel (m³) — Fleury Michon Amérique inc.\n", "labels": ["2001", "2002", "2003", "2004", "2005", "2006", "2007", "2008", "2009", "2010", "2011", "2012", "2013", "2014", "2015", "2016", "2017", "2018", "2019", "2020", "2021", "2022", "2023", "2024", "2025"], "values": [82245.0, 81391.0, 82119.0, 82925.0, 84600.0, 85392.0, 88568.0, 89220.0, 88631.0, 90899.0, 90522.0, 92118.0, 91061.0, 92137.0, 92888.0, 94858.0, 92818.0, 93648.0, 92559.0, 92009.0, 91603.0, 91042.0, 91275.0, 92209.0, 76454.0]}, {"type": "line", "title": "Profil mensuel moyen (m³/mois)", "labels": ["Jan", "Fév", "Mar", "Avr", "Mai", "Jun", "Jul", "Aoû", "Sep", "Oct", "Nov", "Déc"], "values": [7728.0, 7392.7, 8846.2, 7591.6, 8234.7, 7431.3, 7054.7, 7135.2, 6225.5, 7458.8, 8491.1, 5914.0]}]}}, {"type": "Feature", "geometry": {"type": "Point", "coordinates": [-71.166475, 48.432625]}, "properties": {"id": "54477369", "nom": "RIO TINTO ALCAN INC.", "nature": "NATU", "secteur": "mines", "type": "rejet", "charts": [{"type": "bar", "title": "Volume annuel (m³) — RIO TINTO ALCAN INC.", "labels": ["2001", "2002", "2003", "2004", "2005", "2006", "2007", "2008", "2009", "2010", "2011", "2012", "2013", "2014", "2015", "2016", "2017", "2018", "2019", "2020", "2021", "2022", "2023", "2024"], "values": [11591832.0, 11021932.0, 11814387.0, 10120515.0, 9293816.0, 9128098.0, 9570220.0, 9813977.0, 9412122.0, 9795324.0, 10577875.0, 10477666.0, 11613107.0, 13431792.0, 14478484.0, 14537117.0, 15451126.0, 16249052.0, 15775302.0, 15193596.0, 16061311.0, 15424416.0, 16168067.0, 16878513.0]}, {"type": "line", "title": "Profil mensuel moyen (m³/mois)", "labels": ["Jan", "Fév", "Mar", "Avr", "Mai", "Jun", "Jul", "Aoû", "Sep", "Oct", "Nov", "Déc"], "values": [220638.8, 206182.0, 230396.6, 209971.6, 249780.1, 302033.6, 336734.5, 334985.5, 292163.8, 278164.9, 267763.0, 236598.6]}]}}, {"type": "Feature", "geometry": {"type": "Point", "coordinates": [-67.44247, 48.48028]}, "properties": {"id": "90232745", "nom": "AGROPUR COOPÉRATIVE", "nature": "EGOU", "secteur": "population", "type": "rejet", "charts": [{"type": "bar", "title": "Volume annuel (m³) — AGROPUR COOPÉRATIVE", "labels": ["2001", "2002", "2003", "2004", "2005", "2006", "2007", "2008", "2009", "2010", "2011", "2012", "2013", "2014", "2015", "2016", "2017", "2018", "2019", "2020", "2021", "2022", "2023", "2024", "2025"], "values": [159730.0, 154798.0, 152806.0, 150530.0, 149259.0, 146612.0, 146539.0, 144707.0, 143858.0, 144373.0, 143835.0, 141825.0, 140286.0, 138206.0, 137174.0, 136183.0, 133363.0, 131387.0, 128928.0, 129038.0, 129714.0, 130814.0, 130247.0, 129629.0, 106826.0]}, {"type": "line", "title": "Profil mensuel moyen (m³/mois)", "labels": ["Jan", "Fév", "Mar", "Avr", "Mai", "Jun", "Jul", "Aoû", "Sep", "Oct", "Nov", "Déc"], "values": [12330.6, 10590.9, 10720.6, 13411.5, 10997.0, 11233.2, 13429.3, 11128.6, 9376.0, 14719.0, 11014.3, 11162.8]}]}}, {"type": "Feature", "geometry": {"type": "Point", "coordinates": [-71.129951, 48.412331]}, "properties": {"id": "52978491", "nom": "ELKEM MÉTAL CANADA INC.", "nature": "NATU", "secteur": "autre", "type": "rejet", "charts": [{"type": "bar", "title": "Volume annuel (m³) — ELKEM MÉTAL CANADA INC.", "labels": ["2001", "2002", "2003", "2004", "2005", "2006", "2007", "2008", "2009", "2010", "2011", "2012", "2013", "2014", "2015", "2016", "2017", "2018", "2019", "2020", "2021", "2022", "2023", "2024", "2025"], "values": [133001.0, 132011.0, 129558.0, 125637.0, 128736.0, 125847.0, 124631.0, 122586.0, 116101.0, 118829.0, 118529.0, 117492.0, 115059.0, 117386.0, 117867.0, 117449.0, 116742.0, 117027.0, 114864.0, 112582.0, 114591.0, 115656.0, 116119.0, 116294.0, 60113.0]}, {"type": "line", "title": "Profil mensuel moyen (m³/mois)", "labels": ["Jan", "Fév", "Mar", "Avr", "Mai", "Jun", "Jul", "Aoû", "Sep", "Oct", "Nov", "Déc"], "values": [5181.8, 4674.8, 5189.6, 5022.2, 4808.1, 4929.1, 5108.4, 5170.8, 4913.4, 5143.5, 4997.3, 5164.4]}]}}, {"type": "Feature", "geometry": {"type": "Point", "coordinates": [-73.71047, 45.45448]}, "properties": {"id": "X2116019", "nom": "COMPAGNIE D'EMBOUTEILLAGE COCA-COLA CANADA LIMITÉE", "nature": "EGOU", "secteur": "population", "type": "rejet", "charts": [{"type": "bar", "title": "Volume annuel (m³) — COMPAGNIE D'EMBOUTEILLAGE COCA-COLA CANA", "labels": ["2001", "2002", "2003", "2004", "2005", "2006", "2007", "2008", "2009", "2010", "2011", "2012", "2013", "2014", "2015", "2016", "2017", "2018", "2019", "2020", "2021", "2022", "2023", "2024", "2025"], "values": [192637.0, 191471.0, 191318.0, 189437.0, 190434.0, 189175.0, 187435.0, 185986.0, 185920.0, 187698.0, 187325.0, 188326.0, 187327.0, 187121.0, 187060.0, 187037.0, 187852.0, 190666.0, 191434.0, 192012.0, 187898.0, 187777.0, 192689.0, 199149.0, 161975.0]}, {"type": "line", "title": "Profil mensuel moyen (m³/mois)", "labels": ["Jan", "Fév", "Mar", "Avr", "Mai", "Jun", "Jul", "Aoû", "Sep", "Oct", "Nov", "Déc"], "values": [13358.0, 14907.8, 18844.2, 14182.8, 17565.0, 15142.7, 13956.7, 16520.3, 17558.4, 14013.2, 14302.2, 19278.3]}]}}, {"type": "Feature", "geometry": {"type": "Point", "coordinates": [-72.47078, 45.91553]}, "properties": {"id": "X2099606", "nom": "GROUPE COLAS QUÉBEC INC.", "nature": "NATU", "secteur": "autre", "type": "rejet", "charts": [{"type": "bar", "title": "Volume annuel (m³) — GROUPE COLAS QUÉBEC INC.", "labels": ["2001", "2002", "2003", "2004", "2005", "2006", "2007", "2008", "2009", "2010", "2011", "2012", "2013", "2014", "2015", "2016", "2017", "2018", "2019", "2020", "2021", "2022", "2023", "2024"], "values": [332213.0, 338170.0, 327937.0, 310897.0, 332768.0, 320436.0, 316540.0, 306000.0, 268272.0, 282847.0, 282269.0, 274546.0, 263715.0, 283127.0, 288054.0, 288115.0, 288448.0, 294118.0, 286285.0, 270517.0, 284346.0, 291194.0, 289436.0, 284366.0]}, {"type": "line", "title": "Profil mensuel moyen (m³/mois)", "labels": ["Jan", "Fév", "Mar", "Avr", "Mai", "Jun", "Jul", "Aoû", "Sep", "Oct", "Nov", "Déc"], "values": [24840.3, 24814.4, 24877.3, 24878.8, 24196.1, 24414.7, 24484.2, 24787.0, 24341.0, 24679.4, 24854.9, 24857.6]}]}}, {"type": "Feature", "geometry": {"type": "Point", "coordinates": [-71.8811, 45.27811]}, "properties": {"id": "19238351", "nom": "Waterville TG inc.", "nature": "NATU", "secteur": "autre", "type": "rejet", "charts": [{"type": "bar", "title": "Volume annuel (m³) — Waterville TG inc.", "labels": ["2001", "2002", "2003", "2004", "2005", "2006", "2007", "2008", "2009", "2010", "2011", "2012", "2013", "2014", "2015", "2016", "2017", "2018", "2019", "2020", "2021", "2022", "2023", "2024", "2025"], "values": [859632.0, 875349.0, 848912.0, 804862.0, 861582.0, 831911.0, 818589.0, 793713.0, 698531.0, 736824.0, 732776.0, 715202.0, 686921.0, 736426.0, 746666.0, 747915.0, 746659.0, 766618.0, 746171.0, 707420.0, 740157.0, 756483.0, 752435.0, 742738.0, 22418.0]}, {"type": "line", "title": "Profil mensuel moyen (m³/mois)", "labels": ["Jan", "Fév", "Mar", "Avr", "Mai", "Jun", "Jul", "Aoû", "Sep", "Oct", "Nov", "Déc"], "values": [35335.9, 30261.0, 14953.1, 16833.7, 14155.6, 21946.9, 24310.6, 20693.5, 2406.0, 2561.0, 2564.5, 4535.1]}]}}, {"type": "Feature", "geometry": {"type": "Point", "coordinates": [-73.4586139311, 45.567945017]}, "properties": {"id": "X0000274", "nom": "ArcelorMittal Produits longs Canada s.e.n.c.", "nature": "EGOU", "secteur": "population", "type": "rejet", "charts": [{"type": "bar", "title": "Volume annuel (m³) — ArcelorMittal Produits longs Canada s.e.", "labels": ["2001", "2002", "2003", "2004", "2005", "2006", "2007", "2008", "2009", "2010", "2011", "2012", "2013", "2014", "2015", "2016", "2017", "2018", "2019", "2020", "2021", "2022", "2023", "2024", "2025"], "values": [298133.0, 294866.0, 294556.0, 291657.0, 292801.0, 290026.0, 286800.0, 283888.0, 281887.0, 284381.0, 284322.0, 285209.0, 284324.0, 284152.0, 283967.0, 285172.0, 285778.0, 289031.0, 290385.0, 294532.0, 294901.0, 292232.0, 296700.0, 303321.0, 267076.0]}, {"type": "line", "title": "Profil mensuel moyen (m³/mois)", "labels": ["Jan", "Fév", "Mar", "Avr", "Mai", "Jun", "Jul", "Aoû", "Sep", "Oct", "Nov", "Déc"], "values": [24704.1, 24952.2, 31359.8, 29208.1, 27806.4, 24600.2, 25619.6, 25255.2, 22253.0, 22510.1, 14184.0, 17623.5]}]}}, {"type": "Feature", "geometry": {"type": "Point", "coordinates": [-72.41401389, 45.9294028]}, "properties": {"id": "90362112", "nom": "CARRIÈRES P.C.M. INC.", "nature": "NATU", "secteur": "autre", "type": "rejet", "charts": [{"type": "bar", "title": "Volume annuel (m³) — CARRIÈRES P.C.M. INC.", "labels": ["2001", "2002", "2003", "2004", "2005", "2006", "2007", "2008", "2009", "2010", "2011", "2012", "2013", "2014", "2015", "2016", "2017", "2018", "2019", "2020", "2021", "2022", "2023", "2024"], "values": [560506.0, 571281.0, 553489.0, 523371.0, 562527.0, 540464.0, 532761.0, 516182.0, 452491.0, 477947.0, 475759.0, 463745.0, 444359.0, 477356.0, 485634.0, 486173.0, 484688.0, 497962.0, 483313.0, 456892.0, 480585.0, 490781.0, 487133.0, 479786.0]}, {"type": "line", "title": "Profil mensuel moyen (m³/mois)", "labels": ["Jan", "Fév", "Mar", "Avr", "Mai", "Jun", "Jul", "Aoû", "Sep", "Oct", "Nov", "Déc"], "values": [28240.8, 26251.1, 48002.4, 56370.4, 31100.5, 54206.4, 65164.0, 92544.7, 30789.4, 23688.9, 26419.8, 16604.2]}]}}, {"type": "Feature", "geometry": {"type": "Point", "coordinates": [-73.6975357971, 45.4702341578]}, "properties": {"id": "54898457", "nom": "L'ORÉAL CANADA INC.", "nature": "EGOU", "secteur": "population", "type": "rejet", "charts": [{"type": "bar", "title": "Volume annuel (m³) — L'ORÉAL CANADA INC.", "labels": ["2001", "2002", "2003", "2004", "2005", "2006", "2007", "2008", "2009", "2010", "2011", "2012", "2013", "2014", "2015", "2016", "2017", "2018", "2019", "2020", "2021", "2022", "2023", "2024", "2025"], "values": [54066.0, 53743.0, 53685.0, 53183.0, 53462.0, 53088.0, 52626.0, 52215.0, 52179.0, 52684.0, 52589.0, 52858.0, 52598.0, 52527.0, 52476.0, 52505.0, 52750.0, 53504.0, 53745.0, 53896.0, 52766.0, 52720.0, 54108.0, 55892.0, 46623.0]}, {"type": "line", "title": "Profil mensuel moyen (m³/mois)", "labels": ["Jan", "Fév", "Mar", "Avr", "Mai", "Jun", "Jul", "Aoû", "Sep", "Oct", "Nov", "Déc"], "values": [2081.8, 2333.5, 2443.3, 2209.3, 2313.4, 2029.0, 2043.1, 2389.4, 2282.2, 2347.6, 2165.5, 1977.3]}]}}, {"type": "Feature", "geometry": {"type": "Point", "coordinates": [-75.31573, 46.22268]}, "properties": {"id": "54265962", "nom": "GRAPHITE NORDIQUE INC.", "nature": "NATU", "secteur": "mines", "type": "rejet", "charts": [{"type": "bar", "title": "Volume annuel (m³) — GRAPHITE NORDIQUE INC.", "labels": ["2001", "2002", "2003", "2004", "2005", "2006", "2007", "2008", "2009", "2010", "2011", "2012", "2013", "2014", "2015", "2016", "2017", "2018", "2019", "2020", "2021", "2022", "2023", "2024"], "values": [1568176.0, 1491510.0, 1598900.0, 1367138.0, 1259177.0, 1235509.0, 1293668.0, 1328127.0, 1273485.0, 1325454.0, 1429799.0, 1417614.0, 1569373.0, 1817222.0, 1956184.0, 1965392.0, 2086344.0, 2200116.0, 2134623.0, 2056836.0, 2174748.0, 2083910.0, 2184750.0, 2283050.0]}, {"type": "line", "title": "Profil mensuel moyen (m³/mois)", "labels": ["Jan", "Fév", "Mar", "Avr", "Mai", "Jun", "Jul", "Aoû", "Sep", "Oct", "Nov", "Déc"], "values": [116825.1, 74434.4, 122797.9, 146545.5, 103624.4, 233459.3, 209015.6, 233550.7, 132777.1, 109283.8, 99159.2, 131073.0]}]}}, {"type": "Feature", "geometry": {"type": "Point", "coordinates": [-71.962404, 45.748257]}, "properties": {"id": "X2102558", "nom": "9190-4805 QUÉBEC INC.", "nature": "NATU", "secteur": "autre", "type": "rejet", "charts": [{"type": "bar", "title": "Volume annuel (m³) — 9190-4805 QUÉBEC INC.", "labels": ["2001", "2002", "2003", "2004", "2005", "2006", "2007", "2008", "2009", "2010", "2011", "2012", "2013", "2014", "2015", "2016", "2017", "2018", "2019", "2020", "2021", "2022", "2023", "2024"], "values": [60809.0, 61912.0, 60034.0, 56922.0, 60928.0, 58699.0, 57951.0, 56040.0, 49123.0, 51803.0, 51676.0, 50295.0, 48290.0, 51835.0, 52724.0, 52737.0, 52797.0, 53860.0, 52432.0, 49545.0, 52059.0, 53306.0, 52994.0, 52058.0]}, {"type": "line", "title": "Profil mensuel moyen (m³/mois)", "labels": ["Jan", "Fév", "Mar", "Avr", "Mai", "Jun", "Jul", "Aoû", "Sep", "Oct", "Nov", "Déc"], "values": [3417.3, 3813.7, 6540.3, 5039.2, 4319.1, 4595.1, 4887.1, 4309.5, 4088.0, 4290.8, 4541.6, 4359.5]}]}}, {"type": "Feature", "geometry": {"type": "Point", "coordinates": [-74.056639, 45.677769]}, "properties": {"id": "X2118301", "nom": "PRATT & WHITNEY CANADA CIE.", "nature": "EGOU", "secteur": "population", "type": "rejet", "charts": [{"type": "bar", "title": "Volume annuel (m³) — PRATT & WHITNEY CANADA CIE.", "labels": ["2001", "2002", "2003", "2004", "2005", "2006", "2007", "2008", "2009", "2010", "2011", "2012", "2013", "2014", "2015", "2016", "2017", "2018", "2019", "2020", "2021", "2022", "2023", "2024", "2025"], "values": [711.0, 736.0, 770.0, 797.0, 837.0, 869.0, 896.0, 927.0, 949.0, 989.0, 1018.0, 1053.0, 1082.0, 1115.0, 1155.0, 1189.0, 1225.0, 1268.0, 1304.0, 1354.0, 1408.0, 1439.0, 1472.0, 1500.0, 1255.0]}, {"type": "line", "title": "Profil mensuel moyen (m³/mois)", "labels": ["Jan", "Fév", "Mar", "Avr", "Mai", "Jun", "Jul", "Aoû", "Sep", "Oct", "Nov", "Déc"], "values": [94.0, 88.0, 94.2, 91.2, 91.7, 89.5, 92.8, 93.8, 89.2, 93.3, 89.7, 92.6]}]}}, {"type": "Feature", "geometry": {"type": "Point", "coordinates": [-73.88188, 45.30951]}, "properties": {"id": "52660727", "nom": "Produits Chimiques Westlake Canada Inc.", "nature": "NATU", "secteur": "chimie", "type": "rejet", "charts": [{"type": "bar", "title": "Volume annuel (m³) — Produits Chimiques Westlake Canada Inc.", "labels": ["2001", "2002", "2003", "2004", "2005", "2006", "2007", "2008", "2009", "2010", "2011", "2012", "2013", "2014", "2015", "2016", "2017", "2018", "2019", "2020", "2021", "2022", "2023", "2024"], "values": [4138914.0, 4124728.0, 4165857.0, 3994875.0, 3978056.0, 3901084.0, 3321516.0, 3065432.0, 3033441.0, 3144909.0, 2988142.0, 3151495.0, 2806516.0, 2858757.0, 2682940.0, 2777049.0, 2843738.0, 3043588.0, 2977946.0, 2978116.0, 3208884.0, 3476309.0, 3504867.0, 3542371.0]}, {"type": "line", "title": "Profil mensuel moyen (m³/mois)", "labels": ["Jan", "Fév", "Mar", "Avr", "Mai", "Jun", "Jul", "Aoû", "Sep", "Oct", "Nov", "Déc"], "values": [191491.2, 170506.8, 182035.3, 223982.2, 365607.8, 390282.8, 407237.5, 389733.0, 347068.5, 235522.2, 193318.9, 224444.4]}]}}, {"type": "Feature", "geometry": {"type": "Point", "coordinates": [-71.977866, 46.206077]}, "properties": {"id": "X2188277", "nom": "GAUDREAU ENVIRONNEMENT INC.", "nature": "NATU", "secteur": "autre", "type": "rejet", "charts": [{"type": "bar", "title": "Volume annuel (m³) — GAUDREAU ENVIRONNEMENT INC.", "labels": ["2001", "2002", "2003", "2004", "2005", "2006", "2007", "2008", "2009", "2010", "2011", "2012", "2013", "2014", "2015", "2016", "2017", "2018", "2019", "2020", "2021", "2022", "2023", "2024"], "values": [261895.0, 265929.0, 258096.0, 244318.0, 262409.0, 252376.0, 249240.0, 240674.0, 210655.0, 222796.0, 222385.0, 216174.0, 207606.0, 222859.0, 226915.0, 227063.0, 227160.0, 231602.0, 224922.0, 212926.0, 224171.0, 229618.0, 228312.0, 224477.0]}, {"type": "line", "title": "Profil mensuel moyen (m³/mois)", "labels": ["Jan", "Fév", "Mar", "Avr", "Mai", "Jun", "Jul", "Aoû", "Sep", "Oct", "Nov", "Déc"], "values": [0.0, 0.0, 0.0, 25642.0, 26126.9, 23966.5, 27639.6, 26765.0, 25087.8, 27860.0, 25618.5, 24401.2]}]}}, {"type": "Feature", "geometry": {"type": "Point", "coordinates": [-73.4952864077, 45.9854783517]}, "properties": {"id": "90255357", "nom": "GRAYMONT (QC) INC.", "nature": "NATU", "secteur": "chimie", "type": "rejet", "charts": [{"type": "bar", "title": "Volume annuel (m³) — GRAYMONT (QC) INC.", "labels": ["2001", "2002", "2003", "2004", "2005", "2006", "2007", "2008", "2009", "2010", "2011", "2012", "2013", "2014", "2015", "2016", "2017", "2018", "2019", "2020", "2021", "2022", "2023", "2024"], "values": [532987.0, 535001.0, 539963.0, 517943.0, 513380.0, 503763.0, 428659.0, 395837.0, 391271.0, 405905.0, 387073.0, 405647.0, 362154.0, 368379.0, 349632.0, 359021.0, 368765.0, 393970.0, 384119.0, 384269.0, 411142.0, 448339.0, 454850.0, 459603.0]}, {"type": "line", "title": "Profil mensuel moyen (m³/mois)", "labels": ["Jan", "Fév", "Mar", "Avr", "Mai", "Jun", "Jul", "Aoû", "Sep", "Oct", "Nov", "Déc"], "values": [85061.1, 18105.4, 0.0, 0.0, 58582.2, 19269.0, 67518.6, 0.0, 138993.2, 0.0, 26775.8, 14931.1]}]}}, {"type": "Feature", "geometry": {"type": "Point", "coordinates": [-73.7919275897, 45.4708174567]}, "properties": {"id": "X2116013", "nom": "Refresco Canada Inc.", "nature": "EGOU", "secteur": "population", "type": "rejet", "charts": [{"type": "bar", "title": "Volume annuel (m³) — Refresco Canada Inc.", "labels": ["2001", "2002", "2003", "2004", "2005", "2006", "2007", "2008", "2009", "2010", "2011", "2012", "2013", "2014", "2015", "2016", "2017", "2018", "2019", "2020", "2021", "2022", "2023", "2024", "2025"], "values": [147.0, 147.0, 146.0, 145.0, 146.0, 145.0, 144.0, 145.0, 145.0, 145.0, 144.0, 144.0, 142.0, 141.0, 141.0, 142.0, 142.0, 144.0, 146.0, 148.0, 147.0, 150.0, 154.0, 159.0, 135.0]}, {"type": "line", "title": "Profil mensuel moyen (m³/mois)", "labels": ["Jan", "Fév", "Mar", "Avr", "Mai", "Jun", "Jul", "Aoû", "Sep", "Oct", "Nov", "Déc"], "values": [10.5, 13.3, 11.6, 12.1, 11.7, 12.0, 13.8, 13.7, 11.7, 12.5, 12.9, 10.3]}]}}, {"type": "Feature", "geometry": {"type": "Point", "coordinates": [-73.610152, 45.570461]}, "properties": {"id": "X2140683", "nom": "KEURIG CANADA INC.", "nature": "EGOU", "secteur": "population", "type": "rejet", "charts": [{"type": "bar", "title": "Volume annuel (m³) — KEURIG CANADA INC.", "labels": ["2001", "2002", "2003", "2004", "2005", "2006", "2007", "2008", "2009", "2010", "2011", "2012", "2013", "2014", "2015", "2016", "2017", "2018", "2019", "2020", "2021", "2022", "2023", "2024", "2025"], "values": [29624.0, 29393.0, 29392.0, 29080.0, 29233.0, 29069.0, 28788.0, 28543.0, 28541.0, 28874.0, 28775.0, 28931.0, 28782.0, 28739.0, 28782.0, 28754.0, 28843.0, 29314.0, 29362.0, 29481.0, 28861.0, 28865.0, 29592.0, 30637.0, 26040.0]}, {"type": "line", "title": "Profil mensuel moyen (m³/mois)", "labels": ["Jan", "Fév", "Mar", "Avr", "Mai", "Jun", "Jul", "Aoû", "Sep", "Oct", "Nov", "Déc"], "values": [2262.1, 3658.9, 588.0, 2365.4, 3983.6, 2094.5, 2114.5, 3044.2, 3000.3, 1963.5, 1977.2, 2081.8]}]}}, {"type": "Feature", "geometry": {"type": "Point", "coordinates": [-73.532, 45.3406]}, "properties": {"id": "53210936", "nom": "Amrize Canada Inc.", "nature": "NATU", "secteur": "metaux", "type": "rejet", "charts": [{"type": "bar", "title": "Volume annuel (m³) — Amrize Canada Inc.", "labels": ["2001", "2002", "2003", "2004", "2005", "2006", "2007", "2008", "2009", "2010", "2011", "2012", "2013", "2014", "2015", "2016", "2017", "2018", "2019", "2020", "2021", "2022", "2023", "2024"], "values": [569044.0, 557390.0, 506917.0, 554434.0, 605193.0, 579798.0, 606591.0, 594220.0, 495189.0, 519170.0, 543401.0, 536141.0, 493123.0, 528700.0, 522557.0, 486507.0, 492860.0, 507844.0, 516255.0, 491555.0, 484686.0, 462081.0, 466490.0, 455721.0]}, {"type": "line", "title": "Profil mensuel moyen (m³/mois)", "labels": ["Jan", "Fév", "Mar", "Avr", "Mai", "Jun", "Jul", "Aoû", "Sep", "Oct", "Nov", "Déc"], "values": [15150.7, 33788.2, 75182.6, 50968.8, 48115.6, 35530.5, 42052.0, 98180.5, 27426.5, 17564.0, 15317.0, 64718.2]}]}}, {"type": "Feature", "geometry": {"type": "Point", "coordinates": [-75.99774, 46.390234]}, "properties": {"id": "X0700081", "nom": "PF RÉSOLU CANADA INC.", "nature": "EGOU", "secteur": "population", "type": "rejet", "charts": [{"type": "bar", "title": "Volume annuel (m³) — PF RÉSOLU CANADA INC.", "labels": ["2001", "2002", "2003", "2004", "2005", "2006", "2007", "2008", "2009", "2010", "2011", "2012", "2013", "2014", "2015", "2016", "2017", "2018", "2019", "2020", "2021", "2022", "2023", "2024", "2025"], "values": [1644.0, 1643.0, 1667.0, 1656.0, 1717.0, 1730.0, 1670.0, 1640.0, 1599.0, 1593.0, 1603.0, 1598.0, 1566.0, 1572.0, 1539.0, 1532.0, 1513.0, 1488.0, 1456.0, 1450.0, 1450.0, 1438.0, 1434.0, 1431.0, 983.0]}, {"type": "line", "title": "Profil mensuel moyen (m³/mois)", "labels": ["Jan", "Fév", "Mar", "Avr", "Mai", "Jun", "Jul", "Aoû", "Sep", "Oct", "Nov", "Déc"], "values": [93.4, 57.1, 187.1, 93.5, 87.8, 253.8, 95.3, 101.9, 93.6, 4.4, 361.8, 134.6]}]}}, {"type": "Feature", "geometry": {"type": "Point", "coordinates": [-71.983727, 45.936854]}, "properties": {"id": "13122577", "nom": "ALIMENTS KRISPY KERNELS INC.", "nature": "EGOU", "secteur": "population", "type": "rejet", "charts": [{"type": "bar", "title": "Volume annuel (m³) — ALIMENTS KRISPY KERNELS INC.", "labels": ["2001", "2002", "2003", "2004", "2005", "2006", "2007", "2008", "2009", "2010", "2011", "2012", "2013", "2014", "2015", "2016", "2017", "2018", "2019", "2020", "2021", "2022", "2023", "2024", "2025"], "values": [115811.0, 112312.0, 110386.0, 109271.0, 110239.0, 109478.0, 107276.0, 105879.0, 105054.0, 106132.0, 105536.0, 104349.0, 102000.0, 101362.0, 100245.0, 99453.0, 99149.0, 97454.0, 97718.0, 97325.0, 99298.0, 99881.0, 99648.0, 101090.0, 82569.0]}, {"type": "line", "title": "Profil mensuel moyen (m³/mois)", "labels": ["Jan", "Fév", "Mar", "Avr", "Mai", "Jun", "Jul", "Aoû", "Sep", "Oct", "Nov", "Déc"], "values": [8680.9, 7791.3, 8796.6, 8946.0, 8457.9, 8402.8, 8987.9, 9059.6, 8235.5, 8535.3, 8296.6, 9685.4]}]}}, {"type": "Feature", "geometry": {"type": "Point", "coordinates": [-73.92988, 45.69671]}, "properties": {"id": "29316239", "nom": "Sonaca Montréal inc.", "nature": "EGOU", "secteur": "population", "type": "rejet", "charts": [{"type": "bar", "title": "Volume annuel (m³) — Sonaca Montréal inc.", "labels": ["2001", "2002", "2003", "2004", "2005", "2006", "2007", "2008", "2009", "2010", "2011", "2012", "2013", "2014", "2015", "2016", "2017", "2018", "2019", "2020", "2021", "2022", "2023", "2024", "2025"], "values": [17450.0, 18051.0, 18870.0, 19567.0, 20520.0, 21294.0, 21997.0, 22738.0, 23279.0, 24237.0, 24973.0, 25839.0, 26549.0, 27360.0, 28332.0, 29154.0, 30076.0, 31074.0, 31991.0, 33186.0, 34556.0, 35291.0, 36124.0, 36777.0, 31208.0]}, {"type": "line", "title": "Profil mensuel moyen (m³/mois)", "labels": ["Jan", "Fév", "Mar", "Avr", "Mai", "Jun", "Jul", "Aoû", "Sep", "Oct", "Nov", "Déc"], "values": [2498.5, 2327.2, 2659.5, 2179.5, 2272.2, 1917.0, 1937.0, 2163.4, 2095.2, 2790.6, 2063.0, 2082.4]}]}}, {"type": "Feature", "geometry": {"type": "Point", "coordinates": [-74.079777, 45.277935]}, "properties": {"id": "53966255", "nom": "GENERAL DYNAMICS PRODUITS DE DÉFENSE ET SYSTÈMES TACTIQUES- CANADA VALLEYFIELD INC.", "nature": "EGOU", "secteur": "population", "type": "rejet", "charts": [{"type": "bar", "title": "Volume annuel (m³) — GENERAL DYNAMICS PRODUITS DE DÉFENSE ET ", "labels": ["2001", "2002", "2003", "2004", "2005", "2006", "2007", "2008", "2009", "2010", "2011", "2012", "2013", "2014", "2015", "2016", "2017", "2018", "2019", "2020", "2021", "2022", "2023", "2024", "2025"], "values": [624310.0, 616412.0, 616259.0, 608824.0, 612279.0, 605386.0, 602839.0, 597390.0, 592749.0, 595568.0, 595542.0, 593286.0, 588956.0, 587481.0, 587319.0, 585898.0, 585398.0, 584308.0, 583113.0, 591323.0, 603505.0, 607885.0, 619740.0, 633796.0, 523673.0]}, {"type": "line", "title": "Profil mensuel moyen (m³/mois)", "labels": ["Jan", "Fév", "Mar", "Avr", "Mai", "Jun", "Jul", "Aoû", "Sep", "Oct", "Nov", "Déc"], "values": [38589.4, 36061.4, 38647.6, 46118.3, 45851.7, 61904.4, 58864.5, 56872.6, 54888.0, 57548.1, 46911.8, 59737.8]}]}}, {"type": "Feature", "geometry": {"type": "Point", "coordinates": [-78.977527, 48.247444]}, "properties": {"id": "53341673", "nom": "GLENCORE CANADA CORPORATION", "nature": "NATU", "secteur": "autre", "type": "rejet", "charts": [{"type": "bar", "title": "Volume annuel (m³) — GLENCORE CANADA CORPORATION", "labels": ["2001", "2002", "2003", "2004", "2005", "2006", "2007", "2008", "2009", "2010", "2011", "2012", "2013", "2014", "2015", "2016", "2017", "2018", "2019", "2020", "2021", "2022", "2023", "2024"], "values": [31180.0, 31767.0, 30785.0, 29215.0, 31238.0, 30111.0, 29738.0, 28770.0, 25205.0, 26578.0, 26515.0, 25776.0, 24780.0, 26582.0, 27045.0, 27049.0, 27105.0, 27612.0, 26897.0, 25406.0, 26703.0, 27346.0, 27208.0, 26695.0]}, {"type": "line", "title": "Profil mensuel moyen (m³/mois)", "labels": ["Jan", "Fév", "Mar", "Avr", "Mai", "Jun", "Jul", "Aoû", "Sep", "Oct", "Nov", "Déc"], "values": [986.8, 894.3, 1159.2, 1834.7, 1047.5, 970.4, 1229.5, 905.1, 1075.6, 1216.6, 1407.9, 1174.6]}]}}, {"type": "Feature", "geometry": {"type": "Point", "coordinates": [-73.668814, 45.90658]}, "properties": {"id": "55523641", "nom": "OLYMEL S.E.C.", "nature": "NATU", "secteur": "agroalimentaire", "type": "rejet", "charts": [{"type": "bar", "title": "Volume annuel (m³) — OLYMEL S.E.C.", "labels": ["2001", "2002", "2003", "2004", "2005", "2006", "2007", "2008", "2009", "2010", "2011", "2012", "2013", "2014", "2015", "2016", "2017", "2018", "2019", "2020", "2021", "2022", "2023", "2024", "2025"], "values": [127457.0, 126006.0, 124538.0, 124732.0, 124314.0, 123878.0, 125561.0, 125925.0, 126584.0, 129405.0, 128697.0, 125441.0, 124971.0, 128150.0, 130913.0, 131091.0, 132989.0, 131680.0, 128947.0, 128859.0, 134076.0, 141558.0, 145279.0, 147560.0, 87255.0]}, {"type": "line", "title": "Profil mensuel moyen (m³/mois)", "labels": ["Jan", "Fév", "Mar", "Avr", "Mai", "Jun", "Jul", "Aoû", "Sep", "Oct", "Nov", "Déc"], "values": [4072.2, 4572.4, 4026.9, 6127.2, 6781.2, 4832.2, 5604.2, 8349.3, 5011.4, 5131.7, 6220.0, 4924.5]}]}}, {"type": "Feature", "geometry": {"type": "Point", "coordinates": [-75.424837, 45.537255]}, "properties": {"id": "90560244", "nom": "SOCIÉTÉ EN COMMANDITE PAPIER MASSON WB", "nature": "NATU", "secteur": "papier", "type": "rejet", "charts": [{"type": "bar", "title": "Volume annuel (m³) — SOCIÉTÉ EN COMMANDITE PAPIER MASSON WB", "labels": ["2001", "2002", "2003", "2004", "2005", "2006", "2007", "2008", "2009", "2010", "2011", "2012", "2013", "2014", "2015", "2016", "2017", "2018", "2019", "2020", "2021", "2022", "2023", "2024"], "values": [16667.0, 17080.0, 16089.0, 13989.0, 16259.0, 14974.0, 14738.0, 13464.0, 10204.0, 11377.0, 10902.0, 9842.0, 8648.0, 9844.0, 9844.0, 9511.0, 8918.0, 8685.0, 7512.0, 6616.0, 6803.0, 7367.0, 7835.0, 6803.0]}, {"type": "line", "title": "Profil mensuel moyen (m³/mois)", "labels": ["Jan", "Fév", "Mar", "Avr", "Mai", "Jun", "Jul", "Aoû", "Sep", "Oct", "Nov", "Déc"], "values": [997.3, 926.1, 982.0, 948.1, 959.7, 992.4, 923.4, 1009.9, 873.8, 790.0, 772.8, 823.4]}]}}, {"type": "Feature", "geometry": {"type": "Point", "coordinates": [-72.3958333333, 46.3927777778]}, "properties": {"id": "21651674", "nom": "Aluminerie de Bécancour inc.", "nature": "NATU", "secteur": "mines", "type": "rejet", "charts": [{"type": "bar", "title": "Volume annuel (m³) — Aluminerie de Bécancour inc.", "labels": ["2001", "2002", "2003", "2004", "2005", "2006", "2007", "2008", "2009", "2010", "2011", "2012", "2013", "2014", "2015", "2016", "2017", "2018", "2019", "2020", "2021", "2022", "2023", "2024", "2025"], "values": [559823.0, 536443.0, 566248.0, 496161.0, 464133.0, 456881.0, 474383.0, 485995.0, 472602.0, 491872.0, 524075.0, 522257.0, 566785.0, 638706.0, 681409.0, 684299.0, 716348.0, 754052.0, 732615.0, 711355.0, 747806.0, 725706.0, 754451.0, 785973.0, 98904.0]}, {"type": "line", "title": "Profil mensuel moyen (m³/mois)", "labels": ["Jan", "Fév", "Mar", "Avr", "Mai", "Jun", "Jul", "Aoû", "Sep", "Oct", "Nov", "Déc"], "values": [11236.2, 10714.1, 19768.6, 14133.0, 12188.0, 16874.7, 29566.6, 38274.5, 14073.7, 7079.8, 11973.0, 12749.3]}]}}, {"type": "Feature", "geometry": {"type": "Point", "coordinates": [-72.027518, 46.667017]}, "properties": {"id": "X2140128", "nom": "CIMENT QUÉBEC INC.", "nature": "NATU", "secteur": "chimie", "type": "rejet", "charts": [{"type": "bar", "title": "Volume annuel (m³) — CIMENT QUÉBEC INC.", "labels": ["2001", "2002", "2003", "2004", "2005", "2006", "2007", "2008", "2009", "2010", "2011", "2012", "2013", "2014", "2015", "2016", "2017", "2018", "2019", "2020", "2021", "2022", "2023", "2024"], "values": [40.0, 40.0, 40.0, 38.0, 39.0, 37.0, 32.0, 29.0, 29.0, 30.0, 29.0, 30.0, 27.0, 27.0, 26.0, 27.0, 27.0, 29.0, 28.0, 29.0, 31.0, 33.0, 33.0, 34.0]}, {"type": "line", "title": "Profil mensuel moyen (m³/mois)", "labels": ["Jan", "Fév", "Mar", "Avr", "Mai", "Jun", "Jul", "Aoû", "Sep", "Oct", "Nov", "Déc"], "values": [0.0, 0.0, 0.0, 0.0, 0.0, 11.2, 6.5, 8.5, 5.6, 0.0, 0.0, 0.0]}]}}, {"type": "Feature", "geometry": {"type": "Point", "coordinates": [-73.170241, 45.430456]}, "properties": {"id": "51932317", "nom": "Sivaco Wire Group 2004 L.P.", "nature": "NATU", "secteur": "autre", "type": "rejet", "charts": [{"type": "bar", "title": "Volume annuel (m³) — Sivaco Wire Group 2004 L.P.", "labels": ["2001", "2002", "2003", "2004", "2005", "2006", "2007", "2008", "2009", "2010", "2011", "2012", "2013", "2014", "2015", "2016", "2017", "2018", "2019", "2020", "2021", "2022", "2023", "2024", "2025"], "values": [246793.0, 251069.0, 243629.0, 231052.0, 247441.0, 238127.0, 235538.0, 227788.0, 200167.0, 211122.0, 211105.0, 205389.0, 197441.0, 211808.0, 215242.0, 215429.0, 215872.0, 219694.0, 214039.0, 202525.0, 212868.0, 217818.0, 216776.0, 212994.0, 3360.0]}, {"type": "line", "title": "Profil mensuel moyen (m³/mois)", "labels": ["Jan", "Fév", "Mar", "Avr", "Mai", "Jun", "Jul", "Aoû", "Sep", "Oct", "Nov", "Déc"], "values": [5373.9, 5367.6, 6005.1, 5297.6, 5516.6, 7069.6, 6323.3, 5637.9, 6859.7, 7493.2, 5756.7, 6134.1]}]}}, {"type": "Feature", "geometry": {"type": "Point", "coordinates": [-74.16572, 45.08201]}, "properties": {"id": "11469335", "nom": "MAISON RUSSET INC.", "nature": "EGOU", "secteur": "population", "type": "rejet", "charts": [{"type": "bar", "title": "Volume annuel (m³) — MAISON RUSSET INC.", "labels": ["2001", "2002", "2003", "2004", "2005", "2006", "2007", "2008", "2009", "2010", "2011", "2012", "2013", "2014", "2015", "2016", "2017", "2018", "2019", "2020", "2021", "2022", "2023", "2024", "2025"], "values": [62113.0, 61154.0, 60576.0, 59734.0, 58303.0, 57498.0, 56193.0, 54841.0, 53138.0, 53554.0, 53259.0, 52389.0, 51436.0, 51602.0, 50981.0, 51125.0, 51538.0, 51014.0, 50829.0, 51513.0, 52574.0, 53847.0, 55414.0, 58137.0, 50968.0]}, {"type": "line", "title": "Profil mensuel moyen (m³/mois)", "labels": ["Jan", "Fév", "Mar", "Avr", "Mai", "Jun", "Jul", "Aoû", "Sep", "Oct", "Nov", "Déc"], "values": [5023.9, 6651.1, 5178.8, 4785.0, 2355.5, 4830.3, 3994.1, 4477.3, 5894.5, 3744.2, 2918.8, 5012.9]}]}}, {"type": "Feature", "geometry": {"type": "Point", "coordinates": [-74.284016, 45.638804]}, "properties": {"id": "X1500194", "nom": "13014797 CANADA INC.", "nature": "NATU", "secteur": "autre", "type": "rejet", "charts": [{"type": "bar", "title": "Volume annuel (m³) — 13014797 CANADA INC.", "labels": ["2001", "2002", "2003", "2004", "2005", "2006", "2007", "2008", "2009", "2010", "2011", "2012", "2013", "2014", "2015", "2016", "2017", "2018", "2019", "2020", "2021", "2022", "2023", "2024"], "values": [197033.0, 200411.0, 194438.0, 184410.0, 197050.0, 190003.0, 187748.0, 181375.0, 159081.0, 167733.0, 167372.0, 162818.0, 156401.0, 167822.0, 171004.0, 170864.0, 171147.0, 174280.0, 169574.0, 160260.0, 168528.0, 172731.0, 171648.0, 168647.0]}, {"type": "line", "title": "Profil mensuel moyen (m³/mois)", "labels": ["Jan", "Fév", "Mar", "Avr", "Mai", "Jun", "Jul", "Aoû", "Sep", "Oct", "Nov", "Déc"], "values": [14904.0, 15781.7, 17436.3, 15220.4, 18422.0, 11482.5, 10780.6, 11397.2, 17049.4, 14681.4, 16715.7, 11644.7]}]}}, {"type": "Feature", "geometry": {"type": "Point", "coordinates": [-72.912858, 45.638166]}, "properties": {"id": "90475187", "nom": "OLYMEL S.E.C.", "nature": "EGOU", "secteur": "population", "type": "rejet", "charts": [{"type": "bar", "title": "Volume annuel (m³) — OLYMEL S.E.C.", "labels": ["2001", "2002", "2003", "2004", "2005", "2006", "2007", "2008", "2009", "2010", "2011", "2012", "2013", "2014", "2015", "2016", "2017", "2018", "2019", "2020", "2021", "2022", "2023", "2024", "2025"], "values": [323055.0, 319646.0, 319368.0, 316215.0, 318841.0, 316742.0, 316856.0, 316057.0, 313840.0, 318255.0, 317394.0, 319745.0, 318675.0, 319344.0, 319587.0, 320695.0, 319899.0, 318389.0, 316569.0, 319662.0, 322113.0, 324247.0, 329135.0, 333367.0, 274842.0]}, {"type": "line", "title": "Profil mensuel moyen (m³/mois)", "labels": ["Jan", "Fév", "Mar", "Avr", "Mai", "Jun", "Jul", "Aoû", "Sep", "Oct", "Nov", "Déc"], "values": [27069.9, 31873.2, 26731.2, 27836.9, 27480.4, 26536.0, 22238.2, 23883.9, 24292.0, 28388.3, 27725.1, 26203.6]}]}}, {"type": "Feature", "geometry": {"type": "Point", "coordinates": [-73.6959998, 45.349391]}, "properties": {"id": "90541194", "nom": "CIMENT QUÉBEC INC.", "nature": "EGOU", "secteur": "population", "type": "rejet", "charts": [{"type": "bar", "title": "Volume annuel (m³) — CIMENT QUÉBEC INC.", "labels": ["2001", "2002", "2003", "2004", "2005", "2006", "2007", "2008", "2009", "2010", "2011", "2012", "2013", "2014", "2015", "2016", "2017", "2018", "2019", "2020", "2021", "2022", "2023", "2024", "2025"], "values": [5396.0, 5335.0, 5353.0, 5342.0, 5396.0, 5398.0, 5391.0, 5409.0, 5428.0, 5568.0, 5623.0, 5655.0, 5637.0, 5634.0, 5656.0, 5678.0, 5713.0, 5734.0, 5730.0, 5814.0, 5873.0, 5886.0, 5934.0, 6008.0, 5140.0]}, {"type": "line", "title": "Profil mensuel moyen (m³/mois)", "labels": ["Jan", "Fév", "Mar", "Avr", "Mai", "Jun", "Jul", "Aoû", "Sep", "Oct", "Nov", "Déc"], "values": [260.4, 496.6, 497.9, 509.2, 594.9, 508.2, 424.3, 328.6, 544.4, 685.2, 445.4, 324.8]}]}}, {"type": "Feature", "geometry": {"type": "Point", "coordinates": [-73.9341952213, 45.7672938168]}, "properties": {"id": "52487394", "nom": "CARRIÈRES UNI-JAC INC.", "nature": "NATU", "secteur": "autre", "type": "rejet", "charts": [{"type": "bar", "title": "Volume annuel (m³) — CARRIÈRES UNI-JAC INC.", "labels": ["2001", "2002", "2003", "2004", "2005", "2006", "2007", "2008", "2009", "2010", "2011", "2012", "2013", "2014", "2015", "2016", "2017", "2018", "2019", "2020", "2021", "2022", "2023", "2024"], "values": [936003.0, 952489.0, 922973.0, 873279.0, 940411.0, 901056.0, 889536.0, 860483.0, 753707.0, 796491.0, 794870.0, 774277.0, 742227.0, 797560.0, 809060.0, 812203.0, 809516.0, 830820.0, 807269.0, 763543.0, 802456.0, 820876.0, 813579.0, 801237.0]}, {"type": "line", "title": "Profil mensuel moyen (m³/mois)", "labels": ["Jan", "Fév", "Mar", "Avr", "Mai", "Jun", "Jul", "Aoû", "Sep", "Oct", "Nov", "Déc"], "values": [50093.6, 43046.5, 60252.7, 22311.9, 44434.6, 96280.1, 133588.8, 171825.2, 33857.4, 88488.3, 68542.1, 20858.9]}]}}, {"type": "Feature", "geometry": {"type": "Point", "coordinates": [-73.582743, 45.720703]}, "properties": {"id": "25487778", "nom": "CIMENT QUÉBEC INC.", "nature": "NATU", "secteur": "chimie", "type": "rejet", "charts": [{"type": "bar", "title": "Volume annuel (m³) — CIMENT QUÉBEC INC.", "labels": ["2001", "2002", "2003", "2004", "2005", "2006", "2007", "2008", "2009", "2010", "2011", "2012", "2013", "2014", "2015", "2016", "2017", "2018", "2019", "2020", "2021", "2022", "2023", "2024"], "values": [5352.0, 5336.0, 5388.0, 5168.0, 5147.0, 5037.0, 4297.0, 3965.0, 3924.0, 4061.0, 3865.0, 4072.0, 3628.0, 3697.0, 3467.0, 3592.0, 3682.0, 3931.0, 3850.0, 3848.0, 4155.0, 4496.0, 4534.0, 4578.0]}, {"type": "line", "title": "Profil mensuel moyen (m³/mois)", "labels": ["Jan", "Fév", "Mar", "Avr", "Mai", "Jun", "Jul", "Aoû", "Sep", "Oct", "Nov", "Déc"], "values": [212.9, 420.7, 184.8, 303.3, 370.6, 498.7, 430.0, 544.9, 483.2, 407.1, 331.4, 107.0]}]}}, {"type": "Feature", "geometry": {"type": "Point", "coordinates": [-72.78709174, 45.33864103]}, "properties": {"id": "15033988", "nom": "Abattoir Ducharme inc.", "nature": "NATU", "secteur": "agroalimentaire", "type": "rejet", "charts": [{"type": "bar", "title": "Volume annuel (m³) — Abattoir Ducharme inc.", "labels": ["2001", "2002", "2003", "2004", "2005", "2006", "2007", "2008", "2009", "2010", "2011", "2012", "2013", "2014", "2015", "2016", "2017", "2018", "2019", "2020", "2021", "2022", "2023", "2024"], "values": [23877.0, 23467.0, 22674.0, 23261.0, 23935.0, 23721.0, 24486.0, 25706.0, 25907.0, 26224.0, 25924.0, 24981.0, 25318.0, 27254.0, 28711.0, 29030.0, 29909.0, 29655.0, 29730.0, 29059.0, 31145.0, 32322.0, 32572.0, 32350.0]}, {"type": "line", "title": "Profil mensuel moyen (m³/mois)", "labels": ["Jan", "Fév", "Mar", "Avr", "Mai", "Jun", "Jul", "Aoû", "Sep", "Oct", "Nov", "Déc"], "values": [1942.9, 2016.9, 2381.6, 2423.8, 2087.3, 2336.5, 2682.2, 2154.0, 2383.9, 2561.7, 2050.1, 2113.4]}]}}, {"type": "Feature", "geometry": {"type": "Point", "coordinates": [-72.6490918099, 46.3771070621]}, "properties": {"id": "90572603", "nom": "Les Entreprises Axchem Canada ltée", "nature": "NATU", "secteur": "autre", "type": "rejet", "charts": [{"type": "bar", "title": "Volume annuel (m³) — Les Entreprises Axchem Canada ltée", "labels": ["2001", "2002", "2003", "2004", "2005", "2006", "2007", "2008", "2009", "2010", "2011", "2012", "2013", "2014", "2015", "2016", "2017", "2018", "2019", "2020", "2021", "2022", "2023", "2024", "2025"], "values": [8.0, 8.0, 8.0, 7.0, 8.0, 7.0, 7.0, 7.0, 6.0, 7.0, 7.0, 7.0, 6.0, 7.0, 7.0, 7.0, 7.0, 7.0, 7.0, 7.0, 7.0, 7.0, 7.0, 7.0, 1.0]}, {"type": "line", "title": "Profil mensuel moyen (m³/mois)", "labels": ["Jan", "Fév", "Mar", "Avr", "Mai", "Jun", "Jul", "Aoû", "Sep", "Oct", "Nov", "Déc"], "values": [0.2, 0.2, 0.1, 0.1, 0.3, 0.6, 0.6, 0.5, 0.1, 0.2, 0.2, 0.2]}]}}, {"type": "Feature", "geometry": {"type": "Point", "coordinates": [-72.986737, 45.629515]}, "properties": {"id": "X2084938", "nom": "YOPLAIT LIBERTÉ CANADA CIE", "nature": "EGOU", "secteur": "population", "type": "rejet", "charts": [{"type": "bar", "title": "Volume annuel (m³) — YOPLAIT LIBERTÉ CANADA CIE", "labels": ["2001", "2002", "2003", "2004", "2005", "2006", "2007", "2008", "2009", "2010", "2011", "2012", "2013", "2014", "2015", "2016", "2017", "2018", "2019", "2020", "2021", "2022", "2023", "2024", "2025"], "values": [444944.0, 440294.0, 439759.0, 435457.0, 439310.0, 436267.0, 436287.0, 435231.0, 432025.0, 438537.0, 437254.0, 440556.0, 439062.0, 439863.0, 440072.0, 441838.0, 440414.0, 438887.0, 436238.0, 440509.0, 443697.0, 446753.0, 453364.0, 459264.0, 377817.0]}, {"type": "line", "title": "Profil mensuel moyen (m³/mois)", "labels": ["Jan", "Fév", "Mar", "Avr", "Mai", "Jun", "Jul", "Aoû", "Sep", "Oct", "Nov", "Déc"], "values": [37147.7, 34658.4, 34093.9, 35845.6, 37888.6, 34787.0, 40223.3, 40145.1, 29406.9, 41960.4, 36807.2, 38183.5]}]}}, {"type": "Feature", "geometry": {"type": "Point", "coordinates": [-72.5326381, 45.9008423]}, "properties": {"id": "X2186214", "nom": "Soucy International inc.", "nature": "EGOU", "secteur": "population", "type": "rejet", "charts": [{"type": "bar", "title": "Volume annuel (m³) — Soucy International inc.", "labels": ["2001", "2002", "2003", "2004", "2005", "2006", "2007", "2008", "2009", "2010", "2011", "2012", "2013", "2014", "2015", "2016", "2017", "2018", "2019", "2020", "2021", "2022", "2023", "2024", "2025"], "values": [31868.0, 31698.0, 32051.0, 32126.0, 32612.0, 32717.0, 32669.0, 32931.0, 33109.0, 33618.0, 33786.0, 34016.0, 33931.0, 33949.0, 34114.0, 34270.0, 34454.0, 34539.0, 34378.0, 34770.0, 35195.0, 35463.0, 36078.0, 36693.0, 29985.0]}, {"type": "line", "title": "Profil mensuel moyen (m³/mois)", "labels": ["Jan", "Fév", "Mar", "Avr", "Mai", "Jun", "Jul", "Aoû", "Sep", "Oct", "Nov", "Déc"], "values": [6993.7, 3079.9, 3945.4, 3102.6, 2972.6, 1988.3, 1754.9, 1243.6, 1372.1, 1239.4, 3375.5, 2820.8]}]}}, {"type": "Feature", "geometry": {"type": "Point", "coordinates": [-74.0281641922, 45.4164506989]}, "properties": {"id": "X0000456", "nom": "EXCELITAS CANADA INC.", "nature": "EGOU", "secteur": "population", "type": "rejet", "charts": [{"type": "bar", "title": "Volume annuel (m³) — EXCELITAS CANADA INC.", "labels": ["2001", "2002", "2003", "2004", "2005", "2006", "2007", "2008", "2009", "2010", "2011", "2012", "2013", "2014", "2015", "2016", "2017", "2018", "2019", "2020", "2021", "2022", "2023", "2024", "2025"], "values": [33564.0, 34489.0, 35745.0, 37196.0, 39311.0, 41846.0, 43797.0, 45700.0, 47392.0, 49711.0, 52239.0, 54210.0, 55733.0, 56331.0, 56751.0, 57411.0, 58415.0, 59681.0, 60536.0, 62429.0, 63716.0, 64259.0, 65438.0, 66210.0, 55943.0]}, {"type": "line", "title": "Profil mensuel moyen (m³/mois)", "labels": ["Jan", "Fév", "Mar", "Avr", "Mai", "Jun", "Jul", "Aoû", "Sep", "Oct", "Nov", "Déc"], "values": [5576.0, 4587.8, 4805.5, 4290.8, 4583.5, 4135.8, 3970.4, 3885.7, 4066.3, 4486.0, 4064.2, 3784.2]}]}}, {"type": "Feature", "geometry": {"type": "Point", "coordinates": [-61.959685, 47.3725519444]}, "properties": {"id": "90280322", "nom": "LES FRUITS DE MER MADELEINE INC.", "nature": "NATU", "secteur": "autre", "type": "rejet", "charts": [{"type": "bar", "title": "Volume annuel (m³) — LES FRUITS DE MER MADELEINE INC.", "labels": ["2001", "2002", "2003", "2004", "2005", "2006", "2007", "2008", "2009", "2010", "2011", "2012", "2013", "2014", "2015", "2016", "2017", "2018", "2019", "2020", "2021", "2022", "2023", "2024"], "values": [42220.0, 42698.0, 41566.0, 39280.0, 42053.0, 40773.0, 40197.0, 38742.0, 33947.0, 36034.0, 35709.0, 34833.0, 33408.0, 35809.0, 36665.0, 36507.0, 36605.0, 37196.0, 35967.0, 34073.0, 36150.0, 36845.0, 36800.0, 36203.0]}, {"type": "line", "title": "Profil mensuel moyen (m³/mois)", "labels": ["Jan", "Fév", "Mar", "Avr", "Mai", "Jun", "Jul", "Aoû", "Sep", "Oct", "Nov", "Déc"], "values": [0.0, 0.0, 438.8, 12777.4, 8647.4, 4074.8, 990.9, 1885.9, 5929.6, 2520.3, 246.5, 0.0]}]}}, {"type": "Feature", "geometry": {"type": "Point", "coordinates": [-73.524117, 45.670888]}, "properties": {"id": "90514621", "nom": "SAPUTO PRODUITS LAITIERS CANADA S.E.N.C.", "nature": "EGOU", "secteur": "population", "type": "rejet", "charts": [{"type": "bar", "title": "Volume annuel (m³) — SAPUTO PRODUITS LAITIERS CANADA S.E.N.C.", "labels": ["2001", "2002", "2003", "2004", "2005", "2006", "2007", "2008", "2009", "2010", "2011", "2012", "2013", "2014", "2015", "2016", "2017", "2018", "2019", "2020", "2021", "2022", "2023", "2024", "2025"], "values": [1434.0, 1426.0, 1424.0, 1411.0, 1419.0, 1409.0, 1396.0, 1386.0, 1384.0, 1398.0, 1396.0, 1403.0, 1396.0, 1394.0, 1392.0, 1393.0, 1399.0, 1420.0, 1426.0, 1431.0, 1400.0, 1399.0, 1436.0, 1483.0, 1232.0]}, {"type": "line", "title": "Profil mensuel moyen (m³/mois)", "labels": ["Jan", "Fév", "Mar", "Avr", "Mai", "Jun", "Jul", "Aoû", "Sep", "Oct", "Nov", "Déc"], "values": [112.7, 112.7, 116.5, 112.1, 119.5, 118.9, 127.0, 126.0, 117.3, 124.7, 114.7, 110.4]}]}}, {"type": "Feature", "geometry": {"type": "Point", "coordinates": [-73.33163, 45.31558]}, "properties": {"id": "X0600747", "nom": "JTI-Macdonald corp.", "nature": "EGOU", "secteur": "population", "type": "rejet", "charts": [{"type": "bar", "title": "Volume annuel (m³) — JTI-Macdonald corp.", "labels": ["2001", "2002", "2003", "2004", "2005", "2006", "2007", "2008", "2009", "2010", "2011", "2012", "2013", "2014", "2015", "2016", "2017", "2018", "2019", "2020", "2021", "2022", "2023", "2024", "2025"], "values": [2357.0, 2367.0, 2412.0, 2427.0, 2480.0, 2496.0, 2513.0, 2523.0, 2525.0, 2558.0, 2552.0, 2556.0, 2544.0, 2537.0, 2534.0, 2532.0, 2525.0, 2514.0, 2507.0, 2533.0, 2553.0, 2543.0, 2555.0, 2562.0, 2113.0]}, {"type": "line", "title": "Profil mensuel moyen (m³/mois)", "labels": ["Jan", "Fév", "Mar", "Avr", "Mai", "Jun", "Jul", "Aoû", "Sep", "Oct", "Nov", "Déc"], "values": [214.1, 200.0, 214.4, 207.5, 208.6, 203.6, 211.1, 213.6, 203.0, 212.4, 207.2, 214.1]}]}}, {"type": "Feature", "geometry": {"type": "Point", "coordinates": [-73.509935269, 45.4023697816]}, "properties": {"id": "54518170", "nom": "PHARMASCIENCE INC.", "nature": "EGOU", "secteur": "population", "type": "rejet", "charts": [{"type": "bar", "title": "Volume annuel (m³) — PHARMASCIENCE INC.", "labels": ["2001", "2002", "2003", "2004", "2005", "2006", "2007", "2008", "2009", "2010", "2011", "2012", "2013", "2014", "2015", "2016", "2017", "2018", "2019", "2020", "2021", "2022", "2023", "2024", "2025"], "values": [4290.0, 4358.0, 4511.0, 4663.0, 4946.0, 5184.0, 5369.0, 5659.0, 5879.0, 6148.0, 6206.0, 6302.0, 6329.0, 6344.0, 6352.0, 6372.0, 6372.0, 6514.0, 6538.0, 6704.0, 6804.0, 6907.0, 7000.0, 7092.0, 5916.0]}, {"type": "line", "title": "Profil mensuel moyen (m³/mois)", "labels": ["Jan", "Fév", "Mar", "Avr", "Mai", "Jun", "Jul", "Aoû", "Sep", "Oct", "Nov", "Déc"], "values": [251.6, 251.4, 252.0, 252.0, 245.4, 247.3, 248.3, 251.1, 246.5, 249.8, 249.9, 249.8]}]}}, {"type": "Feature", "geometry": {"type": "Point", "coordinates": [-72.96627, 45.284206]}, "properties": {"id": "11171386", "nom": "TARKETT INC.", "nature": "EGOU", "secteur": "population", "type": "rejet", "charts": [{"type": "bar", "title": "Volume annuel (m³) — TARKETT INC.", "labels": ["2001", "2002", "2003", "2004", "2005", "2006", "2007", "2008", "2009", "2010", "2011", "2012", "2013", "2014", "2015", "2016", "2017", "2018", "2019", "2020", "2021", "2022", "2023", "2024", "2025"], "values": [14373.0, 14197.0, 14145.0, 13920.0, 13964.0, 13911.0, 13928.0, 13866.0, 13713.0, 14235.0, 14446.0, 14641.0, 14551.0, 14659.0, 14832.0, 14922.0, 15095.0, 15203.0, 15302.0, 15993.0, 16765.0, 17180.0, 17479.0, 17936.0, 16141.0]}, {"type": "line", "title": "Profil mensuel moyen (m³/mois)", "labels": ["Jan", "Fév", "Mar", "Avr", "Mai", "Jun", "Jul", "Aoû", "Sep", "Oct", "Nov", "Déc"], "values": [962.9, 1102.6, 1096.1, 1216.7, 1659.1, 1965.2, 1272.0, 1642.6, 1409.3, 1316.0, 874.5, 556.0]}]}}, {"type": "Feature", "geometry": {"type": "Point", "coordinates": [-71.8013, 45.15723]}, "properties": {"id": "X2021551", "nom": "Laiterie de Coaticook, limitée", "nature": "NATU", "secteur": "agroalimentaire", "type": "rejet", "charts": [{"type": "bar", "title": "Volume annuel (m³) — Laiterie de Coaticook, limitée", "labels": ["2001", "2002", "2003", "2004", "2005", "2006", "2007", "2008", "2009", "2010", "2011", "2012", "2013", "2014", "2015", "2016", "2017", "2018", "2019", "2020", "2021", "2022", "2023", "2024", "2025"], "values": [41778.0, 41167.0, 40094.0, 40670.0, 41604.0, 41315.0, 42133.0, 43585.0, 43698.0, 44173.0, 43623.0, 42346.0, 42440.0, 44639.0, 46353.0, 46651.0, 47470.0, 47154.0, 47071.0, 46243.0, 48864.0, 50153.0, 50385.0, 50241.0, 9261.0]}, {"type": "line", "title": "Profil mensuel moyen (m³/mois)", "labels": ["Jan", "Fév", "Mar", "Avr", "Mai", "Jun", "Jul", "Aoû", "Sep", "Oct", "Nov", "Déc"], "values": [2227.8, 1938.2, 1763.7, 1510.4, 1588.7, 1886.6, 2288.9, 2074.4, 1736.4, 1677.5, 1764.2, 1718.4]}]}}, {"type": "Feature", "geometry": {"type": "Point", "coordinates": [-73.480089, 45.74772]}, "properties": {"id": "27195437", "nom": "General Dynamics produits de défense et systèmes tactiques-Canada inc.", "nature": "EGOU", "secteur": "population", "type": "rejet", "charts": [{"type": "bar", "title": "Volume annuel (m³) — General Dynamics produits de défense et ", "labels": ["2001", "2002", "2003", "2004", "2005", "2006", "2007", "2008", "2009", "2010", "2011", "2012", "2013", "2014", "2015", "2016", "2017", "2018", "2019", "2020", "2021", "2022", "2023", "2024", "2025"], "values": [83260.0, 82603.0, 82585.0, 82173.0, 83474.0, 84467.0, 86013.0, 86516.0, 86443.0, 87733.0, 88028.0, 88887.0, 88433.0, 88078.0, 87629.0, 87395.0, 86900.0, 86347.0, 85750.0, 86442.0, 87239.0, 87129.0, 88055.0, 89123.0, 74598.0]}, {"type": "line", "title": "Profil mensuel moyen (m³/mois)", "labels": ["Jan", "Fév", "Mar", "Avr", "Mai", "Jun", "Jul", "Aoû", "Sep", "Oct", "Nov", "Déc"], "values": [5041.4, 6350.6, 9681.8, 8660.7, 7295.4, 7429.4, 7719.2, 5600.5, 6577.5, 7815.2, 7061.4, 7147.4]}]}}, {"type": "Feature", "geometry": {"type": "Point", "coordinates": [-71.0112639162, 48.438263085]}, "properties": {"id": "30804017", "nom": "9113-0476 QUÉBEC INC.", "nature": "EGOU", "secteur": "population", "type": "rejet", "charts": [{"type": "bar", "title": "Volume annuel (m³) — 9113-0476 QUÉBEC INC.", "labels": ["2001", "2002", "2003", "2004", "2005", "2006", "2007", "2008", "2009", "2010", "2011", "2012", "2013", "2014", "2015", "2016", "2017", "2018", "2019", "2020", "2021", "2022", "2023", "2024", "2025"], "values": [162953.0, 159214.0, 157426.0, 154846.0, 154325.0, 152368.0, 151128.0, 150251.0, 148791.0, 149846.0, 149397.0, 149683.0, 148144.0, 146859.0, 146356.0, 145503.0, 143990.0, 142880.0, 140947.0, 141164.0, 140955.0, 141031.0, 142469.0, 144336.0, 119296.0]}, {"type": "line", "title": "Profil mensuel moyen (m³/mois)", "labels": ["Jan", "Fév", "Mar", "Avr", "Mai", "Jun", "Jul", "Aoû", "Sep", "Oct", "Nov", "Déc"], "values": [6467.2, 5631.9, 6706.0, 6158.7, 6061.9, 5460.6, 6598.0, 6472.5, 5873.1, 6466.7, 5945.5, 6332.2]}]}}, {"type": "Feature", "geometry": {"type": "Point", "coordinates": [-73.544434, 45.539146]}, "properties": {"id": "X0600851", "nom": "LALLEMAND INC.", "nature": "EGOU", "secteur": "population", "type": "rejet", "charts": [{"type": "bar", "title": "Volume annuel (m³) — LALLEMAND INC.", "labels": ["2001", "2002", "2003", "2004", "2005", "2006", "2007", "2008", "2009", "2010", "2011", "2012", "2013", "2014", "2015", "2016", "2017", "2018", "2019", "2020", "2021", "2022", "2023", "2024", "2025"], "values": [1005708.0, 999979.0, 998850.0, 989494.0, 995292.0, 988013.0, 979155.0, 971618.0, 970490.0, 980120.0, 978713.0, 983388.0, 978715.0, 977470.0, 976010.0, 976839.0, 981531.0, 995670.0, 1000329.0, 1003349.0, 981433.0, 980910.0, 1007139.0, 1040225.0, 862202.0]}, {"type": "line", "title": "Profil mensuel moyen (m³/mois)", "labels": ["Jan", "Fév", "Mar", "Avr", "Mai", "Jun", "Jul", "Aoû", "Sep", "Oct", "Nov", "Déc"], "values": [82482.0, 77630.8, 84943.5, 72924.6, 80762.6, 81916.3, 91174.8, 84052.7, 85383.0, 89850.6, 82103.0, 77256.1]}]}}, {"type": "Feature", "geometry": {"type": "Point", "coordinates": [-73.92865, 45.5644]}, "properties": {"id": "X2011118", "nom": "130355 Canada inc.", "nature": "EGOU", "secteur": "population", "type": "rejet", "charts": [{"type": "bar", "title": "Volume annuel (m³) — 130355 Canada inc.", "labels": ["2001", "2002", "2003", "2004", "2005", "2006", "2007", "2008", "2009", "2010", "2011", "2012", "2013", "2014", "2015", "2016", "2017", "2018", "2019", "2020", "2021", "2022", "2023", "2024", "2025"], "values": [10335.0, 10238.0, 10242.0, 10209.0, 10311.0, 10307.0, 10333.0, 10432.0, 10433.0, 10504.0, 10489.0, 10481.0, 10320.0, 10206.0, 10199.0, 10115.0, 10107.0, 10083.0, 9999.0, 10082.0, 10176.0, 10164.0, 10239.0, 10402.0, 8622.0]}, {"type": "line", "title": "Profil mensuel moyen (m³/mois)", "labels": ["Jan", "Fév", "Mar", "Avr", "Mai", "Jun", "Jul", "Aoû", "Sep", "Oct", "Nov", "Déc"], "values": [596.4, 789.3, 1354.8, 710.8, 663.5, 810.0, 924.2, 1061.2, 1038.0, 628.2, 794.5, 897.9]}]}}, {"type": "Feature", "geometry": {"type": "Point", "coordinates": [-71.606498, 45.620704]}, "properties": {"id": "53221180", "nom": "GRAYMONT (QC) INC.", "nature": "NATU", "secteur": "chimie", "type": "rejet", "charts": [{"type": "bar", "title": "Volume annuel (m³) — GRAYMONT (QC) INC.", "labels": ["2001", "2002", "2003", "2004", "2005", "2006", "2007", "2008", "2009", "2010", "2011", "2012", "2013", "2014", "2015", "2016", "2017", "2018", "2019", "2020", "2021", "2022", "2023", "2024"], "values": [245542.0, 245814.0, 247658.0, 237415.0, 237139.0, 231063.0, 197315.0, 182513.0, 180379.0, 186259.0, 177588.0, 186680.0, 166450.0, 169779.0, 158992.0, 164929.0, 169151.0, 180596.0, 177211.0, 176870.0, 191189.0, 206273.0, 208453.0, 210049.0]}, {"type": "line", "title": "Profil mensuel moyen (m³/mois)", "labels": ["Jan", "Fév", "Mar", "Avr", "Mai", "Jun", "Jul", "Aoû", "Sep", "Oct", "Nov", "Déc"], "values": [5336.3, 816.3, 1551.0, 11516.9, 168.2, 13827.6, 12386.8, 15632.5, 12132.4, 9782.6, 9049.3, 6452.3]}]}}, {"type": "Feature", "geometry": {"type": "Point", "coordinates": [-72.5131684218, 45.8858657973]}, "properties": {"id": "29459906", "nom": "CASCADES CANADA ULC", "nature": "EGOU", "secteur": "population", "type": "rejet", "charts": [{"type": "bar", "title": "Volume annuel (m³) — CASCADES CANADA ULC", "labels": ["2001", "2002", "2003", "2004", "2005", "2006", "2007", "2008", "2009", "2010", "2011", "2012", "2013", "2014", "2015", "2016", "2017", "2018", "2019", "2020", "2021", "2022", "2023", "2024", "2025"], "values": [5389.0, 5354.0, 5415.0, 5420.0, 5527.0, 5513.0, 5518.0, 5552.0, 5578.0, 5668.0, 5713.0, 5748.0, 5727.0, 5735.0, 5762.0, 5798.0, 5825.0, 5836.0, 5801.0, 5870.0, 5960.0, 6000.0, 6104.0, 6210.0, 4909.0]}, {"type": "line", "title": "Profil mensuel moyen (m³/mois)", "labels": ["Jan", "Fév", "Mar", "Avr", "Mai", "Jun", "Jul", "Aoû", "Sep", "Oct", "Nov", "Déc"], "values": [363.1, 400.8, 551.5, 287.4, 423.6, 453.7, 456.1, 605.1, 444.9, 556.6, 670.5, 511.2]}]}}, {"type": "Feature", "geometry": {"type": "Point", "coordinates": [-71.253719087, 46.8034049371]}, "properties": {"id": "X0301023", "nom": "Boulangerie Canada Bread, Limitée", "nature": "EGOU", "secteur": "population", "type": "rejet", "charts": [{"type": "bar", "title": "Volume annuel (m³) — Boulangerie Canada Bread, Limitée", "labels": ["2001", "2002", "2003", "2004", "2005", "2006", "2007", "2008", "2009", "2010", "2011", "2012", "2013", "2014", "2015", "2016", "2017", "2018", "2019", "2020", "2021", "2022", "2023", "2024", "2025"], "values": [13125.0, 13008.0, 13014.0, 12905.0, 13026.0, 12998.0, 12992.0, 13018.0, 13031.0, 13244.0, 13268.0, 13323.0, 13219.0, 13195.0, 13190.0, 13205.0, 13188.0, 13228.0, 13170.0, 13281.0, 13295.0, 13341.0, 13606.0, 13918.0, 13318.0]}, {"type": "line", "title": "Profil mensuel moyen (m³/mois)", "labels": ["Jan", "Fév", "Mar", "Avr", "Mai", "Jun", "Jul", "Aoû", "Sep", "Oct", "Nov", "Déc"], "values": [1418.5, 1057.2, 1425.4, 1417.7, 1264.8, 1344.4, 1361.1, 1335.2, 1107.3, 1003.5, 488.8, 0.0]}]}}, {"type": "Feature", "geometry": {"type": "Point", "coordinates": [-75.486508, 45.560836]}, "properties": {"id": "90353723", "nom": "CARRIÈRE-SABLIÈRE DAGENAIS INC.", "nature": "NATU", "secteur": "autre", "type": "rejet", "charts": [{"type": "bar", "title": "Volume annuel (m³) — CARRIÈRE-SABLIÈRE DAGENAIS INC.", "labels": ["2001", "2002", "2003", "2004", "2005", "2006", "2007", "2008", "2009", "2010", "2011", "2012", "2013", "2014", "2015", "2016", "2017", "2018", "2019", "2020", "2021", "2022", "2023", "2024"], "values": [311776.0, 316792.0, 307419.0, 290552.0, 313004.0, 300495.0, 296318.0, 286437.0, 250721.0, 265334.0, 264662.0, 257668.0, 247013.0, 265416.0, 269869.0, 270337.0, 269763.0, 276392.0, 268112.0, 253973.0, 266932.0, 273233.0, 271328.0, 267310.0]}, {"type": "line", "title": "Profil mensuel moyen (m³/mois)", "labels": ["Jan", "Fév", "Mar", "Avr", "Mai", "Jun", "Jul", "Aoû", "Sep", "Oct", "Nov", "Déc"], "values": [2704.5, 5047.3, 9080.8, 18424.4, 26020.7, 36599.8, 43433.4, 45639.0, 24317.4, 26322.8, 23934.0, 16011.5]}]}}, {"type": "Feature", "geometry": {"type": "Point", "coordinates": [-73.2561546547, 45.4748048557]}, "properties": {"id": "90441809", "nom": "IFASTGROUPE 2004 L.P.", "nature": "NATU", "secteur": "autre", "type": "rejet", "charts": [{"type": "bar", "title": "Volume annuel (m³) — IFASTGROUPE 2004 L.P.", "labels": ["2001", "2002", "2003", "2004", "2005", "2006", "2007", "2008", "2009", "2010", "2011", "2012", "2013", "2014", "2015", "2016", "2017", "2018", "2019", "2020", "2021", "2022", "2023", "2024"], "values": [29132.0, 29654.0, 28757.0, 27262.0, 29180.0, 28099.0, 27757.0, 26833.0, 23525.0, 24803.0, 24752.0, 24075.0, 23125.0, 24827.0, 25259.0, 25265.0, 25294.0, 25791.0, 25104.0, 23722.0, 24934.0, 25535.0, 25381.0, 24936.0]}, {"type": "line", "title": "Profil mensuel moyen (m³/mois)", "labels": ["Jan", "Fév", "Mar", "Avr", "Mai", "Jun", "Jul", "Aoû", "Sep", "Oct", "Nov", "Déc"], "values": [2178.3, 2176.0, 2181.5, 2181.5, 2121.8, 2140.9, 2147.0, 2173.6, 2134.4, 2164.1, 2179.5, 2179.8]}]}}, {"type": "Feature", "geometry": {"type": "Point", "coordinates": [-77.7780816, 48.113639]}, "properties": {"id": "53937850", "nom": "UNIBOARD CANADA INC.", "nature": "EGOU", "secteur": "population", "type": "rejet", "charts": [{"type": "bar", "title": "Volume annuel (m³) — UNIBOARD CANADA INC.", "labels": ["2001", "2002", "2003", "2004", "2005", "2006", "2007", "2008", "2009", "2010", "2011", "2012", "2013", "2014", "2015", "2016", "2017", "2018", "2019", "2020", "2021", "2022", "2023", "2024", "2025"], "values": [430433.0, 421932.0, 418054.0, 414921.0, 412288.0, 408789.0, 411005.0, 411345.0, 409766.0, 409082.0, 409300.0, 411728.0, 409134.0, 405468.0, 402591.0, 401759.0, 399707.0, 397109.0, 395091.0, 396194.0, 395287.0, 392630.0, 391204.0, 392301.0, 253753.0]}, {"type": "line", "title": "Profil mensuel moyen (m³/mois)", "labels": ["Jan", "Fév", "Mar", "Avr", "Mai", "Jun", "Jul", "Aoû", "Sep", "Oct", "Nov", "Déc"], "values": [48218.8, 41421.9, 63025.9, 20164.4, 12100.1, 5389.6, 9262.1, 21899.2, 10614.8, 33254.2, 71943.6, 68352.1]}]}}, {"type": "Feature", "geometry": {"type": "Point", "coordinates": [-73.5918175515, 45.6194890894]}, "properties": {"id": "13476890", "nom": "PLACAGE ASTRO-CHROME INC.", "nature": "EGOU", "secteur": "population", "type": "rejet", "charts": [{"type": "bar", "title": "Volume annuel (m³) — PLACAGE ASTRO-CHROME INC.", "labels": ["2001", "2002", "2003", "2004", "2005", "2006", "2007", "2008", "2009", "2010", "2011", "2012", "2013", "2014", "2015", "2016", "2017", "2018", "2019", "2020", "2021", "2022", "2023", "2024", "2025"], "values": [25239.0, 25120.0, 25074.0, 24830.0, 25023.0, 24806.0, 24568.0, 24405.0, 24362.0, 24613.0, 24569.0, 24695.0, 24569.0, 24545.0, 24466.0, 24520.0, 24613.0, 25026.0, 25146.0, 25220.0, 24655.0, 24617.0, 25273.0, 26108.0, 22352.0]}, {"type": "line", "title": "Profil mensuel moyen (m³/mois)", "labels": ["Jan", "Fév", "Mar", "Avr", "Mai", "Jun", "Jul", "Aoû", "Sep", "Oct", "Nov", "Déc"], "values": [2106.7, 1887.0, 2123.4, 1902.3, 1399.6, 2452.0, 3054.9, 2851.8, 1571.6, 2188.2, 1839.2, 1493.3]}]}}, {"type": "Feature", "geometry": {"type": "Point", "coordinates": [-75.483094, 46.538824]}, "properties": {"id": "55342828", "nom": "SAPUTO PRODUITS LAITIERS CANADA S.E.N.C.", "nature": "EGOU", "secteur": "population", "type": "rejet", "charts": [{"type": "bar", "title": "Volume annuel (m³) — SAPUTO PRODUITS LAITIERS CANADA S.E.N.C.", "labels": ["2001", "2002", "2003", "2004", "2005", "2006", "2007", "2008", "2009", "2010", "2011", "2012", "2013", "2014", "2015", "2016", "2017", "2018", "2019", "2020", "2021", "2022", "2023", "2024", "2025"], "values": [97.0, 96.0, 97.0, 96.0, 97.0, 97.0, 95.0, 95.0, 95.0, 96.0, 96.0, 97.0, 96.0, 96.0, 96.0, 96.0, 95.0, 94.0, 93.0, 93.0, 94.0, 94.0, 95.0, 95.0, 76.0]}, {"type": "line", "title": "Profil mensuel moyen (m³/mois)", "labels": ["Jan", "Fév", "Mar", "Avr", "Mai", "Jun", "Jul", "Aoû", "Sep", "Oct", "Nov", "Déc"], "values": [7.9, 7.7, 6.5, 7.4, 7.2, 7.1, 8.3, 8.3, 8.3, 9.4, 9.5, 7.8]}]}}, {"type": "Feature", "geometry": {"type": "Point", "coordinates": [-71.435759, 46.751532]}, "properties": {"id": "53972600", "nom": "General Dynamics produits de défense et systèmes tactiques-Canada inc.", "nature": "EGOU", "secteur": "population", "type": "rejet", "charts": [{"type": "bar", "title": "Volume annuel (m³) — General Dynamics produits de défense et ", "labels": ["2001", "2002", "2003", "2004", "2005", "2006", "2007", "2008", "2009", "2010", "2011", "2012", "2013", "2014", "2015", "2016", "2017", "2018", "2019", "2020", "2021", "2022", "2023", "2024", "2025"], "values": [53743.0, 54390.0, 55237.0, 55581.0, 56621.0, 56679.0, 56816.0, 56628.0, 56446.0, 57395.0, 57609.0, 57960.0, 57500.0, 57795.0, 57393.0, 57808.0, 57486.0, 57793.0, 57965.0, 58725.0, 59518.0, 59948.0, 60705.0, 60963.0, 52119.0]}, {"type": "line", "title": "Profil mensuel moyen (m³/mois)", "labels": ["Jan", "Fév", "Mar", "Avr", "Mai", "Jun", "Jul", "Aoû", "Sep", "Oct", "Nov", "Déc"], "values": [5093.8, 5293.7, 5384.6, 6181.8, 5511.7, 5360.8, 4572.5, 2079.7, 4750.3, 5501.0, 5238.6, 2577.1]}]}}, {"type": "Feature", "geometry": {"type": "Point", "coordinates": [-69.7511879353, 46.944231776]}, "properties": {"id": "90279464", "nom": "Matériaux Blanchet inc.", "nature": "NATU", "secteur": "autre", "type": "rejet", "charts": [{"type": "bar", "title": "Volume annuel (m³) — Matériaux Blanchet inc.", "labels": ["2001", "2002", "2003", "2004", "2005", "2006", "2007", "2008", "2009", "2010", "2011", "2012", "2013", "2014", "2015", "2016", "2017", "2018", "2019", "2020", "2021", "2022", "2023", "2024"], "values": [770.0, 772.0, 754.0, 713.0, 761.0, 743.0, 729.0, 701.0, 615.0, 656.0, 649.0, 636.0, 609.0, 652.0, 668.0, 665.0, 662.0, 678.0, 654.0, 622.0, 653.0, 674.0, 665.0, 659.0]}, {"type": "line", "title": "Profil mensuel moyen (m³/mois)", "labels": ["Jan", "Fév", "Mar", "Avr", "Mai", "Jun", "Jul", "Aoû", "Sep", "Oct", "Nov", "Déc"], "values": [6.5, 6.5, 6.5, 6.5, 42.9, 6.4, 6.4, 6.5, 6.3, 6.4, 6.5, 6.5]}]}}, {"type": "Feature", "geometry": {"type": "Point", "coordinates": [-66.876081, 50.021475]}, "properties": {"id": "X2152621", "nom": "ARBEC, BOIS D'OEUVRE INC.", "nature": "NATU", "secteur": "autre", "type": "rejet", "charts": [{"type": "bar", "title": "Volume annuel (m³) — ARBEC, BOIS D'OEUVRE INC.", "labels": ["2001", "2002", "2003", "2004", "2005", "2006", "2007", "2008", "2009", "2010", "2011", "2012", "2013", "2014", "2015", "2016", "2017", "2018", "2019", "2020", "2021", "2022", "2023", "2024"], "values": [56268.0, 57328.0, 55503.0, 52812.0, 56483.0, 54230.0, 53765.0, 51861.0, 45407.0, 47917.0, 47924.0, 46569.0, 44818.0, 48048.0, 48685.0, 48887.0, 49058.0, 49811.0, 48650.0, 45849.0, 48295.0, 49422.0, 49228.0, 48183.0]}, {"type": "line", "title": "Profil mensuel moyen (m³/mois)", "labels": ["Jan", "Fév", "Mar", "Avr", "Mai", "Jun", "Jul", "Aoû", "Sep", "Oct", "Nov", "Déc"], "values": [6269.6, 4744.7, 5401.3, 3181.0, 2432.2, 2454.1, 5708.5, 4265.6, 2446.6, 9160.6, 2800.5, 1343.7]}]}}, {"type": "Feature", "geometry": {"type": "Point", "coordinates": [-72.616111, 46.441111]}, "properties": {"id": "90469719", "nom": "CARRIÈRES TROIS-RIVIÈRES INC.", "nature": "NATU", "secteur": "autre", "type": "rejet", "charts": [{"type": "bar", "title": "Volume annuel (m³) — CARRIÈRES TROIS-RIVIÈRES INC.", "labels": ["2001", "2002", "2003", "2004", "2005", "2006", "2007", "2008", "2009", "2010", "2011", "2012", "2013", "2014", "2015", "2016", "2017", "2018", "2019", "2020", "2021", "2022", "2023", "2024"], "values": [1375475.0, 1394518.0, 1354972.0, 1280705.0, 1378863.0, 1324391.0, 1308437.0, 1262464.0, 1104753.0, 1168720.0, 1166727.0, 1135133.0, 1088804.0, 1169701.0, 1190239.0, 1191793.0, 1192277.0, 1214657.0, 1178573.0, 1116969.0, 1178243.0, 1204996.0, 1198282.0, 1179238.0]}, {"type": "line", "title": "Profil mensuel moyen (m³/mois)", "labels": ["Jan", "Fév", "Mar", "Avr", "Mai", "Jun", "Jul", "Aoû", "Sep", "Oct", "Nov", "Déc"], "values": [4597.1, 7195.0, 8549.6, 67891.7, 71961.4, 83970.8, 68023.4, 79653.3, 73801.1, 78414.8, 67041.2, 544.9]}]}}, {"type": "Feature", "geometry": {"type": "Point", "coordinates": [-71.1706335891, 46.8228743729]}, "properties": {"id": "52988615", "nom": "Boulangerie Canada Bread, Limitée", "nature": "EGOU", "secteur": "population", "type": "rejet", "charts": [{"type": "bar", "title": "Volume annuel (m³) — Boulangerie Canada Bread, Limitée", "labels": ["2001", "2002", "2003", "2004", "2005", "2006", "2007", "2008", "2009", "2010", "2011", "2012", "2013", "2014", "2015", "2016", "2017", "2018", "2019", "2020", "2021", "2022", "2023", "2024", "2025"], "values": [2525.0, 2492.0, 2515.0, 2504.0, 2550.0, 2598.0, 2605.0, 2614.0, 2627.0, 2675.0, 2656.0, 2685.0, 2654.0, 2648.0, 2652.0, 2657.0, 2645.0, 2653.0, 2632.0, 2681.0, 2714.0, 2729.0, 2763.0, 2821.0, 2822.0]}, {"type": "line", "title": "Profil mensuel moyen (m³/mois)", "labels": ["Jan", "Fév", "Mar", "Avr", "Mai", "Jun", "Jul", "Aoû", "Sep", "Oct", "Nov", "Déc"], "values": [347.8, 379.6, 404.2, 469.5, 550.9, 427.4, 65.3, 0.0, 0.0, 0.0, 0.0, 0.0]}]}}, {"type": "Feature", "geometry": {"type": "Point", "coordinates": [-71.294215871, 46.1104722345]}, "properties": {"id": "25754581", "nom": "E.I. Dupont Canada-Thetford inc.", "nature": "EGOU", "secteur": "population", "type": "rejet", "charts": [{"type": "bar", "title": "Volume annuel (m³) — E.I. Dupont Canada-Thetford inc.", "labels": ["2001", "2002", "2003", "2004", "2005", "2006", "2007", "2008", "2009", "2010", "2011", "2012", "2013", "2014", "2015", "2016", "2017", "2018", "2019", "2020", "2021", "2022", "2023", "2024", "2025"], "values": [2841.0, 2770.0, 2734.0, 2688.0, 2687.0, 2646.0, 2620.0, 2588.0, 2572.0, 2586.0, 2568.0, 2555.0, 2515.0, 2487.0, 2467.0, 2458.0, 2456.0, 2451.0, 2426.0, 2444.0, 2471.0, 2453.0, 2484.0, 2505.0, 2171.0]}, {"type": "line", "title": "Profil mensuel moyen (m³/mois)", "labels": ["Jan", "Fév", "Mar", "Avr", "Mai", "Jun", "Jul", "Aoû", "Sep", "Oct", "Nov", "Déc"], "values": [303.6, 194.3, 220.5, 258.7, 280.8, 255.9, 93.3, 212.6, 232.9, 175.6, 186.6, 144.3]}]}}, {"type": "Feature", "geometry": {"type": "Point", "coordinates": [-74.11285001, 45.26924547]}, "properties": {"id": "26328195", "nom": "NATIONAL SILICATES PARTNERSHIP", "nature": "EGOU", "secteur": "population", "type": "rejet", "charts": [{"type": "bar", "title": "Volume annuel (m³) — NATIONAL SILICATES PARTNERSHIP", "labels": ["2001", "2002", "2003", "2004", "2005", "2006", "2007", "2008", "2009", "2010", "2011", "2012", "2013", "2014", "2015", "2016", "2017", "2018", "2019", "2020", "2021", "2022", "2023", "2024", "2025"], "values": [34569.0, 34144.0, 34127.0, 33741.0, 33865.0, 33532.0, 33386.0, 33097.0, 32858.0, 33001.0, 32977.0, 32863.0, 32630.0, 32530.0, 32543.0, 32445.0, 32418.0, 32362.0, 32303.0, 32746.0, 33407.0, 33667.0, 34301.0, 35076.0, 29344.0]}, {"type": "line", "title": "Profil mensuel moyen (m³/mois)", "labels": ["Jan", "Fév", "Mar", "Avr", "Mai", "Jun", "Jul", "Aoû", "Sep", "Oct", "Nov", "Déc"], "values": [2798.9, 2796.0, 2803.1, 2803.2, 2727.7, 2751.6, 2760.0, 2793.0, 2742.5, 2777.0, 2793.9, 2794.0]}]}}, {"type": "Feature", "geometry": {"type": "Point", "coordinates": [-73.535128, 45.544423]}, "properties": {"id": "X0000247", "nom": "ADM AGRI-INDUSTRIES COMPANY", "nature": "EGOU", "secteur": "population", "type": "rejet", "charts": [{"type": "bar", "title": "Volume annuel (m³) — ADM AGRI-INDUSTRIES COMPANY", "labels": ["2001", "2002", "2003", "2004", "2005", "2006", "2007", "2008", "2009", "2010", "2011", "2012", "2013", "2014", "2015", "2016", "2017", "2018", "2019", "2020", "2021", "2022", "2023", "2024", "2025"], "values": [4302.0, 4279.0, 4276.0, 4223.0, 4266.0, 4217.0, 4182.0, 4150.0, 4145.0, 4182.0, 4183.0, 4200.0, 4174.0, 4177.0, 4174.0, 4178.0, 4193.0, 4258.0, 4271.0, 4288.0, 4200.0, 4191.0, 4303.0, 4452.0, 3837.0]}, {"type": "line", "title": "Profil mensuel moyen (m³/mois)", "labels": ["Jan", "Fév", "Mar", "Avr", "Mai", "Jun", "Jul", "Aoû", "Sep", "Oct", "Nov", "Déc"], "values": [308.0, 284.6, 237.3, 185.4, 246.8, 538.5, 404.0, 571.5, 575.3, 343.6, 357.5, 181.1]}]}}, {"type": "Feature", "geometry": {"type": "Point", "coordinates": [-74.07969052, 45.39085053]}, "properties": {"id": "55008163", "nom": "Amrize Canada Inc.", "nature": "NATU", "secteur": "metaux", "type": "rejet", "charts": [{"type": "bar", "title": "Volume annuel (m³) — Amrize Canada Inc.", "labels": ["2001", "2002", "2003", "2004", "2005", "2006", "2007", "2008", "2009", "2010", "2011", "2012", "2013", "2014", "2015", "2016", "2017", "2018", "2019", "2020", "2021", "2022", "2023", "2024"], "values": [10492.0, 10265.0, 9341.0, 10260.0, 11161.0, 10695.0, 11236.0, 10973.0, 9129.0, 9553.0, 10045.0, 9876.0, 9118.0, 9765.0, 9627.0, 8975.0, 9155.0, 9319.0, 9521.0, 9059.0, 8938.0, 8541.0, 8652.0, 8411.0]}, {"type": "line", "title": "Profil mensuel moyen (m³/mois)", "labels": ["Jan", "Fév", "Mar", "Avr", "Mai", "Jun", "Jul", "Aoû", "Sep", "Oct", "Nov", "Déc"], "values": [342.4, 1452.7, 1213.1, 811.1, 846.2, 459.4, 449.3, 623.2, 717.2, 1261.9, 898.3, 596.2]}]}}, {"type": "Feature", "geometry": {"type": "Point", "coordinates": [-73.4570486111, 45.5773852778]}, "properties": {"id": "13416672", "nom": "DANONE INC.", "nature": "EGOU", "secteur": "population", "type": "rejet", "charts": [{"type": "bar", "title": "Volume annuel (m³) — DANONE INC.", "labels": ["2001", "2002", "2003", "2004", "2005", "2006", "2007", "2008", "2009", "2010", "2011", "2012", "2013", "2014", "2015", "2016", "2017", "2018", "2019", "2020", "2021", "2022", "2023", "2024", "2025"], "values": [844068.0, 842493.0, 852085.0, 854495.0, 869605.0, 868694.0, 870558.0, 866629.0, 866972.0, 876749.0, 880841.0, 881074.0, 869990.0, 867312.0, 870054.0, 871944.0, 863842.0, 866173.0, 857992.0, 856414.0, 848138.0, 839032.0, 836238.0, 835639.0, 672930.0]}, {"type": "line", "title": "Profil mensuel moyen (m³/mois)", "labels": ["Jan", "Fév", "Mar", "Avr", "Mai", "Jun", "Jul", "Aoû", "Sep", "Oct", "Nov", "Déc"], "values": [67898.8, 64427.1, 70708.9, 69342.1, 69406.2, 64315.4, 76779.7, 68926.2, 66669.6, 81620.2, 77524.0, 81959.6]}]}}, {"type": "Feature", "geometry": {"type": "Point", "coordinates": [-72.04546, 46.66887]}, "properties": {"id": "54575196", "nom": "GRAYMONT (PORTNEUF) INC.", "nature": "NATU", "secteur": "chimie", "type": "rejet", "charts": [{"type": "bar", "title": "Volume annuel (m³) — GRAYMONT (PORTNEUF) INC.", "labels": ["2001", "2002", "2003", "2004", "2005", "2006", "2007", "2008", "2009", "2010", "2011", "2012", "2013", "2014", "2015", "2016", "2017", "2018", "2019", "2020", "2021", "2022", "2023", "2024"], "values": [4653366.0, 4651244.0, 4688797.0, 4489624.0, 4479199.0, 4382694.0, 3732606.0, 3458254.0, 3425471.0, 3535213.0, 3354274.0, 3539971.0, 3150947.0, 3215772.0, 3006903.0, 3119467.0, 3189886.0, 3422901.0, 3357263.0, 3351312.0, 3622144.0, 3899696.0, 3927106.0, 3967056.0]}, {"type": "line", "title": "Profil mensuel moyen (m³/mois)", "labels": ["Jan", "Fév", "Mar", "Avr", "Mai", "Jun", "Jul", "Aoû", "Sep", "Oct", "Nov", "Déc"], "values": [208250.9, 33496.8, 71043.5, 185679.2, 23799.6, 194801.1, 103834.5, 228248.8, 43994.9, 35517.9, 53566.3, 62505.0]}]}}, {"type": "Feature", "geometry": {"type": "Point", "coordinates": [-73.753353, 45.579284]}, "properties": {"id": "21253596", "nom": "Santé Bausch, Canada inc.", "nature": "EGOU", "secteur": "population", "type": "rejet", "charts": [{"type": "bar", "title": "Volume annuel (m³) — Santé Bausch, Canada inc.", "labels": ["2001", "2002", "2003", "2004", "2005", "2006", "2007", "2008", "2009", "2010", "2011", "2012", "2013", "2014", "2015", "2016", "2017", "2018", "2019", "2020", "2021", "2022", "2023", "2024", "2025"], "values": [39862.0, 39780.0, 40112.0, 40164.0, 40837.0, 41053.0, 41319.0, 41692.0, 42041.0, 43003.0, 43411.0, 43864.0, 43807.0, 43858.0, 43984.0, 44209.0, 44260.0, 44475.0, 44295.0, 44607.0, 44606.0, 44503.0, 44945.0, 45648.0, 37729.0]}, {"type": "line", "title": "Profil mensuel moyen (m³/mois)", "labels": ["Jan", "Fév", "Mar", "Avr", "Mai", "Jun", "Jul", "Aoû", "Sep", "Oct", "Nov", "Déc"], "values": [3610.6, 3606.7, 3616.1, 3615.9, 3519.3, 3549.0, 3561.0, 3603.0, 3537.4, 3582.7, 3604.7, 3604.7]}]}}, {"type": "Feature", "geometry": {"type": "Point", "coordinates": [-70.3280105556, 46.1833243333]}, "properties": {"id": "54586102", "nom": "Les Produits Forestiers D&G Ltée", "nature": "NATU", "secteur": "bois", "type": "rejet", "charts": [{"type": "bar", "title": "Volume annuel (m³) — Les Produits Forestiers D&G Ltée", "labels": ["2001", "2002", "2003", "2004", "2005", "2006", "2007", "2008", "2009", "2010", "2011", "2012", "2013", "2014", "2015", "2016", "2017", "2018", "2019", "2020", "2021", "2022", "2023", "2024"], "values": [271.0, 295.0, 286.0, 272.0, 299.0, 290.0, 260.0, 246.0, 212.0, 216.0, 210.0, 206.0, 210.0, 216.0, 231.0, 248.0, 238.0, 248.0, 250.0, 221.0, 247.0, 258.0, 234.0, 246.0]}, {"type": "line", "title": "Profil mensuel moyen (m³/mois)", "labels": ["Jan", "Fév", "Mar", "Avr", "Mai", "Jun", "Jul", "Aoû", "Sep", "Oct", "Nov", "Déc"], "values": [8.2, 7.6, 8.2, 5.6, 5.7, 5.5, 5.7, 5.8, 5.5, 8.1, 7.9, 8.2]}]}}, {"type": "Feature", "geometry": {"type": "Point", "coordinates": [-72.945831, 45.364678]}, "properties": {"id": "X1601994", "nom": "OlyM s.e.c.", "nature": "NATU", "secteur": "autre", "type": "rejet", "charts": [{"type": "bar", "title": "Volume annuel (m³) — OlyM s.e.c.", "labels": ["2001", "2002", "2003", "2004", "2005", "2006", "2007", "2008", "2009", "2010", "2011", "2012", "2013", "2014", "2015", "2016", "2017", "2018", "2019", "2020", "2021", "2022", "2023", "2024"], "values": [467041.0, 475372.0, 460965.0, 437052.0, 467747.0, 450492.0, 444929.0, 430117.0, 377045.0, 397734.0, 396870.0, 386038.0, 370795.0, 397975.0, 405060.0, 405111.0, 405455.0, 413601.0, 402434.0, 380342.0, 399670.0, 409499.0, 406909.0, 399860.0]}, {"type": "line", "title": "Profil mensuel moyen (m³/mois)", "labels": ["Jan", "Fév", "Mar", "Avr", "Mai", "Jun", "Jul", "Aoû", "Sep", "Oct", "Nov", "Déc"], "values": [32504.0, 33785.4, 34822.1, 34126.7, 36621.4, 31781.2, 37185.5, 36334.9, 34771.6, 35186.6, 37829.3, 31222.7]}]}}, {"type": "Feature", "geometry": {"type": "Point", "coordinates": [-73.72086, 45.57428]}, "properties": {"id": "90507377", "nom": "Placage Jay Ge ltée", "nature": "EGOU", "secteur": "population", "type": "rejet", "charts": [{"type": "bar", "title": "Volume annuel (m³) — Placage Jay Ge ltée", "labels": ["2001", "2002", "2003", "2004", "2005", "2006", "2007", "2008", "2009", "2010", "2011", "2012", "2013", "2014", "2015", "2016", "2017", "2018", "2019", "2020", "2021", "2022", "2023", "2024", "2025"], "values": [33276.0, 33205.0, 33482.0, 33534.0, 34084.0, 34269.0, 34498.0, 34807.0, 35101.0, 35894.0, 36239.0, 36616.0, 36574.0, 36616.0, 36711.0, 36903.0, 36954.0, 37117.0, 36982.0, 37238.0, 37236.0, 37153.0, 37519.0, 38097.0, 31279.0]}, {"type": "line", "title": "Profil mensuel moyen (m³/mois)", "labels": ["Jan", "Fév", "Mar", "Avr", "Mai", "Jun", "Jul", "Aoû", "Sep", "Oct", "Nov", "Déc"], "values": [3151.2, 3147.8, 3156.0, 2954.3, 2875.4, 2899.6, 2799.9, 2833.0, 2781.4, 3089.2, 3108.1, 3108.2]}]}}, {"type": "Feature", "geometry": {"type": "Point", "coordinates": [-77.973327, 49.131492]}, "properties": {"id": "54785654", "nom": "MINES ABCOURT INC.", "nature": "NATU", "secteur": "mines", "type": "rejet", "charts": [{"type": "bar", "title": "Volume annuel (m³) — MINES ABCOURT INC.", "labels": ["2001", "2002", "2003", "2004", "2005", "2006", "2007", "2008", "2009", "2010", "2011", "2012", "2013", "2014", "2015", "2016", "2017", "2018", "2019", "2020", "2021", "2022", "2023", "2024"], "values": [10.0, 9.0, 10.0, 9.0, 8.0, 8.0, 8.0, 8.0, 8.0, 8.0, 9.0, 9.0, 10.0, 11.0, 12.0, 12.0, 13.0, 14.0, 13.0, 13.0, 13.0, 13.0, 14.0, 14.0]}, {"type": "line", "title": "Profil mensuel moyen (m³/mois)", "labels": ["Jan", "Fév", "Mar", "Avr", "Mai", "Jun", "Jul", "Aoû", "Sep", "Oct", "Nov", "Déc"], "values": [0.8, 0.8, 0.8, 0.7, 0.9, 0.1, 1.4, 0.9, 1.1, 0.9, 1.0, 1.3]}]}}, {"type": "Feature", "geometry": {"type": "Point", "coordinates": [-73.7169795526, 45.4911686536]}, "properties": {"id": "X2076099", "nom": "5N PLUS INC.", "nature": "EGOU", "secteur": "population", "type": "rejet", "charts": [{"type": "bar", "title": "Volume annuel (m³) — 5N PLUS INC.", "labels": ["2001", "2002", "2003", "2004", "2005", "2006", "2007", "2008", "2009", "2010", "2011", "2012", "2013", "2014", "2015", "2016", "2017", "2018", "2019", "2020", "2021", "2022", "2023", "2024", "2025"], "values": [6487.0, 6470.0, 6461.0, 6364.0, 6475.0, 6393.0, 6297.0, 6270.0, 6242.0, 6341.0, 6322.0, 6358.0, 6306.0, 6311.0, 6296.0, 6308.0, 6302.0, 6478.0, 6470.0, 6512.0, 6330.0, 6322.0, 6501.0, 6748.0, 6392.0]}, {"type": "line", "title": "Profil mensuel moyen (m³/mois)", "labels": ["Jan", "Fév", "Mar", "Avr", "Mai", "Jun", "Jul", "Aoû", "Sep", "Oct", "Nov", "Déc"], "values": [146.8, 212.8, 199.8, 160.4, 323.5, 1172.2, 1771.1, 1240.7, 738.8, 164.7, 141.8, 128.4]}]}}, {"type": "Feature", "geometry": {"type": "Point", "coordinates": [-71.661618161, 45.4818229989]}, "properties": {"id": "29520772", "nom": "GRAPHIC PACKAGING INTERNATIONAL CANADA, ULC", "nature": "EGOU", "secteur": "population", "type": "rejet", "charts": [{"type": "bar", "title": "Volume annuel (m³) — GRAPHIC PACKAGING INTERNATIONAL CANADA, ", "labels": ["2001", "2002", "2003", "2004", "2005", "2006", "2007", "2008", "2009", "2010", "2011", "2012", "2013", "2014", "2015", "2016", "2017", "2018", "2019", "2020", "2021", "2022", "2023", "2024", "2025"], "values": [282574.0, 276143.0, 269323.0, 263467.0, 262533.0, 256314.0, 259535.0, 262353.0, 267297.0, 274164.0, 276368.0, 277174.0, 272691.0, 269403.0, 268383.0, 261002.0, 266184.0, 267184.0, 263476.0, 267465.0, 270550.0, 272285.0, 273963.0, 278789.0, 243467.0]}, {"type": "line", "title": "Profil mensuel moyen (m³/mois)", "labels": ["Jan", "Fév", "Mar", "Avr", "Mai", "Jun", "Jul", "Aoû", "Sep", "Oct", "Nov", "Déc"], "values": [11366.1, 10252.9, 11182.9, 10522.7, 11672.3, 10730.8, 12600.4, 12384.2, 11355.2, 12080.5, 9962.2, 10760.4]}]}}, {"type": "Feature", "geometry": {"type": "Point", "coordinates": [-73.4504941921, 46.0072582343]}, "properties": {"id": "X2000526", "nom": "PLASTREC INC.", "nature": "EGOU", "secteur": "population", "type": "rejet", "charts": [{"type": "bar", "title": "Volume annuel (m³) — PLASTREC INC.", "labels": ["2001", "2002", "2003", "2004", "2005", "2006", "2007", "2008", "2009", "2010", "2011", "2012", "2013", "2014", "2015", "2016", "2017", "2018", "2019", "2020", "2021", "2022", "2023", "2024", "2025"], "values": [171251.0, 170318.0, 172068.0, 172355.0, 175230.0, 174492.0, 173187.0, 172197.0, 171614.0, 174833.0, 175125.0, 176945.0, 177938.0, 177958.0, 177644.0, 176297.0, 174945.0, 174236.0, 174393.0, 177750.0, 180466.0, 180004.0, 181604.0, 183633.0, 151215.0]}, {"type": "line", "title": "Profil mensuel moyen (m³/mois)", "labels": ["Jan", "Fév", "Mar", "Avr", "Mai", "Jun", "Jul", "Aoû", "Sep", "Oct", "Nov", "Déc"], "values": [15548.7, 12926.8, 11886.6, 16004.8, 13502.0, 15667.1, 14558.1, 15431.0, 15281.5, 15283.8, 15311.5, 14498.3]}]}}, {"type": "Feature", "geometry": {"type": "Point", "coordinates": [-73.6037681962, 45.5690593251]}, "properties": {"id": "X2129042", "nom": "CANSEW INC.", "nature": "EGOU", "secteur": "population", "type": "rejet", "charts": [{"type": "bar", "title": "Volume annuel (m³) — CANSEW INC.", "labels": ["2001", "2002", "2003", "2004", "2005", "2006", "2007", "2008", "2009", "2010", "2011", "2012", "2013", "2014", "2015", "2016", "2017", "2018", "2019", "2020", "2021", "2022", "2023", "2024", "2025"], "values": [188085.0, 186734.0, 186629.0, 184825.0, 185768.0, 184507.0, 183010.0, 181490.0, 181456.0, 183114.0, 182762.0, 183761.0, 182819.0, 182604.0, 182446.0, 182546.0, 183416.0, 185838.0, 186666.0, 187223.0, 183598.0, 183326.0, 188026.0, 194262.0, 162416.0]}, {"type": "line", "title": "Profil mensuel moyen (m³/mois)", "labels": ["Jan", "Fév", "Mar", "Avr", "Mai", "Jun", "Jul", "Aoû", "Sep", "Oct", "Nov", "Déc"], "values": [14214.7, 16565.8, 16608.4, 17398.4, 17699.6, 14749.5, 9345.5, 17335.9, 15474.5, 17235.9, 16566.8, 11834.0]}]}}, {"type": "Feature", "geometry": {"type": "Point", "coordinates": [-73.5913975337, 45.6203890864]}, "properties": {"id": "90479262", "nom": "METOPOXY INC.", "nature": "EGOU", "secteur": "population", "type": "rejet", "charts": [{"type": "bar", "title": "Volume annuel (m³) — METOPOXY INC.", "labels": ["2001", "2002", "2003", "2004", "2005", "2006", "2007", "2008", "2009", "2010", "2011", "2012", "2013", "2014", "2015", "2016", "2017", "2018", "2019", "2020", "2021", "2022", "2023", "2024", "2025"], "values": [21951.0, 21823.0, 21795.0, 21593.0, 21736.0, 21555.0, 21379.0, 21208.0, 21182.0, 21386.0, 21357.0, 21464.0, 21362.0, 21341.0, 21274.0, 21319.0, 21427.0, 21720.0, 21839.0, 21894.0, 21447.0, 21404.0, 21983.0, 22693.0, 19669.0]}, {"type": "line", "title": "Profil mensuel moyen (m³/mois)", "labels": ["Jan", "Fév", "Mar", "Avr", "Mai", "Jun", "Jul", "Aoû", "Sep", "Oct", "Nov", "Déc"], "values": [2124.0, 1881.2, 1898.5, 1773.6, 1464.1, 2004.0, 1913.9, 2092.7, 1504.9, 2315.7, 1474.0, 1171.2]}]}}, {"type": "Feature", "geometry": {"type": "Point", "coordinates": [-74.1502777778, 45.2003611111]}, "properties": {"id": "11305216", "nom": "Carrière Ali inc.", "nature": "NATU", "secteur": "autre", "type": "rejet", "charts": [{"type": "bar", "title": "Volume annuel (m³) — Carrière Ali inc.", "labels": ["2001", "2002", "2003", "2004", "2005", "2006", "2007", "2008", "2009", "2010", "2011", "2012", "2013", "2014", "2015", "2016", "2017", "2018", "2019", "2020", "2021", "2022", "2023", "2024"], "values": [4541455.0, 4622592.0, 4482660.0, 4249908.0, 4548768.0, 4380328.0, 4327050.0, 4182704.0, 3666999.0, 3866734.0, 3858671.0, 3753356.0, 3605209.0, 3870365.0, 3937687.0, 3938724.0, 3942969.0, 4020821.0, 3913606.0, 3697974.0, 3887058.0, 3980851.0, 3956592.0, 3887342.0]}, {"type": "line", "title": "Profil mensuel moyen (m³/mois)", "labels": ["Jan", "Fév", "Mar", "Avr", "Mai", "Jun", "Jul", "Aoû", "Sep", "Oct", "Nov", "Déc"], "values": [345144.8, 322533.2, 345658.6, 334505.9, 336193.9, 328279.5, 340196.1, 344404.5, 327275.8, 342908.6, 334198.9, 345384.3]}]}}, {"type": "Feature", "geometry": {"type": "Point", "coordinates": [-71.53962, 46.551005]}, "properties": {"id": "90293804", "nom": "GROUPE COLAS QUÉBEC INC.", "nature": "NATU", "secteur": "autre", "type": "rejet", "charts": [{"type": "bar", "title": "Volume annuel (m³) — GROUPE COLAS QUÉBEC INC.", "labels": ["2001", "2002", "2003", "2004", "2005", "2006", "2007", "2008", "2009", "2010", "2011", "2012", "2013", "2014", "2015", "2016", "2017", "2018", "2019", "2020", "2021", "2022", "2023", "2024"], "values": [703447.0, 716063.0, 694393.0, 658310.0, 704625.0, 678508.0, 670260.0, 647943.0, 568054.0, 598914.0, 597694.0, 581338.0, 558405.0, 599510.0, 609941.0, 610073.0, 610777.0, 622782.0, 606198.0, 572809.0, 602092.0, 616592.0, 612869.0, 602134.0]}, {"type": "line", "title": "Profil mensuel moyen (m³/mois)", "labels": ["Jan", "Fév", "Mar", "Avr", "Mai", "Jun", "Jul", "Aoû", "Sep", "Oct", "Nov", "Déc"], "values": [26279.0, 26251.7, 26318.2, 26318.6, 25597.5, 25863.2, 25936.3, 26257.7, 25783.6, 26143.7, 26329.1, 26332.4]}]}}, {"type": "Feature", "geometry": {"type": "Point", "coordinates": [-65.2547022222, 48.0197677778]}, "properties": {"id": "90146184", "nom": "UNIPÊCHE M.D.M. LTÉE", "nature": "NATU", "secteur": "autre", "type": "rejet", "charts": [{"type": "bar", "title": "Volume annuel (m³) — UNIPÊCHE M.D.M. LTÉE", "labels": ["2001", "2002", "2003", "2004", "2005", "2006", "2007", "2008", "2009", "2010", "2011", "2012", "2013", "2014", "2015", "2016", "2017", "2018", "2019", "2020", "2021", "2022", "2023", "2024"], "values": [1127742.0, 1142251.0, 1111257.0, 1046598.0, 1129749.0, 1091600.0, 1069487.0, 1034515.0, 905309.0, 964103.0, 954521.0, 933501.0, 892270.0, 958371.0, 976993.0, 975859.0, 970840.0, 1001771.0, 965934.0, 918030.0, 963502.0, 985208.0, 979075.0, 968870.0]}, {"type": "line", "title": "Profil mensuel moyen (m³/mois)", "labels": ["Jan", "Fév", "Mar", "Avr", "Mai", "Jun", "Jul", "Aoû", "Sep", "Oct", "Nov", "Déc"], "values": [0.0, 0.0, 28672.3, 163477.8, 192849.0, 178439.1, 190062.4, 162372.5, 83435.2, 3498.2, 0.0, 0.0]}]}}, {"type": "Feature", "geometry": {"type": "Point", "coordinates": [-67.28219, 49.42154]}, "properties": {"id": "90523564", "nom": "CRUSTACÉS BAIE-TRINITÉ INC.", "nature": "NATU", "secteur": "autre", "type": "rejet", "charts": [{"type": "bar", "title": "Volume annuel (m³) — CRUSTACÉS BAIE-TRINITÉ INC.", "labels": ["2001", "2002", "2003", "2004", "2005", "2006", "2007", "2008", "2009", "2010", "2011", "2012", "2013", "2014", "2015", "2016", "2017", "2018", "2019", "2020", "2021", "2022", "2023", "2024", "2025"], "values": [44474.0, 44323.0, 43390.0, 41035.0, 43528.0, 43013.0, 41985.0, 40383.0, 35588.0, 38104.0, 37258.0, 36671.0, 35081.0, 37362.0, 38299.0, 37996.0, 37873.0, 38751.0, 37275.0, 35551.0, 37584.0, 38494.0, 38137.0, 37744.0, 591.0]}, {"type": "line", "title": "Profil mensuel moyen (m³/mois)", "labels": ["Jan", "Fév", "Mar", "Avr", "Mai", "Jun", "Jul", "Aoû", "Sep", "Oct", "Nov", "Déc"], "values": [0.0, 0.0, 0.0, 8427.5, 9329.5, 1436.7, 0.0, 0.0, 0.0, 0.0, 0.0, 0.0]}]}}, {"type": "Feature", "geometry": {"type": "Point", "coordinates": [-71.36267618, 46.91984984]}, "properties": {"id": "X2202620", "nom": "Coulombe Québec limitée", "nature": "NATU", "secteur": "autre", "type": "rejet", "charts": [{"type": "bar", "title": "Volume annuel (m³) — Coulombe Québec limitée", "labels": ["2001", "2002", "2003", "2004", "2005", "2006", "2007", "2008", "2009", "2010", "2011", "2012", "2013", "2014", "2015", "2016", "2017", "2018", "2019", "2020", "2021", "2022", "2023", "2024"], "values": [676.0, 692.0, 668.0, 636.0, 674.0, 653.0, 644.0, 626.0, 551.0, 574.0, 576.0, 557.0, 537.0, 577.0, 588.0, 586.0, 587.0, 599.0, 587.0, 554.0, 576.0, 595.0, 587.0, 575.0]}, {"type": "line", "title": "Profil mensuel moyen (m³/mois)", "labels": ["Jan", "Fév", "Mar", "Avr", "Mai", "Jun", "Jul", "Aoû", "Sep", "Oct", "Nov", "Déc"], "values": [0.0, 0.0, 0.0, 0.0, 0.0, 0.0, 0.0, 0.0, 0.0, 0.0, 167.8, 435.3]}]}}, {"type": "Feature", "geometry": {"type": "Point", "coordinates": [-73.257008, 45.844742]}, "properties": {"id": "90512179", "nom": "ArcelorMittal Produits longs Canada s.e.n.c.", "nature": "NATU", "secteur": "mines", "type": "rejet", "charts": [{"type": "bar", "title": "Volume annuel (m³) — ArcelorMittal Produits longs Canada s.e.", "labels": ["2001", "2002", "2003", "2004", "2005", "2006", "2007", "2008", "2009", "2010", "2011", "2012", "2013", "2014", "2015", "2016", "2017", "2018", "2019", "2020", "2021", "2022", "2023", "2024"], "values": [9545943.0, 9091811.0, 9737783.0, 8351343.0, 7649547.0, 7522873.0, 7886907.0, 8094121.0, 7767826.0, 8075782.0, 8716614.0, 8631372.0, 9574311.0, 11068677.0, 11936732.0, 11976234.0, 12734731.0, 13394573.0, 13015855.0, 12521414.0, 13223194.0, 12703090.0, 13317868.0, 13893599.0]}, {"type": "line", "title": "Profil mensuel moyen (m³/mois)", "labels": ["Jan", "Fév", "Mar", "Avr", "Mai", "Jun", "Jul", "Aoû", "Sep", "Oct", "Nov", "Déc"], "values": [567411.6, 530793.0, 438721.6, 380781.1, 365931.4, 366525.8, 482836.1, 447328.6, 435774.7, 353250.5, 374713.6, 473269.5]}]}}, {"type": "Feature", "geometry": {"type": "Point", "coordinates": [-73.909143, 45.429241]}, "properties": {"id": "X0600332", "nom": "G PRODUCTION INC.", "nature": "EGOU", "secteur": "population", "type": "rejet", "charts": [{"type": "bar", "title": "Volume annuel (m³) — G PRODUCTION INC.", "labels": ["2001", "2002", "2003", "2004", "2005", "2006", "2007", "2008", "2009", "2010", "2011", "2012", "2013", "2014", "2015", "2016", "2017", "2018", "2019", "2020", "2021", "2022", "2023", "2024", "2025"], "values": [115722.0, 114062.0, 113287.0, 113477.0, 114139.0, 113825.0, 112967.0, 110754.0, 110990.0, 109807.0, 108479.0, 109295.0, 106062.0, 105245.0, 104799.0, 104821.0, 103744.0, 103378.0, 101514.0, 102372.0, 100545.0, 98842.0, 98272.0, 97805.0, 83321.0]}, {"type": "line", "title": "Profil mensuel moyen (m³/mois)", "labels": ["Jan", "Fév", "Mar", "Avr", "Mai", "Jun", "Jul", "Aoû", "Sep", "Oct", "Nov", "Déc"], "values": [8558.6, 7980.8, 8769.1, 8930.0, 9342.0, 16003.8, 11564.3, 6307.1, 7551.4, 7674.4, 7308.5, 6878.6]}]}}, {"type": "Feature", "geometry": {"type": "Point", "coordinates": [-72.463712, 45.1322703]}, "properties": {"id": "19299478", "nom": "Albany international Canada corp. ", "nature": "EGOU", "secteur": "population", "type": "rejet", "charts": [{"type": "bar", "title": "Volume annuel (m³) — Albany international Canada corp. ", "labels": ["2001", "2002", "2003", "2004", "2005", "2006", "2007", "2008", "2009", "2010", "2011", "2012", "2013", "2014", "2015", "2016", "2017", "2018", "2019", "2020", "2021", "2022", "2023", "2024", "2025"], "values": [27075.0, 27087.0, 27774.0, 26879.0, 26558.0, 26370.0, 25948.0, 25595.0, 25779.0, 26301.0, 26721.0, 26123.0, 25628.0, 25643.0, 25605.0, 25841.0, 25961.0, 26092.0, 25204.0, 26206.0, 27328.0, 27567.0, 29000.0, 29112.0, 25035.0]}, {"type": "line", "title": "Profil mensuel moyen (m³/mois)", "labels": ["Jan", "Fév", "Mar", "Avr", "Mai", "Jun", "Jul", "Aoû", "Sep", "Oct", "Nov", "Déc"], "values": [2119.5, 1736.5, 1927.7, 1864.9, 1391.2, 2733.2, 3095.6, 2595.7, 2988.5, 2581.0, 1863.7, 1744.2]}]}}, {"type": "Feature", "geometry": {"type": "Point", "coordinates": [-64.41389, 48.41028]}, "properties": {"id": "X1101253", "nom": "Lelièvre Lelièvre et Lemoignan ltée", "nature": "NATU", "secteur": "autre", "type": "rejet", "charts": [{"type": "bar", "title": "Volume annuel (m³) — Lelièvre Lelièvre et Lemoignan ltée", "labels": ["2001", "2002", "2003", "2004", "2005", "2006", "2007", "2008", "2009", "2010", "2011", "2012", "2013", "2014", "2015", "2016", "2017", "2018", "2019", "2020", "2021", "2022", "2023", "2024"], "values": [126062.0, 127032.0, 124005.0, 116483.0, 126344.0, 121204.0, 119440.0, 114835.0, 100579.0, 106821.0, 106473.0, 103969.0, 99267.0, 106983.0, 108891.0, 108955.0, 108616.0, 111198.0, 107261.0, 102062.0, 107670.0, 110013.0, 109306.0, 108257.0]}, {"type": "line", "title": "Profil mensuel moyen (m³/mois)", "labels": ["Jan", "Fév", "Mar", "Avr", "Mai", "Jun", "Jul", "Aoû", "Sep", "Oct", "Nov", "Déc"], "values": [0.0, 0.0, 0.0, 0.0, 21855.8, 26979.0, 14825.6, 19859.3, 17586.6, 10632.2, 0.0, 0.0]}]}}, {"type": "Feature", "geometry": {"type": "Point", "coordinates": [-74.104577, 45.965743]}, "properties": {"id": "90461765", "nom": "Amrize Canada Inc.", "nature": "NATU", "secteur": "metaux", "type": "rejet", "charts": [{"type": "bar", "title": "Volume annuel (m³) — Amrize Canada Inc.", "labels": ["2001", "2002", "2003", "2004", "2005", "2006", "2007", "2008", "2009", "2010", "2011", "2012", "2013", "2014", "2015", "2016", "2017", "2018", "2019", "2020", "2021", "2022", "2023", "2024"], "values": [324486.0, 315058.0, 287800.0, 314446.0, 343902.0, 329285.0, 345569.0, 336382.0, 279954.0, 294089.0, 309318.0, 304370.0, 280279.0, 300616.0, 297513.0, 277005.0, 281330.0, 287136.0, 291491.0, 278769.0, 275381.0, 263859.0, 266065.0, 260178.0]}, {"type": "line", "title": "Profil mensuel moyen (m³/mois)", "labels": ["Jan", "Fév", "Mar", "Avr", "Mai", "Jun", "Jul", "Aoû", "Sep", "Oct", "Nov", "Déc"], "values": [0.0, 0.0, 0.0, 0.0, 56346.0, 27282.3, 14775.7, 40984.7, 38062.8, 41914.2, 40662.2, 37650.3]}]}}, {"type": "Feature", "geometry": {"type": "Point", "coordinates": [-71.960229, 45.483809]}, "properties": {"id": "51615177", "nom": "KRUGER ÉNERGIE BROMPTONVILLE S.E.C.", "nature": "NATU", "secteur": "papier", "type": "rejet", "charts": [{"type": "bar", "title": "Volume annuel (m³) — KRUGER ÉNERGIE BROMPTONVILLE S.E.C.", "labels": ["2001", "2002", "2003", "2004", "2005", "2006", "2007", "2008", "2009", "2010", "2011", "2012", "2013", "2014", "2015", "2016", "2017", "2018", "2019", "2020", "2021", "2022", "2023", "2024"], "values": [5420927.0, 5557737.0, 5232861.0, 4552329.0, 5289465.0, 4866451.0, 4794995.0, 4380100.0, 3319046.0, 3697009.0, 3547592.0, 3199391.0, 2813209.0, 3202042.0, 3201708.0, 3094581.0, 2903081.0, 2823137.0, 2444467.0, 2151798.0, 2213246.0, 2397807.0, 2549665.0, 2212005.0]}, {"type": "line", "title": "Profil mensuel moyen (m³/mois)", "labels": ["Jan", "Fév", "Mar", "Avr", "Mai", "Jun", "Jul", "Aoû", "Sep", "Oct", "Nov", "Déc"], "values": [284535.0, 255880.6, 288930.9, 272403.2, 257430.3, 289211.4, 284251.3, 327969.9, 299783.1, 323748.1, 337796.9, 355753.2]}]}}, {"type": "Feature", "geometry": {"type": "Point", "coordinates": [-70.6151129, 46.45530969]}, "properties": {"id": "90284548", "nom": "PAVAGES ABENAKIS LTEE", "nature": "NATU", "secteur": "autre", "type": "rejet", "charts": [{"type": "bar", "title": "Volume annuel (m³) — PAVAGES ABENAKIS LTEE", "labels": ["2001", "2002", "2003", "2004", "2005", "2006", "2007", "2008", "2009", "2010", "2011", "2012", "2013", "2014", "2015", "2016", "2017", "2018", "2019", "2020", "2021", "2022", "2023", "2024"], "values": [158347.0, 160521.0, 155892.0, 147505.0, 158802.0, 151506.0, 150594.0, 144403.0, 126456.0, 134244.0, 134486.0, 130663.0, 125341.0, 134504.0, 137378.0, 137598.0, 137661.0, 139887.0, 135377.0, 127919.0, 135765.0, 138830.0, 138378.0, 136080.0]}, {"type": "line", "title": "Profil mensuel moyen (m³/mois)", "labels": ["Jan", "Fév", "Mar", "Avr", "Mai", "Jun", "Jul", "Aoû", "Sep", "Oct", "Nov", "Déc"], "values": [0.0, 0.0, 0.0, 0.0, 20841.9, 9346.7, 18746.7, 28467.9, 30284.0, 33068.3, 0.0, 0.0]}]}}, {"type": "Feature", "geometry": {"type": "Point", "coordinates": [-71.9179166667, 48.3094888889]}, "properties": {"id": "52176989", "nom": "RIO TINTO ALCAN INC.", "nature": "NATU", "secteur": "mines", "type": "rejet", "charts": [{"type": "bar", "title": "Volume annuel (m³) — RIO TINTO ALCAN INC.", "labels": ["2001", "2002", "2003", "2004", "2005", "2006", "2007", "2008", "2009", "2010", "2011", "2012", "2013", "2014", "2015", "2016", "2017", "2018", "2019", "2020", "2021", "2022", "2023", "2024"], "values": [216.0, 205.0, 220.0, 188.0, 173.0, 170.0, 178.0, 183.0, 175.0, 182.0, 197.0, 195.0, 216.0, 250.0, 269.0, 270.0, 287.0, 302.0, 293.0, 282.0, 299.0, 287.0, 300.0, 314.0]}, {"type": "line", "title": "Profil mensuel moyen (m³/mois)", "labels": ["Jan", "Fév", "Mar", "Avr", "Mai", "Jun", "Jul", "Aoû", "Sep", "Oct", "Nov", "Déc"], "values": [12.6, 9.9, 14.7, 19.0, 17.2, 28.5, 15.1, 30.3, 27.4, 20.1, 27.3, 13.5]}]}}, {"type": "Feature", "geometry": {"type": "Point", "coordinates": [-73.940517, 45.878867]}, "properties": {"id": "X2007692", "nom": "BAU-VAL INC.", "nature": "NATU", "secteur": "autre", "type": "rejet", "charts": [{"type": "bar", "title": "Volume annuel (m³) — BAU-VAL INC.", "labels": ["2001", "2002", "2003", "2004", "2005", "2006", "2007", "2008", "2009", "2010", "2011", "2012", "2013", "2014", "2015", "2016", "2017", "2018", "2019", "2020", "2021", "2022", "2023", "2024"], "values": [493786.0, 502200.0, 486846.0, 461878.0, 494043.0, 475396.0, 470333.0, 454344.0, 398599.0, 419969.0, 419261.0, 407986.0, 391871.0, 420627.0, 427674.0, 428195.0, 428578.0, 436604.0, 425326.0, 401530.0, 423034.0, 432942.0, 429744.0, 421969.0]}, {"type": "line", "title": "Profil mensuel moyen (m³/mois)", "labels": ["Jan", "Fév", "Mar", "Avr", "Mai", "Jun", "Jul", "Aoû", "Sep", "Oct", "Nov", "Déc"], "values": [26024.8, 30258.6, 44660.9, 36320.8, 34028.9, 29216.8, 27292.4, 47805.3, 26356.3, 49098.4, 40206.0, 48428.0]}]}}, {"type": "Feature", "geometry": {"type": "Point", "coordinates": [-71.4417096802, 46.8861430258]}, "properties": {"id": "54757646", "nom": "INTER-CITÉ USINAGE INC.", "nature": "NATU", "secteur": "autre", "type": "rejet", "charts": [{"type": "bar", "title": "Volume annuel (m³) — INTER-CITÉ USINAGE INC.", "labels": ["2001", "2002", "2003", "2004", "2005", "2006", "2007", "2008", "2009", "2010", "2011", "2012", "2013", "2014", "2015", "2016", "2017", "2018", "2019", "2020", "2021", "2022", "2023", "2024"], "values": [489857.0, 498955.0, 483629.0, 459155.0, 491910.0, 470155.0, 468210.0, 450931.0, 394633.0, 414959.0, 417116.0, 403897.0, 388640.0, 417126.0, 424920.0, 425519.0, 428637.0, 431244.0, 420836.0, 396848.0, 421206.0, 430037.0, 429682.0, 419828.0]}, {"type": "line", "title": "Profil mensuel moyen (m³/mois)", "labels": ["Jan", "Fév", "Mar", "Avr", "Mai", "Jun", "Jul", "Aoû", "Sep", "Oct", "Nov", "Déc"], "values": [0.0, 0.0, 38984.6, 54927.9, 15888.7, 28991.2, 16520.1, 31253.4, 87957.6, 97733.3, 64323.6, 0.0]}]}}, {"type": "Feature", "geometry": {"type": "Point", "coordinates": [-72.9938134355, 45.6289254516]}, "properties": {"id": "X2138592", "nom": "HERSHEY CANADA INC.", "nature": "EGOU", "secteur": "population", "type": "rejet", "charts": [{"type": "bar", "title": "Volume annuel (m³) — HERSHEY CANADA INC.", "labels": ["2001", "2002", "2003", "2004", "2005", "2006", "2007", "2008", "2009", "2010", "2011", "2012", "2013", "2014", "2015", "2016", "2017", "2018", "2019", "2020", "2021", "2022", "2023", "2024", "2025"], "values": [20458.0, 20252.0, 20228.0, 20027.0, 20209.0, 20056.0, 20068.0, 20018.0, 19867.0, 20154.0, 20109.0, 20246.0, 20184.0, 20226.0, 20238.0, 20316.0, 20266.0, 20171.0, 20054.0, 20250.0, 20406.0, 20539.0, 20859.0, 21122.0, 17509.0]}, {"type": "line", "title": "Profil mensuel moyen (m³/mois)", "labels": ["Jan", "Fév", "Mar", "Avr", "Mai", "Jun", "Jul", "Aoû", "Sep", "Oct", "Nov", "Déc"], "values": [1879.7, 1680.6, 1309.0, 1739.1, 1576.5, 1715.6, 1712.5, 1685.6, 1681.6, 1989.9, 1782.6, 1533.3]}]}}, {"type": "Feature", "geometry": {"type": "Point", "coordinates": [-74.000468, 45.783333]}, "properties": {"id": "X2132881", "nom": "Présentoir Filotech inc.", "nature": "EGOU", "secteur": "population", "type": "rejet", "charts": [{"type": "bar", "title": "Volume annuel (m³) — Présentoir Filotech inc.", "labels": ["2001", "2002", "2003", "2004", "2005", "2006", "2007", "2008", "2009", "2010", "2011", "2012", "2013", "2014", "2015", "2016", "2017", "2018", "2019", "2020", "2021", "2022", "2023", "2024", "2025"], "values": [13417.0, 13298.0, 13470.0, 13595.0, 13839.0, 13792.0, 13944.0, 13978.0, 14073.0, 14329.0, 14396.0, 14540.0, 14591.0, 14734.0, 14904.0, 15118.0, 15277.0, 15393.0, 15413.0, 15622.0, 15986.0, 16008.0, 16125.0, 16392.0, 13181.0]}, {"type": "line", "title": "Profil mensuel moyen (m³/mois)", "labels": ["Jan", "Fév", "Mar", "Avr", "Mai", "Jun", "Jul", "Aoû", "Sep", "Oct", "Nov", "Déc"], "values": [931.8, 1086.4, 1089.2, 1089.1, 1110.4, 967.6, 820.8, 1566.9, 1538.5, 1713.6, 1642.5, 1172.6]}]}}, {"type": "Feature", "geometry": {"type": "Point", "coordinates": [-71.9771664966, 46.0513332909]}, "properties": {"id": "90211335", "nom": "Laboratoires Abbott cie", "nature": "EGOU", "secteur": "population", "type": "rejet", "charts": [{"type": "bar", "title": "Volume annuel (m³) — Laboratoires Abbott cie", "labels": ["2001", "2002", "2003", "2004", "2005", "2006", "2007", "2008", "2009", "2010", "2011", "2012", "2013", "2014", "2015", "2016", "2017", "2018", "2019", "2020", "2021", "2022", "2023", "2024", "2025"], "values": [644919.0, 639090.0, 643378.0, 638071.0, 644473.0, 643951.0, 648368.0, 650899.0, 652794.0, 664286.0, 671700.0, 679848.0, 678911.0, 683897.0, 684026.0, 687523.0, 686769.0, 690932.0, 685672.0, 689865.0, 694733.0, 694245.0, 699000.0, 708605.0, 582236.0]}, {"type": "line", "title": "Profil mensuel moyen (m³/mois)", "labels": ["Jan", "Fév", "Mar", "Avr", "Mai", "Jun", "Jul", "Aoû", "Sep", "Oct", "Nov", "Déc"], "values": [53629.8, 49095.9, 55003.1, 51774.1, 54167.1, 56526.7, 59822.1, 59183.3, 59010.0, 59800.0, 57957.2, 56121.5]}]}}, {"type": "Feature", "geometry": {"type": "Point", "coordinates": [-71.6999861111, 48.5796555556]}, "properties": {"id": "90531120", "nom": "RIO TINTO ALCAN INC.", "nature": "NATU", "secteur": "mines", "type": "rejet", "charts": [{"type": "bar", "title": "Volume annuel (m³) — RIO TINTO ALCAN INC.", "labels": ["2001", "2002", "2003", "2004", "2005", "2006", "2007", "2008", "2009", "2010", "2011", "2012", "2013", "2014", "2015", "2016", "2017", "2018", "2019", "2020", "2021", "2022", "2023", "2024"], "values": [440.0, 418.0, 448.0, 384.0, 353.0, 347.0, 363.0, 373.0, 357.0, 372.0, 401.0, 398.0, 441.0, 510.0, 548.0, 551.0, 585.0, 617.0, 599.0, 578.0, 609.0, 585.0, 613.0, 640.0]}, {"type": "line", "title": "Profil mensuel moyen (m³/mois)", "labels": ["Jan", "Fév", "Mar", "Avr", "Mai", "Jun", "Jul", "Aoû", "Sep", "Oct", "Nov", "Déc"], "values": [18.3, 22.1, 33.7, 36.6, 32.8, 60.2, 74.5, 43.4, 27.6, 34.3, 51.9, 45.1]}]}}, {"type": "Feature", "geometry": {"type": "Point", "coordinates": [-72.51788, 45.88482]}, "properties": {"id": "55491351", "nom": "SIEMENS CANADA LIMITÉE", "nature": "EGOU", "secteur": "population", "type": "rejet", "charts": [{"type": "bar", "title": "Volume annuel (m³) — SIEMENS CANADA LIMITÉE", "labels": ["2001", "2002", "2003", "2004", "2005", "2006", "2007", "2008", "2009", "2010", "2011", "2012", "2013", "2014", "2015", "2016", "2017", "2018", "2019", "2020", "2021", "2022", "2023", "2024", "2025"], "values": [51.0, 50.0, 51.0, 51.0, 52.0, 52.0, 52.0, 52.0, 52.0, 53.0, 54.0, 54.0, 54.0, 54.0, 54.0, 54.0, 55.0, 55.0, 54.0, 55.0, 56.0, 56.0, 57.0, 58.0, 49.0]}, {"type": "line", "title": "Profil mensuel moyen (m³/mois)", "labels": ["Jan", "Fév", "Mar", "Avr", "Mai", "Jun", "Jul", "Aoû", "Sep", "Oct", "Nov", "Déc"], "values": [4.0, 4.3, 4.3, 5.5, 5.4, 4.5, 3.9, 4.4, 4.9, 4.5, 4.4, 3.6]}]}}, {"type": "Feature", "geometry": {"type": "Point", "coordinates": [-73.8843066232, 45.6623996193]}, "properties": {"id": "90280397", "nom": "Les Brasseurs du Nord inc.", "nature": "EGOU", "secteur": "population", "type": "rejet", "charts": [{"type": "bar", "title": "Volume annuel (m³) — Les Brasseurs du Nord inc.", "labels": ["2001", "2002", "2003", "2004", "2005", "2006", "2007", "2008", "2009", "2010", "2011", "2012", "2013", "2014", "2015", "2016", "2017", "2018", "2019", "2020", "2021", "2022", "2023", "2024", "2025"], "values": [33198.0, 34402.0, 36166.0, 37778.0, 39705.0, 40925.0, 42122.0, 42617.0, 43470.0, 44801.0, 45446.0, 46101.0, 45953.0, 46030.0, 46052.0, 46959.0, 47449.0, 47634.0, 47440.0, 47848.0, 48061.0, 47941.0, 48096.0, 48216.0, 39395.0]}, {"type": "line", "title": "Profil mensuel moyen (m³/mois)", "labels": ["Jan", "Fév", "Mar", "Avr", "Mai", "Jun", "Jul", "Aoû", "Sep", "Oct", "Nov", "Déc"], "values": [3466.6, 3128.1, 3472.1, 3360.2, 3822.2, 3729.5, 3867.8, 3912.2, 3717.1, 3891.1, 3783.7, 3909.4]}]}}, {"type": "Feature", "geometry": {"type": "Point", "coordinates": [-71.1355078609, 48.3078006112]}, "properties": {"id": "53998084", "nom": "RIO TINTO ALCAN INC.", "nature": "NATU", "secteur": "mines", "type": "rejet", "charts": [{"type": "bar", "title": "Volume annuel (m³) — RIO TINTO ALCAN INC.", "labels": ["2001", "2002", "2003", "2004", "2005", "2006", "2007", "2008", "2009", "2010", "2011", "2012", "2013", "2014", "2015", "2016", "2017", "2018", "2019", "2020", "2021", "2022", "2023", "2024"], "values": [227.0, 216.0, 231.0, 198.0, 182.0, 179.0, 187.0, 192.0, 184.0, 191.0, 207.0, 205.0, 227.0, 263.0, 283.0, 285.0, 303.0, 318.0, 309.0, 297.0, 315.0, 302.0, 317.0, 330.0]}, {"type": "line", "title": "Profil mensuel moyen (m³/mois)", "labels": ["Jan", "Fév", "Mar", "Avr", "Mai", "Jun", "Jul", "Aoû", "Sep", "Oct", "Nov", "Déc"], "values": [10.3, 12.5, 17.8, 12.5, 14.4, 30.8, 25.6, 27.6, 26.5, 26.8, 26.6, 16.4]}]}}, {"type": "Feature", "geometry": {"type": "Point", "coordinates": [-72.533282, 45.89645]}, "properties": {"id": "X0000020", "nom": "Soucy International inc.", "nature": "EGOU", "secteur": "population", "type": "rejet", "charts": [{"type": "bar", "title": "Volume annuel (m³) — Soucy International inc.", "labels": ["2001", "2002", "2003", "2004", "2005", "2006", "2007", "2008", "2009", "2010", "2011", "2012", "2013", "2014", "2015", "2016", "2017", "2018", "2019", "2020", "2021", "2022", "2023", "2024", "2025"], "values": [27487.0, 27322.0, 27633.0, 27663.0, 28197.0, 28159.0, 28164.0, 28341.0, 28466.0, 28950.0, 29145.0, 29324.0, 29230.0, 29265.0, 29405.0, 29571.0, 29727.0, 29782.0, 29601.0, 29944.0, 30402.0, 30588.0, 31166.0, 31698.0, 26166.0]}, {"type": "line", "title": "Profil mensuel moyen (m³/mois)", "labels": ["Jan", "Fév", "Mar", "Avr", "Mai", "Jun", "Jul", "Aoû", "Sep", "Oct", "Nov", "Déc"], "values": [2510.1, 2325.7, 2409.8, 2360.4, 2378.8, 2375.3, 2467.4, 2502.1, 2363.0, 2504.6, 2460.5, 2558.8]}]}}, {"type": "Feature", "geometry": {"type": "Point", "coordinates": [-74.682448, 45.764235]}, "properties": {"id": "X1501500", "nom": "Les sources Véo inc.", "nature": "NATU", "secteur": "autre", "type": "rejet", "charts": [{"type": "bar", "title": "Volume annuel (m³) — Les sources Véo inc.", "labels": ["2001", "2002", "2003", "2004", "2005", "2006", "2007", "2008", "2009", "2010", "2011", "2012", "2013", "2014", "2015", "2016", "2017", "2018", "2019", "2020", "2021", "2022", "2023", "2024"], "values": [156612.0, 159281.0, 154547.0, 146373.0, 156908.0, 150974.0, 149122.0, 144064.0, 126307.0, 133275.0, 132982.0, 129406.0, 124213.0, 133418.0, 135740.0, 135785.0, 135856.0, 138637.0, 134809.0, 127440.0, 134038.0, 137197.0, 136370.0, 134096.0]}, {"type": "line", "title": "Profil mensuel moyen (m³/mois)", "labels": ["Jan", "Fév", "Mar", "Avr", "Mai", "Jun", "Jul", "Aoû", "Sep", "Oct", "Nov", "Déc"], "values": [9243.9, 11224.9, 10536.7, 10046.4, 12661.9, 13650.4, 12537.9, 14123.7, 12438.6, 11931.9, 9001.6, 12079.3]}]}}, {"type": "Feature", "geometry": {"type": "Point", "coordinates": [-71.1770555556, 46.8876944444]}, "properties": {"id": "X0300795", "nom": "CARRIÈRES QUÉBEC INC.", "nature": "EGOU", "secteur": "population", "type": "rejet", "charts": [{"type": "bar", "title": "Volume annuel (m³) — CARRIÈRES QUÉBEC INC.", "labels": ["2001", "2002", "2003", "2004", "2005", "2006", "2007", "2008", "2009", "2010", "2011", "2012", "2013", "2014", "2015", "2016", "2017", "2018", "2019", "2020", "2021", "2022", "2023", "2024", "2025"], "values": [187107.0, 182030.0, 184039.0, 180935.0, 183807.0, 184637.0, 183892.0, 182894.0, 183481.0, 187450.0, 187054.0, 188952.0, 186454.0, 186758.0, 187121.0, 186805.0, 185958.0, 186331.0, 183963.0, 187256.0, 188213.0, 189144.0, 191782.0, 198055.0, 174404.0]}, {"type": "line", "title": "Profil mensuel moyen (m³/mois)", "labels": ["Jan", "Fév", "Mar", "Avr", "Mai", "Jun", "Jul", "Aoû", "Sep", "Oct", "Nov", "Déc"], "values": [0.0, 0.0, 0.0, 10324.7, 60772.6, 45617.9, 1178.8, 17506.3, 20025.6, 10962.5, 6360.0, 14007.2]}]}}, {"type": "Feature", "geometry": {"type": "Point", "coordinates": [-73.572201, 45.611516]}, "properties": {"id": "X2153200", "nom": "OLYMEL S.E.C.", "nature": "EGOU", "secteur": "population", "type": "rejet", "charts": [{"type": "bar", "title": "Volume annuel (m³) — OLYMEL S.E.C.", "labels": ["2001", "2002", "2003", "2004", "2005", "2006", "2007", "2008", "2009", "2010", "2011", "2012", "2013", "2014", "2015", "2016", "2017", "2018", "2019", "2020", "2021", "2022", "2023", "2024", "2025"], "values": [13709.0, 13604.0, 13622.0, 13429.0, 13603.0, 13472.0, 13330.0, 13232.0, 13213.0, 13328.0, 13305.0, 13386.0, 13288.0, 13321.0, 13262.0, 13282.0, 13340.0, 13548.0, 13596.0, 13670.0, 13386.0, 13323.0, 13696.0, 14181.0, 12615.0]}, {"type": "line", "title": "Profil mensuel moyen (m³/mois)", "labels": ["Jan", "Fév", "Mar", "Avr", "Mai", "Jun", "Jul", "Aoû", "Sep", "Oct", "Nov", "Déc"], "values": [827.9, 1250.6, 881.1, 1064.5, 841.4, 2775.4, 1137.2, 1359.4, 1290.6, 700.5, 577.0, 778.3]}]}}, {"type": "Feature", "geometry": {"type": "Point", "coordinates": [-71.244092, 46.834142]}, "properties": {"id": "X0300921", "nom": "AGROPUR COOPÉRATIVE", "nature": "EGOU", "secteur": "population", "type": "rejet", "charts": [{"type": "bar", "title": "Volume annuel (m³) — AGROPUR COOPÉRATIVE", "labels": ["2001", "2002", "2003", "2004", "2005", "2006", "2007", "2008", "2009", "2010", "2011", "2012", "2013", "2014", "2015", "2016", "2017", "2018", "2019", "2020", "2021", "2022", "2023", "2024", "2025"], "values": [316206.0, 313542.0, 313469.0, 311315.0, 313472.0, 312902.0, 313073.0, 313704.0, 314152.0, 318862.0, 319895.0, 320738.0, 318671.0, 317932.0, 318038.0, 318289.0, 318021.0, 318547.0, 317542.0, 319983.0, 320041.0, 321829.0, 327858.0, 335053.0, 280345.0]}, {"type": "line", "title": "Profil mensuel moyen (m³/mois)", "labels": ["Jan", "Fév", "Mar", "Avr", "Mai", "Jun", "Jul", "Aoû", "Sep", "Oct", "Nov", "Déc"], "values": [26612.5, 26209.3, 27553.8, 26987.8, 29079.0, 21200.4, 28462.2, 27663.9, 26305.4, 28288.2, 24287.5, 25896.5]}]}}, {"type": "Feature", "geometry": {"type": "Point", "coordinates": [-72.77388, 45.44563]}, "properties": {"id": "NULL", "nom": "Groupe AllaireGince infrastructures inc.", "nature": "NATU", "secteur": "autre", "type": "rejet", "charts": [{"type": "bar", "title": "Volume annuel (m³) — Groupe AllaireGince infrastructures inc.", "labels": ["2001", "2002", "2003", "2004", "2005", "2006", "2007", "2008", "2009", "2010", "2011", "2012", "2013", "2014", "2015", "2016", "2017", "2018", "2019", "2020", "2021", "2022", "2023", "2024", "2025"], "values": [86370514.0, 82380575.0, 86369124.0, 76540394.0, 73568602.0, 72186547.0, 74141736.0, 74557290.0, 69880233.0, 73135512.0, 77432808.0, 76992118.0, 81963748.0, 93345086.0, 98786049.0, 98832774.0, 104010934.0, 108871053.0, 105728285.0, 102362026.0, 107777005.0, 104395570.0, 108429779.0, 112634851.0, 821939.0]}, {"type": "line", "title": "Profil mensuel moyen (m³/mois)", "labels": ["Jan", "Fév", "Mar", "Avr", "Mai", "Jun", "Jul", "Aoû", "Sep", "Oct", "Nov", "Déc"], "values": [34211.2, 29581.3, 43257.6, 73553.2, 189613.5, 206594.0, 88832.5, 72979.4, 51887.7, 86852.3, 76720.4, 49294.8]}]}}, {"type": "Feature", "geometry": {"type": "Point", "coordinates": [-72.60863, 49.124578]}, "properties": {"id": "53087508", "nom": "PF RÉSOLU CANADA INC.", "nature": "NATU", "secteur": "papier", "type": "rejet", "charts": [{"type": "bar", "title": "Volume annuel (m³) — PF RÉSOLU CANADA INC.", "labels": ["2001", "2002", "2003", "2004", "2005", "2006", "2007", "2008", "2009", "2010", "2011", "2012", "2013", "2014", "2015", "2016", "2017", "2018", "2019", "2020", "2021", "2022", "2023", "2024"], "values": [45024.0, 46120.0, 43478.0, 37775.0, 43900.0, 40480.0, 39806.0, 36351.0, 27534.0, 30746.0, 29457.0, 26576.0, 23353.0, 26570.0, 26650.0, 25696.0, 24101.0, 23462.0, 20255.0, 17860.0, 18351.0, 19901.0, 21188.0, 18411.0]}, {"type": "line", "title": "Profil mensuel moyen (m³/mois)", "labels": ["Jan", "Fév", "Mar", "Avr", "Mai", "Jun", "Jul", "Aoû", "Sep", "Oct", "Nov", "Déc"], "values": [2050.4, 1968.5, 1841.2, 2949.4, 3604.4, 2595.8, 2720.3, 2019.5, 3845.1, 1760.2, 2393.3, 1962.2]}]}}, {"type": "Feature", "geometry": {"type": "Point", "coordinates": [-74.043217079, 45.3986521142]}, "properties": {"id": "29597440", "nom": "CASCADES CANADA ULC", "nature": "EGOU", "secteur": "population", "type": "rejet", "charts": [{"type": "bar", "title": "Volume annuel (m³) — CASCADES CANADA ULC", "labels": ["2001", "2002", "2003", "2004", "2005", "2006", "2007", "2008", "2009", "2010", "2011", "2012", "2013", "2014", "2015", "2016", "2017", "2018", "2019", "2020", "2021", "2022", "2023", "2024", "2025"], "values": [1833.0, 1884.0, 1952.0, 2031.0, 2148.0, 2285.0, 2391.0, 2496.0, 2588.0, 2715.0, 2853.0, 2960.0, 3043.0, 3076.0, 3099.0, 3135.0, 3189.0, 3260.0, 3307.0, 3410.0, 3480.0, 3509.0, 3574.0, 3616.0, 3002.0]}, {"type": "line", "title": "Profil mensuel moyen (m³/mois)", "labels": ["Jan", "Fév", "Mar", "Avr", "Mai", "Jun", "Jul", "Aoû", "Sep", "Oct", "Nov", "Déc"], "values": [254.6, 220.9, 232.7, 243.8, 226.6, 239.3, 251.2, 243.0, 227.6, 241.7, 229.9, 240.9]}]}}, {"type": "Feature", "geometry": {"type": "Point", "coordinates": [-72.975589, 45.52885]}, "properties": {"id": "13382320", "nom": "EXCELDOR COOPÉRATIVE", "nature": "NATU", "secteur": "agroalimentaire", "type": "rejet", "charts": [{"type": "bar", "title": "Volume annuel (m³) — EXCELDOR COOPÉRATIVE", "labels": ["2001", "2002", "2003", "2004", "2005", "2006", "2007", "2008", "2009", "2010", "2011", "2012", "2013", "2014", "2015", "2016", "2017", "2018", "2019", "2020", "2021", "2022", "2023", "2024"], "values": [447064.0, 439381.0, 424510.0, 435318.0, 447734.0, 443887.0, 458059.0, 481043.0, 485130.0, 491073.0, 485104.0, 467667.0, 473806.0, 510033.0, 537809.0, 543519.0, 559321.0, 555493.0, 556412.0, 543893.0, 582946.0, 605045.0, 608962.0, 605396.0]}, {"type": "line", "title": "Profil mensuel moyen (m³/mois)", "labels": ["Jan", "Fév", "Mar", "Avr", "Mai", "Jun", "Jul", "Aoû", "Sep", "Oct", "Nov", "Déc"], "values": [46200.9, 43318.8, 41395.6, 42954.6, 43086.2, 39310.2, 46237.1, 50064.1, 43033.6, 39688.0, 37634.0, 34935.4]}]}}, {"type": "Feature", "geometry": {"type": "Point", "coordinates": [-72.7551272, 45.391994]}, "properties": {"id": "X1606013", "nom": "LES PRODUITS CHIMIQUES ALDEX CIE LTÉE", "nature": "EGOU", "secteur": "population", "type": "rejet", "charts": [{"type": "bar", "title": "Volume annuel (m³) — LES PRODUITS CHIMIQUES ALDEX CIE LTÉE", "labels": ["2001", "2002", "2003", "2004", "2005", "2006", "2007", "2008", "2009", "2010", "2011", "2012", "2013", "2014", "2015", "2016", "2017", "2018", "2019", "2020", "2021", "2022", "2023", "2024", "2025"], "values": [89314.0, 88697.0, 89027.0, 89335.0, 91090.0, 91621.0, 92153.0, 92473.0, 92669.0, 94321.0, 95005.0, 95615.0, 95292.0, 95266.0, 95487.0, 95849.0, 95711.0, 95740.0, 95380.0, 96333.0, 97588.0, 97485.0, 98213.0, 99183.0, 82185.0]}, {"type": "line", "title": "Profil mensuel moyen (m³/mois)", "labels": ["Jan", "Fév", "Mar", "Avr", "Mai", "Jun", "Jul", "Aoû", "Sep", "Oct", "Nov", "Déc"], "values": [6749.6, 7105.8, 10286.6, 7956.2, 8769.7, 6602.7, 6229.8, 8285.9, 9035.6, 7676.9, 7727.0, 7838.1]}]}}, {"type": "Feature", "geometry": {"type": "Point", "coordinates": [-73.328313, 45.661442]}, "properties": {"id": "55246169", "nom": "GROUPE CRH CANADA INC.", "nature": "NATU", "secteur": "autre", "type": "rejet", "charts": [{"type": "bar", "title": "Volume annuel (m³) — GROUPE CRH CANADA INC.", "labels": ["2001", "2002", "2003", "2004", "2005", "2006", "2007", "2008", "2009", "2010", "2011", "2012", "2013", "2014", "2015", "2016", "2017", "2018", "2019", "2020", "2021", "2022", "2023", "2024"], "values": [1074550.0, 1097564.0, 1062198.0, 1008203.0, 1079173.0, 1037953.0, 1025773.0, 993405.0, 869545.0, 916989.0, 914852.0, 890135.0, 854615.0, 916151.0, 932622.0, 933179.0, 935614.0, 952885.0, 928217.0, 875697.0, 923403.0, 942689.0, 939986.0, 920733.0]}, {"type": "line", "title": "Profil mensuel moyen (m³/mois)", "labels": ["Jan", "Fév", "Mar", "Avr", "Mai", "Jun", "Jul", "Aoû", "Sep", "Oct", "Nov", "Déc"], "values": [0.0, 0.0, 184338.9, 193785.2, 37418.9, 63356.3, 100999.1, 89293.8, 95217.4, 97657.3, 97355.4, 0.0]}]}}, {"type": "Feature", "geometry": {"type": "Point", "coordinates": [-72.315311, 45.498881]}, "properties": {"id": "X0501545", "nom": "BOMBARDIER PRODUITS RÉCRÉATIFS INC.", "nature": "EGOU", "secteur": "population", "type": "rejet", "charts": [{"type": "bar", "title": "Volume annuel (m³) — BOMBARDIER PRODUITS RÉCRÉATIFS INC.", "labels": ["2001", "2002", "2003", "2004", "2005", "2006", "2007", "2008", "2009", "2010", "2011", "2012", "2013", "2014", "2015", "2016", "2017", "2018", "2019", "2020", "2021", "2022", "2023", "2024", "2025"], "values": [9091.0, 8858.0, 8708.0, 8522.0, 8545.0, 8471.0, 8403.0, 8278.0, 8326.0, 8157.0, 8178.0, 8073.0, 7746.0, 7633.0, 7443.0, 7327.0, 7198.0, 7158.0, 7008.0, 7008.0, 7065.0, 7086.0, 7075.0, 6999.0, 6222.0]}, {"type": "line", "title": "Profil mensuel moyen (m³/mois)", "labels": ["Jan", "Fév", "Mar", "Avr", "Mai", "Jun", "Jul", "Aoû", "Sep", "Oct", "Nov", "Déc"], "values": [165.1, 198.8, 190.0, 171.8, 111.1, 115.3, 106.2, 136.0, 102.3, 76.6, 70.6, 120.4]}]}}, {"type": "Feature", "geometry": {"type": "Point", "coordinates": [-73.422259, 46.034603]}, "properties": {"id": "55280283", "nom": "Bridgestone Canada inc.", "nature": "EGOU", "secteur": "population", "type": "rejet", "charts": [{"type": "bar", "title": "Volume annuel (m³) — Bridgestone Canada inc.", "labels": ["2001", "2002", "2003", "2004", "2005", "2006", "2007", "2008", "2009", "2010", "2011", "2012", "2013", "2014", "2015", "2016", "2017", "2018", "2019", "2020", "2021", "2022", "2023", "2024", "2025"], "values": [203.0, 202.0, 204.0, 205.0, 208.0, 207.0, 206.0, 205.0, 204.0, 208.0, 208.0, 210.0, 211.0, 211.0, 211.0, 209.0, 208.0, 207.0, 207.0, 211.0, 214.0, 214.0, 216.0, 218.0, 180.0]}, {"type": "line", "title": "Profil mensuel moyen (m³/mois)", "labels": ["Jan", "Fév", "Mar", "Avr", "Mai", "Jun", "Jul", "Aoû", "Sep", "Oct", "Nov", "Déc"], "values": [2.5, 2.4, 2.6, 2.5, 2.5, 2.4, 2.5, 2.5, 2.4, 2.5, 2.5, 2.5]}]}}, {"type": "Feature", "geometry": {"type": "Point", "coordinates": [-71.611225, 48.753835]}, "properties": {"id": "90319468", "nom": "ARBEC, BOIS D'OEUVRE INC.", "nature": "NATU", "secteur": "autre", "type": "rejet", "charts": [{"type": "bar", "title": "Volume annuel (m³) — ARBEC, BOIS D'OEUVRE INC.", "labels": ["2001", "2002", "2003", "2004", "2005", "2006", "2007", "2008", "2009", "2010", "2011", "2012", "2013", "2014", "2015", "2016", "2017", "2018", "2019", "2020", "2021", "2022", "2023", "2024"], "values": [73945.0, 75067.0, 72897.0, 69125.0, 73908.0, 71205.0, 70507.0, 68074.0, 59724.0, 62755.0, 62726.0, 60985.0, 58607.0, 62967.0, 63998.0, 64025.0, 64274.0, 65107.0, 63517.0, 60034.0, 63330.0, 64785.0, 64360.0, 63151.0]}, {"type": "line", "title": "Profil mensuel moyen (m³/mois)", "labels": ["Jan", "Fév", "Mar", "Avr", "Mai", "Jun", "Jul", "Aoû", "Sep", "Oct", "Nov", "Déc"], "values": [3698.2, 7388.7, 5926.2, 7407.6, 5403.5, 6542.3, 0.0, 2951.8, 5435.6, 7348.5, 9251.0, 4441.4]}]}}, {"type": "Feature", "geometry": {"type": "Point", "coordinates": [-73.2898246813, 45.439202036]}, "properties": {"id": "55325591", "nom": "LES BRASSERIES SLEEMAN LTÉE", "nature": "EGOU", "secteur": "population", "type": "rejet", "charts": [{"type": "bar", "title": "Volume annuel (m³) — LES BRASSERIES SLEEMAN LTÉE", "labels": ["2001", "2002", "2003", "2004", "2005", "2006", "2007", "2008", "2009", "2010", "2011", "2012", "2013", "2014", "2015", "2016", "2017", "2018", "2019", "2020", "2021", "2022", "2023", "2024", "2025"], "values": [110029.0, 110036.0, 112468.0, 112992.0, 115757.0, 117746.0, 118950.0, 120284.0, 121630.0, 126386.0, 129069.0, 133534.0, 135869.0, 137010.0, 139611.0, 141856.0, 144660.0, 146802.0, 147902.0, 148526.0, 149626.0, 148162.0, 147546.0, 148117.0, 127752.0]}, {"type": "line", "title": "Profil mensuel moyen (m³/mois)", "labels": ["Jan", "Fév", "Mar", "Avr", "Mai", "Jun", "Jul", "Aoû", "Sep", "Oct", "Nov", "Déc"], "values": [10745.7, 8784.7, 9636.1, 9082.4, 12216.7, 11292.4, 11032.7, 15891.3, 12028.8, 15026.4, 6583.6, 10036.7]}]}}, {"type": "Feature", "geometry": {"type": "Point", "coordinates": [-72.4857461, 45.9220448]}, "properties": {"id": "X2087916", "nom": "GESTIMMO MARTEL INC.", "nature": "EGOU", "secteur": "population", "type": "rejet", "charts": [{"type": "bar", "title": "Volume annuel (m³) — GESTIMMO MARTEL INC.", "labels": ["2001", "2002", "2003", "2004", "2005", "2006", "2007", "2008", "2009", "2010", "2011", "2012", "2013", "2014", "2015", "2016", "2017", "2018", "2019", "2020", "2021", "2022", "2023", "2024", "2025"], "values": [168330.0, 167316.0, 169201.0, 169420.0, 172641.0, 172446.0, 172470.0, 173549.0, 174317.0, 177342.0, 178492.0, 179611.0, 179045.0, 179206.0, 180096.0, 181110.0, 182044.0, 182415.0, 181282.0, 183368.0, 186179.0, 187345.0, 190865.0, 194123.0, 161850.0]}, {"type": "line", "title": "Profil mensuel moyen (m³/mois)", "labels": ["Jan", "Fév", "Mar", "Avr", "Mai", "Jun", "Jul", "Aoû", "Sep", "Oct", "Nov", "Déc"], "values": [15022.8, 15006.9, 15045.8, 15045.1, 15339.9, 13361.0, 15521.8, 15704.8, 14018.9, 15616.5, 14980.9, 14268.1]}]}}, {"type": "Feature", "geometry": {"type": "Point", "coordinates": [-73.9321830049, 45.6884274491]}, "properties": {"id": "53783874", "nom": "Bell Textron Canada limitée", "nature": "EGOU", "secteur": "population", "type": "rejet", "charts": [{"type": "bar", "title": "Volume annuel (m³) — Bell Textron Canada limitée", "labels": ["2001", "2002", "2003", "2004", "2005", "2006", "2007", "2008", "2009", "2010", "2011", "2012", "2013", "2014", "2015", "2016", "2017", "2018", "2019", "2020", "2021", "2022", "2023", "2024", "2025"], "values": [10784.0, 11161.0, 11667.0, 12090.0, 12689.0, 13171.0, 13592.0, 14063.0, 14392.0, 14990.0, 15434.0, 15973.0, 16405.0, 16907.0, 17514.0, 18016.0, 18578.0, 19219.0, 19772.0, 20522.0, 21359.0, 21805.0, 22326.0, 22740.0, 19616.0]}, {"type": "line", "title": "Profil mensuel moyen (m³/mois)", "labels": ["Jan", "Fév", "Mar", "Avr", "Mai", "Jun", "Jul", "Aoû", "Sep", "Oct", "Nov", "Déc"], "values": [1208.1, 1422.1, 1620.0, 1753.2, 1368.2, 1379.1, 1384.6, 1400.2, 1374.8, 1431.7, 1382.4, 960.6]}]}}, {"type": "Feature", "geometry": {"type": "Point", "coordinates": [-73.55746, 45.61858]}, "properties": {"id": "X2204015", "nom": "LES ALIMENTS MULTIBAR INC.", "nature": "EGOU", "secteur": "population", "type": "rejet", "charts": [{"type": "bar", "title": "Volume annuel (m³) — LES ALIMENTS MULTIBAR INC.", "labels": ["2001", "2002", "2003", "2004", "2005", "2006", "2007", "2008", "2009", "2010", "2011", "2012", "2013", "2014", "2015", "2016", "2017", "2018", "2019", "2020", "2021", "2022", "2023", "2024", "2025"], "values": [62838.0, 62474.0, 62404.0, 61817.0, 62159.0, 61733.0, 61171.0, 60711.0, 60655.0, 61245.0, 61133.0, 61437.0, 61143.0, 61065.0, 60981.0, 61023.0, 61308.0, 62202.0, 62493.0, 62678.0, 61321.0, 61277.0, 62899.0, 64970.0, 53403.0]}, {"type": "line", "title": "Profil mensuel moyen (m³/mois)", "labels": ["Jan", "Fév", "Mar", "Avr", "Mai", "Jun", "Jul", "Aoû", "Sep", "Oct", "Nov", "Déc"], "values": [5293.7, 4776.3, 5301.7, 5130.5, 5158.8, 5036.0, 5220.5, 5282.4, 5019.4, 5252.0, 5117.8, 5288.7]}]}}, {"type": "Feature", "geometry": {"type": "Point", "coordinates": [-73.7089789, 45.4673935]}, "properties": {"id": "X2130323", "nom": "Rolls-Royce Canada limitée", "nature": "EGOU", "secteur": "population", "type": "rejet", "charts": [{"type": "bar", "title": "Volume annuel (m³) — Rolls-Royce Canada limitée", "labels": ["2001", "2002", "2003", "2004", "2005", "2006", "2007", "2008", "2009", "2010", "2011", "2012", "2013", "2014", "2015", "2016", "2017", "2018", "2019", "2020", "2021", "2022", "2023", "2024", "2025"], "values": [47235.0, 46943.0, 46909.0, 46493.0, 46724.0, 46487.0, 46021.0, 45665.0, 45596.0, 46091.0, 45973.0, 46211.0, 46006.0, 45924.0, 45846.0, 45865.0, 46121.0, 46763.0, 46986.0, 47145.0, 46069.0, 46066.0, 47339.0, 48882.0, 41214.0]}, {"type": "line", "title": "Profil mensuel moyen (m³/mois)", "labels": ["Jan", "Fév", "Mar", "Avr", "Mai", "Jun", "Jul", "Aoû", "Sep", "Oct", "Nov", "Déc"], "values": [2026.1, 2083.9, 2075.3, 2278.4, 2312.0, 1963.0, 2213.4, 1172.7, 1814.6, 1916.9, 1719.8, 1691.7]}]}}, {"type": "Feature", "geometry": {"type": "Point", "coordinates": [-73.5172222222, 45.4016666667]}, "properties": {"id": "55042428", "nom": "COMPAGNIE WESTROCK DU CANADA CORP.", "nature": "EGOU", "secteur": "population", "type": "rejet", "charts": [{"type": "bar", "title": "Volume annuel (m³) — COMPAGNIE WESTROCK DU CANADA CORP.", "labels": ["2001", "2002", "2003", "2004", "2005", "2006", "2007", "2008", "2009", "2010", "2011", "2012", "2013", "2014", "2015", "2016", "2017", "2018", "2019", "2020", "2021", "2022", "2023", "2024", "2025"], "values": [10506.0, 10720.0, 11078.0, 11440.0, 12140.0, 12677.0, 13142.0, 13877.0, 14419.0, 15055.0, 15225.0, 15419.0, 15489.0, 15531.0, 15616.0, 15633.0, 15624.0, 15994.0, 16030.0, 16420.0, 16675.0, 16917.0, 17168.0, 17392.0, 14357.0]}, {"type": "line", "title": "Profil mensuel moyen (m³/mois)", "labels": ["Jan", "Fév", "Mar", "Avr", "Mai", "Jun", "Jul", "Aoû", "Sep", "Oct", "Nov", "Déc"], "values": [849.9, 1243.7, 855.5, 1328.7, 631.1, 878.9, 1320.0, 1754.0, 2386.7, 849.4, 1422.3, 1165.1]}]}}, {"type": "Feature", "geometry": {"type": "Point", "coordinates": [-71.961711, 45.747386]}, "properties": {"id": "X2177825", "nom": "9190-4805 QUÉBEC INC.", "nature": "NATU", "secteur": "autre", "type": "rejet", "charts": [{"type": "bar", "title": "Volume annuel (m³) — 9190-4805 QUÉBEC INC.", "labels": ["2001", "2002", "2003", "2004", "2005", "2006", "2007", "2008", "2009", "2010", "2011", "2012", "2013", "2014", "2015", "2016", "2017", "2018", "2019", "2020", "2021", "2022", "2023", "2024"], "values": [6396.0, 6511.0, 6313.0, 5986.0, 6406.0, 6162.0, 6093.0, 5889.0, 5163.0, 5441.0, 5435.0, 5282.0, 5076.0, 5450.0, 5546.0, 5548.0, 5555.0, 5660.0, 5511.0, 5205.0, 5475.0, 5607.0, 5572.0, 5473.0]}, {"type": "line", "title": "Profil mensuel moyen (m³/mois)", "labels": ["Jan", "Fév", "Mar", "Avr", "Mai", "Jun", "Jul", "Aoû", "Sep", "Oct", "Nov", "Déc"], "values": [482.2, 544.5, 346.4, 404.2, 431.9, 422.4, 437.1, 533.5, 502.3, 544.7, 522.3, 526.6]}]}}, {"type": "Feature", "geometry": {"type": "Point", "coordinates": [-75.7089, 45.4272]}, "properties": {"id": "54162128", "nom": "Produits Kruger inc.", "nature": "NATU", "secteur": "papier", "type": "rejet", "charts": [{"type": "bar", "title": "Volume annuel (m³) — Produits Kruger inc.", "labels": ["2001", "2002", "2003", "2004", "2005", "2006", "2007", "2008", "2009", "2010", "2011", "2012", "2013", "2014", "2015", "2016", "2017", "2018", "2019", "2020", "2021", "2022", "2023", "2024", "2025"], "values": [11796426.0, 12091678.0, 11388924.0, 9908805.0, 11521583.0, 10600437.0, 10438992.0, 9539595.0, 7233245.0, 8061560.0, 7736371.0, 6981584.0, 6141991.0, 6986090.0, 6982453.0, 6752380.0, 6335435.0, 6166774.0, 5342248.0, 4710141.0, 4840494.0, 5241267.0, 5573354.0, 4842496.0, 34096.0]}, {"type": "line", "title": "Profil mensuel moyen (m³/mois)", "labels": ["Jan", "Fév", "Mar", "Avr", "Mai", "Jun", "Jul", "Aoû", "Sep", "Oct", "Nov", "Déc"], "values": [182829.1, 170519.6, 183629.2, 189120.0, 187659.3, 234163.2, 255204.0, 239031.2, 213805.2, 231360.9, 236371.8, 218997.6]}]}}, {"type": "Feature", "geometry": {"type": "Point", "coordinates": [-73.930533, 45.309969]}, "properties": {"id": "90144411", "nom": "CONSTRUCTION DJL INC.", "nature": "NATU", "secteur": "autre", "type": "rejet", "charts": [{"type": "bar", "title": "Volume annuel (m³) — CONSTRUCTION DJL INC.", "labels": ["2001", "2002", "2003", "2004", "2005", "2006", "2007", "2008", "2009", "2010", "2011", "2012", "2013", "2014", "2015", "2016", "2017", "2018", "2019", "2020", "2021", "2022", "2023", "2024"], "values": [331300.0, 336409.0, 326578.0, 309217.0, 331747.0, 319291.0, 315231.0, 304361.0, 266603.0, 281820.0, 281315.0, 273603.0, 262673.0, 281998.0, 287186.0, 287251.0, 287261.0, 293109.0, 284674.0, 269501.0, 283268.0, 290500.0, 288551.0, 283905.0]}, {"type": "line", "title": "Profil mensuel moyen (m³/mois)", "labels": ["Jan", "Fév", "Mar", "Avr", "Mai", "Jun", "Jul", "Aoû", "Sep", "Oct", "Nov", "Déc"], "values": [9523.3, 9513.4, 9537.5, 19075.3, 34786.6, 28080.4, 32853.2, 30884.2, 30327.2, 30750.0, 30968.7, 28589.8]}]}}, {"type": "Feature", "geometry": {"type": "Point", "coordinates": [-73.7138888889, 45.4966111111]}, "properties": {"id": "90481490", "nom": "Emballages Mitchel-Lincoln ltée", "nature": "EGOU", "secteur": "population", "type": "rejet", "charts": [{"type": "bar", "title": "Volume annuel (m³) — Emballages Mitchel-Lincoln ltée", "labels": ["2001", "2002", "2003", "2004", "2005", "2006", "2007", "2008", "2009", "2010", "2011", "2012", "2013", "2014", "2015", "2016", "2017", "2018", "2019", "2020", "2021", "2022", "2023", "2024", "2025"], "values": [86249.0, 85776.0, 85656.0, 84871.0, 85320.0, 84728.0, 83957.0, 83329.0, 83257.0, 84098.0, 83923.0, 84355.0, 83952.0, 83825.0, 83709.0, 83781.0, 84141.0, 85430.0, 85818.0, 86051.0, 84171.0, 84119.0, 86328.0, 89180.0, 75241.0]}, {"type": "line", "title": "Profil mensuel moyen (m³/mois)", "labels": ["Jan", "Fév", "Mar", "Avr", "Mai", "Jun", "Jul", "Aoû", "Sep", "Oct", "Nov", "Déc"], "values": [8406.8, 7411.8, 7553.8, 6525.5, 7076.3, 6241.2, 7732.4, 7925.6, 6439.7, 7206.0, 6328.3, 6100.6]}]}}, {"type": "Feature", "geometry": {"type": "Point", "coordinates": [-72.727703, 45.297559]}, "properties": {"id": "X2125579", "nom": "CENTRE DE COLLABORATION MIQRO INNOVATION", "nature": "EGOU", "secteur": "population", "type": "rejet", "charts": [{"type": "bar", "title": "Volume annuel (m³) — CENTRE DE COLLABORATION MIQRO INNOVATION", "labels": ["2001", "2002", "2003", "2004", "2005", "2006", "2007", "2008", "2009", "2010", "2011", "2012", "2013", "2014", "2015", "2016", "2017", "2018", "2019", "2020", "2021", "2022", "2023", "2024", "2025"], "values": [56156.0, 57969.0, 60183.0, 62155.0, 65061.0, 67214.0, 70397.0, 73869.0, 76591.0, 80840.0, 82950.0, 87665.0, 89663.0, 91756.0, 93205.0, 94683.0, 97064.0, 100506.0, 103285.0, 110355.0, 116954.0, 119014.0, 119487.0, 121890.0, 104604.0]}, {"type": "line", "title": "Profil mensuel moyen (m³/mois)", "labels": ["Jan", "Fév", "Mar", "Avr", "Mai", "Jun", "Jul", "Aoû", "Sep", "Oct", "Nov", "Déc"], "values": [3493.2, 4273.1, 3782.0, 3740.6, 3899.9, 3566.6, 3925.5, 4681.0, 2981.9, 3642.5, 3381.4, 2956.2]}]}}, {"type": "Feature", "geometry": {"type": "Point", "coordinates": [-73.59091, 45.46847]}, "properties": {"id": "26768176", "nom": "La Brasserie McAuslan inc.", "nature": "EGOU", "secteur": "population", "type": "rejet", "charts": [{"type": "bar", "title": "Volume annuel (m³) — La Brasserie McAuslan inc.", "labels": ["2001", "2002", "2003", "2004", "2005", "2006", "2007", "2008", "2009", "2010", "2011", "2012", "2013", "2014", "2015", "2016", "2017", "2018", "2019", "2020", "2021", "2022", "2023", "2024", "2025"], "values": [121553.0, 120822.0, 120703.0, 119564.0, 120308.0, 119413.0, 118339.0, 117409.0, 117245.0, 118454.0, 118293.0, 118863.0, 118288.0, 118127.0, 117951.0, 118065.0, 118632.0, 120327.0, 120861.0, 121264.0, 118620.0, 118577.0, 121746.0, 125759.0, 105482.0]}, {"type": "line", "title": "Profil mensuel moyen (m³/mois)", "labels": ["Jan", "Fév", "Mar", "Avr", "Mai", "Jun", "Jul", "Aoû", "Sep", "Oct", "Nov", "Déc"], "values": [8408.7, 9829.6, 10098.0, 8814.0, 10234.4, 10175.6, 11620.8, 10328.4, 10677.0, 11504.3, 10806.9, 7209.5]}]}}, {"type": "Feature", "geometry": {"type": "Point", "coordinates": [-77.92972, 48.11333]}, "properties": {"id": "53842076", "nom": "Wesdome Gold Mines Ltd.", "nature": "NATU", "secteur": "mines", "type": "rejet", "charts": [{"type": "bar", "title": "Volume annuel (m³) — Wesdome Gold Mines Ltd.", "labels": ["2001", "2002", "2003", "2004", "2005", "2006", "2007", "2008", "2009", "2010", "2011", "2012", "2013", "2014", "2015", "2016", "2017", "2018", "2019", "2020", "2021", "2022", "2023", "2024"], "values": [570354.0, 543765.0, 582695.0, 498718.0, 458623.0, 449837.0, 471262.0, 483485.0, 463186.0, 482733.0, 521391.0, 516220.0, 571667.0, 661061.0, 714536.0, 716079.0, 761721.0, 801591.0, 776696.0, 748047.0, 790723.0, 758729.0, 798361.0, 833238.0]}, {"type": "line", "title": "Profil mensuel moyen (m³/mois)", "labels": ["Jan", "Fév", "Mar", "Avr", "Mai", "Jun", "Jul", "Aoû", "Sep", "Oct", "Nov", "Déc"], "values": [0.0, 35406.7, 70488.5, 59556.6, 45743.8, 63643.9, 89737.2, 60083.4, 103357.4, 43736.8, 33844.7, 18347.5]}]}}, {"type": "Feature", "geometry": {"type": "Point", "coordinates": [-72.73333, 45.400002]}, "properties": {"id": "23340557", "nom": "KERRY (CANADA) INC.", "nature": "EGOU", "secteur": "population", "type": "rejet", "charts": [{"type": "bar", "title": "Volume annuel (m³) — KERRY (CANADA) INC.", "labels": ["2001", "2002", "2003", "2004", "2005", "2006", "2007", "2008", "2009", "2010", "2011", "2012", "2013", "2014", "2015", "2016", "2017", "2018", "2019", "2020", "2021", "2022", "2023", "2024", "2025"], "values": [9140.0, 9082.0, 9114.0, 9145.0, 9332.0, 9378.0, 9433.0, 9469.0, 9487.0, 9648.0, 9726.0, 9784.0, 9753.0, 9757.0, 9764.0, 9809.0, 9796.0, 9800.0, 9773.0, 9871.0, 9985.0, 9977.0, 10050.0, 10149.0, 8402.0]}, {"type": "line", "title": "Profil mensuel moyen (m³/mois)", "labels": ["Jan", "Fév", "Mar", "Avr", "Mai", "Jun", "Jul", "Aoû", "Sep", "Oct", "Nov", "Déc"], "values": [1158.4, 819.6, 956.9, 485.2, 700.8, 815.0, 715.7, 816.8, 802.9, 773.3, 804.2, 800.4]}]}}, {"type": "Feature", "geometry": {"type": "Point", "coordinates": [-73.495567, 45.537183]}, "properties": {"id": "23230758", "nom": "Héroux-Devtek inc.", "nature": "EGOU", "secteur": "population", "type": "rejet", "charts": [{"type": "bar", "title": "Volume annuel (m³) — Héroux-Devtek inc.", "labels": ["2001", "2002", "2003", "2004", "2005", "2006", "2007", "2008", "2009", "2010", "2011", "2012", "2013", "2014", "2015", "2016", "2017", "2018", "2019", "2020", "2021", "2022", "2023", "2024", "2025"], "values": [69219.0, 68443.0, 68358.0, 67712.0, 67907.0, 67258.0, 66565.0, 65926.0, 65492.0, 65920.0, 65996.0, 66133.0, 65978.0, 65954.0, 65903.0, 66194.0, 66340.0, 67006.0, 67407.0, 68380.0, 68439.0, 67900.0, 68793.0, 70312.0, 55522.0]}, {"type": "line", "title": "Profil mensuel moyen (m³/mois)", "labels": ["Jan", "Fév", "Mar", "Avr", "Mai", "Jun", "Jul", "Aoû", "Sep", "Oct", "Nov", "Déc"], "values": [6376.2, 5612.0, 5776.0, 5610.8, 5577.1, 5085.2, 4031.3, 5684.0, 4478.4, 5498.5, 7478.0, 6097.9]}]}}, {"type": "Feature", "geometry": {"type": "Point", "coordinates": [-72.545926, 45.878289]}, "properties": {"id": "29294725", "nom": "OLYMEL S.E.C.", "nature": "EGOU", "secteur": "population", "type": "rejet", "charts": [{"type": "bar", "title": "Volume annuel (m³) — OLYMEL S.E.C.", "labels": ["2001", "2002", "2003", "2004", "2005", "2006", "2007", "2008", "2009", "2010", "2011", "2012", "2013", "2014", "2015", "2016", "2017", "2018", "2019", "2020", "2021", "2022", "2023", "2024", "2025"], "values": [52183.0, 51831.0, 52419.0, 52513.0, 53486.0, 53440.0, 53480.0, 53790.0, 54017.0, 54959.0, 55328.0, 55665.0, 55511.0, 55539.0, 55809.0, 56140.0, 56461.0, 56488.0, 56160.0, 56805.0, 57732.0, 58097.0, 59187.0, 60161.0, 49529.0]}, {"type": "line", "title": "Profil mensuel moyen (m³/mois)", "labels": ["Jan", "Fév", "Mar", "Avr", "Mai", "Jun", "Jul", "Aoû", "Sep", "Oct", "Nov", "Déc"], "values": [4346.1, 3878.6, 4361.1, 5464.9, 5082.5, 3770.2, 4338.6, 4552.9, 4204.7, 5847.8, 5525.8, 4080.3]}]}}, {"type": "Feature", "geometry": {"type": "Point", "coordinates": [-68.8625, 47.67]}, "properties": {"id": "13687348", "nom": "CASCADES CANADA ULC", "nature": "NATU", "secteur": "papier", "type": "rejet", "charts": [{"type": "bar", "title": "Volume annuel (m³) — CASCADES CANADA ULC", "labels": ["2001", "2002", "2003", "2004", "2005", "2006", "2007", "2008", "2009", "2010", "2011", "2012", "2013", "2014", "2015", "2016", "2017", "2018", "2019", "2020", "2021", "2022", "2023", "2024", "2025"], "values": [7732857.0, 7925921.0, 7464180.0, 6492821.0, 7546537.0, 6944489.0, 6840305.0, 6247369.0, 4733301.0, 5275511.0, 5061130.0, 4565118.0, 4014037.0, 4568448.0, 4567305.0, 4414746.0, 4141557.0, 4028370.0, 3487284.0, 3070717.0, 3157488.0, 3420917.0, 3638661.0, 3157526.0, 1389.0]}, {"type": "line", "title": "Profil mensuel moyen (m³/mois)", "labels": ["Jan", "Fév", "Mar", "Avr", "Mai", "Jun", "Jul", "Aoû", "Sep", "Oct", "Nov", "Déc"], "values": [212722.8, 172460.3, 190072.9, 188210.2, 195223.5, 213873.9, 219689.4, 221846.5, 210674.7, 226833.0, 218434.3, 239258.1]}]}}, {"type": "Feature", "geometry": {"type": "Point", "coordinates": [-72.518738, 45.881536]}, "properties": {"id": "29418084", "nom": "TEXTILES MONTEREY (1996) INC.", "nature": "EGOU", "secteur": "population", "type": "rejet", "charts": [{"type": "bar", "title": "Volume annuel (m³) — TEXTILES MONTEREY (1996) INC.", "labels": ["2001", "2002", "2003", "2004", "2005", "2006", "2007", "2008", "2009", "2010", "2011", "2012", "2013", "2014", "2015", "2016", "2017", "2018", "2019", "2020", "2021", "2022", "2023", "2024", "2025"], "values": [69184.0, 68660.0, 69497.0, 69543.0, 70863.0, 70837.0, 70868.0, 71277.0, 71626.0, 72821.0, 73265.0, 73772.0, 73502.0, 73592.0, 73978.0, 74365.0, 74785.0, 74818.0, 74343.0, 75232.0, 76535.0, 76936.0, 78364.0, 79718.0, 66990.0]}, {"type": "line", "title": "Profil mensuel moyen (m³/mois)", "labels": ["Jan", "Fév", "Mar", "Avr", "Mai", "Jun", "Jul", "Aoû", "Sep", "Oct", "Nov", "Déc"], "values": [5116.9, 5980.7, 6912.3, 8149.9, 7261.3, 6441.3, 3859.6, 5910.5, 6012.6, 6312.2, 6717.7, 4800.8]}]}}, {"type": "Feature", "geometry": {"type": "Point", "coordinates": [-73.4093837077, 45.1853418164]}, "properties": {"id": "54810924", "nom": "RAFFINERIES DE NAPIERVILLE INC.", "nature": "NATU", "secteur": "autre", "type": "rejet", "charts": [{"type": "bar", "title": "Volume annuel (m³) — RAFFINERIES DE NAPIERVILLE INC.", "labels": ["2001", "2002", "2003", "2004", "2005", "2006", "2007", "2008", "2009", "2010", "2011", "2012", "2013", "2014", "2015", "2016", "2017", "2018", "2019", "2020", "2021", "2022", "2023", "2024"], "values": [394919.0, 401951.0, 389807.0, 369601.0, 395451.0, 380989.0, 376302.0, 363750.0, 318932.0, 336327.0, 335521.0, 326426.0, 313539.0, 336565.0, 342444.0, 342487.0, 342873.0, 349647.0, 340316.0, 321561.0, 337984.0, 346139.0, 344037.0, 338025.0]}, {"type": "line", "title": "Profil mensuel moyen (m³/mois)", "labels": ["Jan", "Fév", "Mar", "Avr", "Mai", "Jun", "Jul", "Aoû", "Sep", "Oct", "Nov", "Déc"], "values": [32910.8, 29898.4, 31685.3, 30484.8, 30568.6, 27922.8, 28506.5, 28343.4, 27682.3, 28510.9, 27709.9, 27676.1]}]}}, {"type": "Feature", "geometry": {"type": "Point", "coordinates": [-70.9408899, 46.7703257]}, "properties": {"id": "55073274", "nom": "LES SPÉCIALITÉS PRODAL (1975) LTÉE", "nature": "EGOU", "secteur": "population", "type": "rejet", "charts": [{"type": "bar", "title": "Volume annuel (m³) — LES SPÉCIALITÉS PRODAL (1975) LTÉE", "labels": ["2001", "2002", "2003", "2004", "2005", "2006", "2007", "2008", "2009", "2010", "2011", "2012", "2013", "2014", "2015", "2016", "2017", "2018", "2019", "2020", "2021", "2022", "2023", "2024", "2025"], "values": [36684.0, 35920.0, 35636.0, 35411.0, 35025.0, 34012.0, 33139.0, 33401.0, 33619.0, 34347.0, 34365.0, 33981.0, 34537.0, 35153.0, 35074.0, 35500.0, 35478.0, 36099.0, 35966.0, 37478.0, 37437.0, 37648.0, 37515.0, 38347.0, 31923.0]}, {"type": "line", "title": "Profil mensuel moyen (m³/mois)", "labels": ["Jan", "Fév", "Mar", "Avr", "Mai", "Jun", "Jul", "Aoû", "Sep", "Oct", "Nov", "Déc"], "values": [2386.5, 2594.1, 2766.6, 3051.1, 3054.0, 2991.4, 3262.0, 3451.3, 3249.3, 3005.4, 2945.4, 2821.4]}]}}, {"type": "Feature", "geometry": {"type": "Point", "coordinates": [-73.69712, 45.586513]}, "properties": {"id": "90300047", "nom": "GROUPE CRH CANADA INC.", "nature": "NATU", "secteur": "autre", "type": "rejet", "charts": [{"type": "bar", "title": "Volume annuel (m³) — GROUPE CRH CANADA INC.", "labels": ["2001", "2002", "2003", "2004", "2005", "2006", "2007", "2008", "2009", "2010", "2011", "2012", "2013", "2014", "2015", "2016", "2017", "2018", "2019", "2020", "2021", "2022", "2023", "2024"], "values": [803857.0, 818970.0, 793941.0, 752868.0, 804263.0, 775367.0, 764905.0, 739639.0, 649512.0, 685495.0, 682943.0, 667709.0, 638428.0, 684431.0, 698817.0, 697824.0, 696806.0, 713742.0, 693146.0, 654552.0, 688355.0, 705027.0, 699346.0, 688073.0]}, {"type": "line", "title": "Profil mensuel moyen (m³/mois)", "labels": ["Jan", "Fév", "Mar", "Avr", "Mai", "Jun", "Jul", "Aoû", "Sep", "Oct", "Nov", "Déc"], "values": [0.0, 0.0, 269163.3, 38878.2, 72079.8, 29803.0, 63625.5, 86323.1, 66578.9, 39338.9, 50793.2, 0.0]}]}}, {"type": "Feature", "geometry": {"type": "Point", "coordinates": [-70.4825265253, 46.0122720506]}, "properties": {"id": "12187886", "nom": "Les Produits Forestiers D&G Ltée", "nature": "NATU", "secteur": "bois", "type": "rejet", "charts": [{"type": "bar", "title": "Volume annuel (m³) — Les Produits Forestiers D&G Ltée", "labels": ["2001", "2002", "2003", "2004", "2005", "2006", "2007", "2008", "2009", "2010", "2011", "2012", "2013", "2014", "2015", "2016", "2017", "2018", "2019", "2020", "2021", "2022", "2023", "2024"], "values": [2346.0, 2553.0, 2474.0, 2349.0, 2585.0, 2508.0, 2250.0, 2125.0, 1833.0, 1869.0, 1815.0, 1786.0, 1818.0, 1870.0, 2002.0, 2145.0, 2059.0, 2148.0, 2160.0, 1916.0, 2137.0, 2229.0, 2025.0, 2130.0]}, {"type": "line", "title": "Profil mensuel moyen (m³/mois)", "labels": ["Jan", "Fév", "Mar", "Avr", "Mai", "Jun", "Jul", "Aoû", "Sep", "Oct", "Nov", "Déc"], "values": [188.9, 176.5, 189.2, 140.4, 184.0, 179.7, 186.2, 188.5, 137.4, 187.7, 182.9, 189.0]}]}}, {"type": "Feature", "geometry": {"type": "Point", "coordinates": [-73.5640948, 45.6195529]}, "properties": {"id": "X2130967", "nom": "Lavergne Groupe inc.", "nature": "EGOU", "secteur": "population", "type": "rejet", "charts": [{"type": "bar", "title": "Volume annuel (m³) — Lavergne Groupe inc.", "labels": ["2001", "2002", "2003", "2004", "2005", "2006", "2007", "2008", "2009", "2010", "2011", "2012", "2013", "2014", "2015", "2016", "2017", "2018", "2019", "2020", "2021", "2022", "2023", "2024", "2025"], "values": [377.0, 375.0, 375.0, 371.0, 373.0, 371.0, 367.0, 364.0, 364.0, 368.0, 367.0, 369.0, 367.0, 367.0, 366.0, 366.0, 368.0, 373.0, 375.0, 376.0, 368.0, 368.0, 378.0, 390.0, 321.0]}, {"type": "line", "title": "Profil mensuel moyen (m³/mois)", "labels": ["Jan", "Fév", "Mar", "Avr", "Mai", "Jun", "Jul", "Aoû", "Sep", "Oct", "Nov", "Déc"], "values": [31.7, 29.7, 31.7, 30.7, 30.9, 30.2, 31.2, 31.6, 30.1, 31.4, 30.7, 31.6]}]}}, {"type": "Feature", "geometry": {"type": "Point", "coordinates": [-68.913233, 47.391633]}, "properties": {"id": "90532243", "nom": "Glendyne inc.", "nature": "NATU", "secteur": "autre", "type": "rejet", "charts": [{"type": "bar", "title": "Volume annuel (m³) — Glendyne inc.", "labels": ["2001", "2002", "2003", "2004", "2005", "2006", "2007", "2008", "2009", "2010", "2011", "2012", "2013", "2014", "2015", "2016", "2017", "2018", "2019", "2020", "2021", "2022", "2023", "2024"], "values": [198923.0, 202204.0, 196183.0, 185906.0, 199188.0, 191802.0, 189414.0, 182991.0, 160381.0, 169315.0, 168932.0, 164430.0, 157818.0, 169397.0, 172443.0, 172470.0, 172590.0, 176023.0, 171157.0, 161835.0, 170267.0, 174388.0, 173293.0, 170324.0]}, {"type": "line", "title": "Profil mensuel moyen (m³/mois)", "labels": ["Jan", "Fév", "Mar", "Avr", "Mai", "Jun", "Jul", "Aoû", "Sep", "Oct", "Nov", "Déc"], "values": [0.0, 8588.8, 17180.1, 16587.2, 17719.5, 15417.2, 16449.9, 17160.7, 15722.3, 17266.3, 16673.8, 18387.5]}]}}, {"type": "Feature", "geometry": {"type": "Point", "coordinates": [-73.291774, 45.304387]}, "properties": {"id": "X2122486", "nom": "OLYMEL S.E.C.", "nature": "EGOU", "secteur": "population", "type": "rejet", "charts": [{"type": "bar", "title": "Volume annuel (m³) — OLYMEL S.E.C.", "labels": ["2001", "2002", "2003", "2004", "2005", "2006", "2007", "2008", "2009", "2010", "2011", "2012", "2013", "2014", "2015", "2016", "2017", "2018", "2019", "2020", "2021", "2022", "2023", "2024", "2025"], "values": [18782.0, 18772.0, 19190.0, 19291.0, 19719.0, 20061.0, 20024.0, 20117.0, 20104.0, 20513.0, 20296.0, 20450.0, 20308.0, 20227.0, 20163.0, 20124.0, 20036.0, 20075.0, 19955.0, 20243.0, 20271.0, 20221.0, 20340.0, 20462.0, 20314.0]}, {"type": "line", "title": "Profil mensuel moyen (m³/mois)", "labels": ["Jan", "Fév", "Mar", "Avr", "Mai", "Jun", "Jul", "Aoû", "Sep", "Oct", "Nov", "Déc"], "values": [1909.8, 2424.2, 2887.9, 3224.8, 3877.5, 2834.4, 2843.6, 0.0, 0.0, 0.0, 0.0, 0.0]}]}}, {"type": "Feature", "geometry": {"type": "Point", "coordinates": [-74.632704, 47.927713]}, "properties": {"id": "54668983", "nom": "ARBEC, BOIS D'OEUVRE INC.", "nature": "EGOU", "secteur": "population", "type": "rejet", "charts": [{"type": "bar", "title": "Volume annuel (m³) — ARBEC, BOIS D'OEUVRE INC.", "labels": ["2001", "2002", "2003", "2004", "2005", "2006", "2007", "2008", "2009", "2010", "2011", "2012", "2013", "2014", "2015", "2016", "2017", "2018", "2019", "2020", "2021", "2022", "2023", "2024", "2025"], "values": [5210.0, 5003.0, 4900.0, 4807.0, 4797.0, 4716.0, 4612.0, 4506.0, 4427.0, 4416.0, 4353.0, 4314.0, 4236.0, 4196.0, 4177.0, 4122.0, 4097.0, 4091.0, 4031.0, 4052.0, 4098.0, 4082.0, 4085.0, 4068.0, 3380.0]}, {"type": "line", "title": "Profil mensuel moyen (m³/mois)", "labels": ["Jan", "Fév", "Mar", "Avr", "Mai", "Jun", "Jul", "Aoû", "Sep", "Oct", "Nov", "Déc"], "values": [273.1, 376.7, 403.7, 390.7, 392.8, 383.5, 269.2, 402.3, 382.2, 399.9, 391.6, 313.3]}]}}, {"type": "Feature", "geometry": {"type": "Point", "coordinates": [-73.5506093, 45.4902101]}, "properties": {"id": "51543981", "nom": "Canada malting co. Limited", "nature": "EGOU", "secteur": "population", "type": "rejet", "charts": [{"type": "bar", "title": "Volume annuel (m³) — Canada malting co. Limited", "labels": ["2001", "2002", "2003", "2004", "2005", "2006", "2007", "2008", "2009", "2010", "2011", "2012", "2013", "2014", "2015", "2016", "2017", "2018", "2019", "2020", "2021", "2022", "2023", "2024", "2025"], "values": [318122.0, 316511.0, 316026.0, 313147.0, 314769.0, 312595.0, 309691.0, 307469.0, 307228.0, 310247.0, 309595.0, 311167.0, 309691.0, 309245.0, 308813.0, 309032.0, 310361.0, 315217.0, 316685.0, 317513.0, 310439.0, 310265.0, 318431.0, 328945.0, 275486.0]}, {"type": "line", "title": "Profil mensuel moyen (m³/mois)", "labels": ["Jan", "Fév", "Mar", "Avr", "Mai", "Jun", "Jul", "Aoû", "Sep", "Oct", "Nov", "Déc"], "values": [27772.2, 32155.0, 28623.3, 23897.0, 24613.2, 23056.0, 28815.1, 28453.1, 23538.4, 24537.1, 23108.9, 24815.3]}]}}, {"type": "Feature", "geometry": {"type": "Point", "coordinates": [-71.928988, 46.301639]}, "properties": {"id": "90306432", "nom": "CANNEBERGES ATOKA INC.", "nature": "NATU", "secteur": "autre", "type": "rejet", "charts": [{"type": "bar", "title": "Volume annuel (m³) — CANNEBERGES ATOKA INC.", "labels": ["2001", "2002", "2003", "2004", "2005", "2006", "2007", "2008", "2009", "2010", "2011", "2012", "2013", "2014", "2015", "2016", "2017", "2018", "2019", "2020", "2021", "2022", "2023", "2024"], "values": [59547.0, 60584.0, 58762.0, 55749.0, 59628.0, 57437.0, 56769.0, 54848.0, 48072.0, 50665.0, 50617.0, 49191.0, 47285.0, 50754.0, 51636.0, 51643.0, 51759.0, 52664.0, 51302.0, 48484.0, 50941.0, 52231.0, 51925.0, 50977.0]}, {"type": "line", "title": "Profil mensuel moyen (m³/mois)", "labels": ["Jan", "Fév", "Mar", "Avr", "Mai", "Jun", "Jul", "Aoû", "Sep", "Oct", "Nov", "Déc"], "values": [3213.9, 4254.6, 3998.7, 3951.5, 4553.9, 4035.6, 4112.2, 3130.7, 4725.8, 5342.7, 5874.7, 5866.9]}]}}, {"type": "Feature", "geometry": {"type": "Point", "coordinates": [-71.24646, 46.738228]}, "properties": {"id": "90350919", "nom": "PEPSICO CANADA ULC", "nature": "EGOU", "secteur": "population", "type": "rejet", "charts": [{"type": "bar", "title": "Volume annuel (m³) — PEPSICO CANADA ULC", "labels": ["2001", "2002", "2003", "2004", "2005", "2006", "2007", "2008", "2009", "2010", "2011", "2012", "2013", "2014", "2015", "2016", "2017", "2018", "2019", "2020", "2021", "2022", "2023", "2024", "2025"], "values": [1890.0, 1880.0, 1888.0, 1884.0, 1920.0, 1935.0, 1951.0, 1961.0, 1968.0, 1997.0, 1999.0, 2007.0, 1989.0, 1984.0, 1991.0, 1998.0, 1989.0, 1994.0, 1982.0, 2012.0, 2037.0, 2051.0, 2078.0, 2114.0, 1756.0]}, {"type": "line", "title": "Profil mensuel moyen (m³/mois)", "labels": ["Jan", "Fév", "Mar", "Avr", "Mai", "Jun", "Jul", "Aoû", "Sep", "Oct", "Nov", "Déc"], "values": [170.1, 160.5, 169.4, 168.5, 164.9, 172.8, 161.3, 186.7, 153.7, 142.6, 147.1, 185.8]}]}}, {"type": "Feature", "geometry": {"type": "Point", "coordinates": [-72.1495475401, 45.2667082817]}, "properties": {"id": "28271401", "nom": "MESSER CANADA INC.", "nature": "EGOU", "secteur": "population", "type": "rejet", "charts": [{"type": "bar", "title": "Volume annuel (m³) — MESSER CANADA INC.", "labels": ["2001", "2002", "2003", "2004", "2005", "2006", "2007", "2008", "2009", "2010", "2011", "2012", "2013", "2014", "2015", "2016", "2017", "2018", "2019", "2020", "2021", "2022", "2023", "2024", "2025"], "values": [2119.0, 2098.0, 2117.0, 2108.0, 2146.0, 2139.0, 2151.0, 2154.0, 2168.0, 2219.0, 2227.0, 2248.0, 2245.0, 2235.0, 2244.0, 2243.0, 2241.0, 2246.0, 2230.0, 2272.0, 2328.0, 2324.0, 2391.0, 2447.0, 2246.0]}, {"type": "line", "title": "Profil mensuel moyen (m³/mois)", "labels": ["Jan", "Fév", "Mar", "Avr", "Mai", "Jun", "Jul", "Aoû", "Sep", "Oct", "Nov", "Déc"], "values": [117.8, 226.2, 233.3, 221.3, 376.0, 231.7, 119.8, 173.6, 238.1, 107.8, 87.2, 98.2]}]}}, {"type": "Feature", "geometry": {"type": "Point", "coordinates": [-76.9543272002, 49.0256772901]}, "properties": {"id": "52861945", "nom": "KRAFT NORDIC, S.E.C.", "nature": "NATU", "secteur": "papier", "type": "rejet", "charts": [{"type": "bar", "title": "Volume annuel (m³) — KRAFT NORDIC, S.E.C.", "labels": ["2001", "2002", "2003", "2004", "2005", "2006", "2007", "2008", "2009", "2010", "2011", "2012", "2013", "2014", "2015", "2016", "2017", "2018", "2019", "2020", "2021", "2022", "2023", "2024"], "values": [75380847.0, 77320102.0, 72805220.0, 63275567.0, 73596591.0, 67720456.0, 66637731.0, 60904284.0, 46137377.0, 51467780.0, 49332901.0, 44511892.0, 39111756.0, 44515038.0, 44561902.0, 43039855.0, 40334370.0, 39319998.0, 33985622.0, 29935009.0, 30767671.0, 33329724.0, 35455415.0, 30794064.0]}, {"type": "line", "title": "Profil mensuel moyen (m³/mois)", "labels": ["Jan", "Fév", "Mar", "Avr", "Mai", "Jun", "Jul", "Aoû", "Sep", "Oct", "Nov", "Déc"], "values": [1884707.1, 1755079.9, 1894525.1, 2134937.1, 2052379.3, 2171906.8, 2552037.2, 2615270.9, 2451963.7, 1701487.7, 1911887.0, 1753842.6]}]}}, {"type": "Feature", "geometry": {"type": "Point", "coordinates": [-73.5120467, 45.6290149]}, "properties": {"id": "90251398", "nom": "NEXANS CANADA INC.", "nature": "EGOU", "secteur": "population", "type": "rejet", "charts": [{"type": "bar", "title": "Volume annuel (m³) — NEXANS CANADA INC.", "labels": ["2001", "2002", "2003", "2004", "2005", "2006", "2007", "2008", "2009", "2010", "2011", "2012", "2013", "2014", "2015", "2016", "2017", "2018", "2019", "2020", "2021", "2022", "2023", "2024", "2025"], "values": [102190.0, 100253.0, 96631.0, 103925.0, 106362.0, 105538.0, 102793.0, 101093.0, 100764.0, 100883.0, 100159.0, 101106.0, 98663.0, 100324.0, 99277.0, 100238.0, 101888.0, 101711.0, 104296.0, 107081.0, 111397.0, 113695.0, 117172.0, 121881.0, 106238.0]}, {"type": "line", "title": "Profil mensuel moyen (m³/mois)", "labels": ["Jan", "Fév", "Mar", "Avr", "Mai", "Jun", "Jul", "Aoû", "Sep", "Oct", "Nov", "Déc"], "values": [6251.0, 6710.8, 9963.1, 7527.0, 8840.4, 9096.7, 9496.3, 9595.0, 11152.9, 10944.4, 9447.7, 5807.3]}]}}, {"type": "Feature", "geometry": {"type": "Point", "coordinates": [-72.5344097222, 45.87167]}, "properties": {"id": "X1700363", "nom": "Emballages Mitchel-Lincoln ltée", "nature": "EGOU", "secteur": "population", "type": "rejet", "charts": [{"type": "bar", "title": "Volume annuel (m³) — Emballages Mitchel-Lincoln ltée", "labels": ["2001", "2002", "2003", "2004", "2005", "2006", "2007", "2008", "2009", "2010", "2011", "2012", "2013", "2014", "2015", "2016", "2017", "2018", "2019", "2020", "2021", "2022", "2023", "2024", "2025"], "values": [52036.0, 51731.0, 52306.0, 52337.0, 53403.0, 53210.0, 53266.0, 53579.0, 53815.0, 54757.0, 55185.0, 55502.0, 55299.0, 55360.0, 55703.0, 56019.0, 56258.0, 56405.0, 55990.0, 56650.0, 57564.0, 57943.0, 58990.0, 60038.0, 50187.0]}, {"type": "line", "title": "Profil mensuel moyen (m³/mois)", "labels": ["Jan", "Fév", "Mar", "Avr", "Mai", "Jun", "Jul", "Aoû", "Sep", "Oct", "Nov", "Déc"], "values": [2732.1, 4432.4, 4154.6, 2925.0, 4528.6, 3901.7, 5363.5, 6855.7, 5930.7, 5606.4, 5651.8, 3213.5]}]}}, {"type": "Feature", "geometry": {"type": "Point", "coordinates": [-73.633638, 45.58149]}, "properties": {"id": "X2144937", "nom": "LES ALIMENTS MAPLE LEAF INC.", "nature": "EGOU", "secteur": "population", "type": "rejet", "charts": [{"type": "bar", "title": "Volume annuel (m³) — LES ALIMENTS MAPLE LEAF INC.", "labels": ["2001", "2002", "2003", "2004", "2005", "2006", "2007", "2008", "2009", "2010", "2011", "2012", "2013", "2014", "2015", "2016", "2017", "2018", "2019", "2020", "2021", "2022", "2023", "2024", "2025"], "values": [227251.0, 225952.0, 225699.0, 223571.0, 224807.0, 223259.0, 221231.0, 219583.0, 219382.0, 221482.0, 221088.0, 222169.0, 221115.0, 220845.0, 220541.0, 220681.0, 221731.0, 224943.0, 226008.0, 226677.0, 221765.0, 221597.0, 227473.0, 234960.0, 193255.0]}, {"type": "line", "title": "Profil mensuel moyen (m³/mois)", "labels": ["Jan", "Fév", "Mar", "Avr", "Mai", "Jun", "Jul", "Aoû", "Sep", "Oct", "Nov", "Déc"], "values": [18784.1, 18764.2, 18812.5, 18811.7, 18305.4, 18465.2, 18524.5, 18744.1, 18404.4, 18636.0, 18765.4, 18766.5]}]}}, {"type": "Feature", "geometry": {"type": "Point", "coordinates": [-73.524308016, 45.398928676]}, "properties": {"id": "52784139", "nom": "CASCADES CANADA ULC", "nature": "EGOU", "secteur": "population", "type": "rejet", "charts": [{"type": "bar", "title": "Volume annuel (m³) — CASCADES CANADA ULC", "labels": ["2001", "2002", "2003", "2004", "2005", "2006", "2007", "2008", "2009", "2010", "2011", "2012", "2013", "2014", "2015", "2016", "2017", "2018", "2019", "2020", "2021", "2022", "2023", "2024", "2025"], "values": [548567.0, 557590.0, 576899.0, 596798.0, 632246.0, 662758.0, 686692.0, 723694.0, 751892.0, 786531.0, 794143.0, 805898.0, 809847.0, 811218.0, 813126.0, 815373.0, 815447.0, 833262.0, 836340.0, 857147.0, 869929.0, 883729.0, 895811.0, 907108.0, 743579.0]}, {"type": "line", "title": "Profil mensuel moyen (m³/mois)", "labels": ["Jan", "Fév", "Mar", "Avr", "Mai", "Jun", "Jul", "Aoû", "Sep", "Oct", "Nov", "Déc"], "values": [67111.7, 53809.9, 63433.6, 66156.1, 66334.3, 43929.0, 64912.3, 61830.4, 70885.8, 69249.4, 68071.0, 70441.9]}]}}, {"type": "Feature", "geometry": {"type": "Point", "coordinates": [-73.670697, 45.4956858]}, "properties": {"id": "55589303", "nom": "KRAFT HEINZ CANADA ULC", "nature": "EGOU", "secteur": "population", "type": "rejet", "charts": [{"type": "bar", "title": "Volume annuel (m³) — KRAFT HEINZ CANADA ULC", "labels": ["2001", "2002", "2003", "2004", "2005", "2006", "2007", "2008", "2009", "2010", "2011", "2012", "2013", "2014", "2015", "2016", "2017", "2018", "2019", "2020", "2021", "2022", "2023", "2024", "2025"], "values": [975402.0, 970399.0, 971173.0, 952060.0, 953271.0, 948242.0, 940571.0, 932312.0, 930972.0, 944381.0, 949751.0, 953467.0, 950571.0, 953957.0, 950143.0, 953566.0, 965469.0, 982260.0, 991149.0, 980227.0, 957359.0, 954805.0, 992960.0, 1030218.0, 854743.0]}, {"type": "line", "title": "Profil mensuel moyen (m³/mois)", "labels": ["Jan", "Fév", "Mar", "Avr", "Mai", "Jun", "Jul", "Aoû", "Sep", "Oct", "Nov", "Déc"], "values": [79364.2, 80896.7, 79890.0, 84568.5, 76611.0, 81458.3, 93726.5, 72376.5, 84796.6, 79573.8, 86574.8, 63753.2]}]}}, {"type": "Feature", "geometry": {"type": "Point", "coordinates": [-73.800078, 45.421529]}, "properties": {"id": "26218529", "nom": "EPSILYTE CANADA, ULC", "nature": "EGOU", "secteur": "population", "type": "rejet", "charts": [{"type": "bar", "title": "Volume annuel (m³) — EPSILYTE CANADA, ULC", "labels": ["2001", "2002", "2003", "2004", "2005", "2006", "2007", "2008", "2009", "2010", "2011", "2012", "2013", "2014", "2015", "2016", "2017", "2018", "2019", "2020", "2021", "2022", "2023", "2024", "2025"], "values": [183009.0, 182152.0, 181581.0, 179770.0, 180715.0, 180708.0, 179122.0, 179422.0, 179194.0, 179707.0, 178693.0, 178706.0, 176544.0, 174461.0, 175329.0, 176780.0, 176905.0, 178927.0, 181094.0, 183486.0, 182874.0, 185552.0, 191275.0, 197301.0, 165468.0]}, {"type": "line", "title": "Profil mensuel moyen (m³/mois)", "labels": ["Jan", "Fév", "Mar", "Avr", "Mai", "Jun", "Jul", "Aoû", "Sep", "Oct", "Nov", "Déc"], "values": [10544.4, 9571.7, 15140.5, 17314.8, 18838.2, 15460.8, 18713.6, 13251.5, 16461.6, 16002.4, 14661.6, 15600.2]}]}}, {"type": "Feature", "geometry": {"type": "Point", "coordinates": [-72.78585, 47.418544]}, "properties": {"id": "54017371", "nom": "INDUSTRIES JOHN LEWIS LTÉE", "nature": "EGOU", "secteur": "population", "type": "rejet", "charts": [{"type": "bar", "title": "Volume annuel (m³) — INDUSTRIES JOHN LEWIS LTÉE", "labels": ["2001", "2002", "2003", "2004", "2005", "2006", "2007", "2008", "2009", "2010", "2011", "2012", "2013", "2014", "2015", "2016", "2017", "2018", "2019", "2020", "2021", "2022", "2023", "2024", "2025"], "values": [378396.0, 364291.0, 356178.0, 350152.0, 348737.0, 342927.0, 335253.0, 328060.0, 321873.0, 321164.0, 317134.0, 313534.0, 308392.0, 304924.0, 304069.0, 299910.0, 298276.0, 297766.0, 293511.0, 295142.0, 297395.0, 297384.0, 297537.0, 295910.0, 225401.0]}, {"type": "line", "title": "Profil mensuel moyen (m³/mois)", "labels": ["Jan", "Fév", "Mar", "Avr", "Mai", "Jun", "Jul", "Aoû", "Sep", "Oct", "Nov", "Déc"], "values": [6579.2, 26707.7, 26196.6, 26070.4, 24336.8, 12468.1, 32395.2, 23288.9, 34158.6, 33055.6, 58378.1, 15034.1]}]}}, {"type": "Feature", "geometry": {"type": "Point", "coordinates": [-72.00709528, 45.38697353]}, "properties": {"id": "22213920", "nom": "NORTH WEST RUBBER LTD.", "nature": "NATU", "secteur": "autre", "type": "rejet", "charts": [{"type": "bar", "title": "Volume annuel (m³) — NORTH WEST RUBBER LTD.", "labels": ["2001", "2002", "2003", "2004", "2005", "2006", "2007", "2008", "2009", "2010", "2011", "2012", "2013", "2014", "2015", "2016", "2017", "2018", "2019", "2020", "2021", "2022", "2023", "2024"], "values": [16883.0, 17143.0, 16649.0, 15700.0, 16938.0, 16247.0, 16004.0, 15440.0, 13519.0, 14389.0, 14325.0, 13962.0, 13358.0, 14341.0, 14670.0, 14656.0, 14577.0, 15013.0, 14467.0, 13719.0, 14430.0, 14786.0, 14689.0, 14523.0]}, {"type": "line", "title": "Profil mensuel moyen (m³/mois)", "labels": ["Jan", "Fév", "Mar", "Avr", "Mai", "Jun", "Jul", "Aoû", "Sep", "Oct", "Nov", "Déc"], "values": [0.0, 0.0, 68.2, 490.3, 2528.1, 1593.9, 3071.8, 3402.6, 2527.8, 1171.6, 163.6, 0.0]}]}}, {"type": "Feature", "geometry": {"type": "Point", "coordinates": [-73.6744705652, 45.4888397636]}, "properties": {"id": "90545534", "nom": "PHARMASCIENCE INC.", "nature": "EGOU", "secteur": "population", "type": "rejet", "charts": [{"type": "bar", "title": "Volume annuel (m³) — PHARMASCIENCE INC.", "labels": ["2001", "2002", "2003", "2004", "2005", "2006", "2007", "2008", "2009", "2010", "2011", "2012", "2013", "2014", "2015", "2016", "2017", "2018", "2019", "2020", "2021", "2022", "2023", "2024", "2025"], "values": [3169.0, 3150.0, 3147.0, 3117.0, 3134.0, 3113.0, 3085.0, 3062.0, 3059.0, 3088.0, 3083.0, 3098.0, 3083.0, 3079.0, 3075.0, 3077.0, 3092.0, 3136.0, 3151.0, 3161.0, 3092.0, 3090.0, 3172.0, 3276.0, 2695.0]}, {"type": "line", "title": "Profil mensuel moyen (m³/mois)", "labels": ["Jan", "Fév", "Mar", "Avr", "Mai", "Jun", "Jul", "Aoû", "Sep", "Oct", "Nov", "Déc"], "values": [261.9, 261.6, 262.3, 262.3, 255.2, 257.5, 258.3, 261.3, 256.6, 259.8, 261.6, 261.7]}]}}, {"type": "Feature", "geometry": {"type": "Point", "coordinates": [-72.012982, 45.522211]}, "properties": {"id": "90535485", "nom": "OLYMEL S.E.C.", "nature": "EGOU", "secteur": "population", "type": "rejet", "charts": [{"type": "bar", "title": "Volume annuel (m³) — OLYMEL S.E.C.", "labels": ["2001", "2002", "2003", "2004", "2005", "2006", "2007", "2008", "2009", "2010", "2011", "2012", "2013", "2014", "2015", "2016", "2017", "2018", "2019", "2020", "2021", "2022", "2023", "2024", "2025"], "values": [548990.0, 535484.0, 519734.0, 517975.0, 533422.0, 532247.0, 530277.0, 536888.0, 529829.0, 535092.0, 538127.0, 535207.0, 539957.0, 544743.0, 553137.0, 565328.0, 574540.0, 579043.0, 581256.0, 594434.0, 598728.0, 607111.0, 611350.0, 616776.0, 515819.0]}, {"type": "line", "title": "Profil mensuel moyen (m³/mois)", "labels": ["Jan", "Fév", "Mar", "Avr", "Mai", "Jun", "Jul", "Aoû", "Sep", "Oct", "Nov", "Déc"], "values": [46194.0, 47466.1, 44985.2, 43216.2, 46396.8, 43400.3, 49849.9, 47609.9, 45734.7, 51210.6, 48471.3, 44191.5]}]}}, {"type": "Feature", "geometry": {"type": "Point", "coordinates": [-71.3057865735, 46.1068223502]}, "properties": {"id": "90279233", "nom": "MÉTALLURGIE CASTECH INC.", "nature": "EGOU", "secteur": "population", "type": "rejet", "charts": [{"type": "bar", "title": "Volume annuel (m³) — MÉTALLURGIE CASTECH INC.", "labels": ["2001", "2002", "2003", "2004", "2005", "2006", "2007", "2008", "2009", "2010", "2011", "2012", "2013", "2014", "2015", "2016", "2017", "2018", "2019", "2020", "2021", "2022", "2023", "2024", "2025"], "values": [60355.0, 59201.0, 58246.0, 57344.0, 57320.0, 56066.0, 55711.0, 55078.0, 54726.0, 54867.0, 54753.0, 54294.0, 53484.0, 52895.0, 52548.0, 52369.0, 52366.0, 52227.0, 51767.0, 52004.0, 52612.0, 52223.0, 52947.0, 53260.0, 41190.0]}, {"type": "line", "title": "Profil mensuel moyen (m³/mois)", "labels": ["Jan", "Fév", "Mar", "Avr", "Mai", "Jun", "Jul", "Aoû", "Sep", "Oct", "Nov", "Déc"], "values": [2659.1, 2912.2, 5962.1, 2471.4, 1256.4, 2953.9, 3421.2, 7007.3, 7977.2, 5730.3, 5333.1, 6795.2]}]}}, {"type": "Feature", "geometry": {"type": "Point", "coordinates": [-71.0268841511, 46.4416732618]}, "properties": {"id": "54454590", "nom": "Boulangerie Canada Bread, Limitée", "nature": "EGOU", "secteur": "population", "type": "rejet", "charts": [{"type": "bar", "title": "Volume annuel (m³) — Boulangerie Canada Bread, Limitée", "labels": ["2001", "2002", "2003", "2004", "2005", "2006", "2007", "2008", "2009", "2010", "2011", "2012", "2013", "2014", "2015", "2016", "2017", "2018", "2019", "2020", "2021", "2022", "2023", "2024", "2025"], "values": [33699.0, 33439.0, 33137.0, 32855.0, 32938.0, 32909.0, 33486.0, 33914.0, 34595.0, 35508.0, 36016.0, 36217.0, 36457.0, 36445.0, 36730.0, 36536.0, 36417.0, 36302.0, 35142.0, 34008.0, 34500.0, 34385.0, 34459.0, 35137.0, 29800.0]}, {"type": "line", "title": "Profil mensuel moyen (m³/mois)", "labels": ["Jan", "Fév", "Mar", "Avr", "Mai", "Jun", "Jul", "Aoû", "Sep", "Oct", "Nov", "Déc"], "values": [3113.1, 2436.8, 3085.0, 3065.7, 2969.2, 2747.6, 2331.8, 3015.1, 3503.8, 3169.1, 2976.5, 2402.7]}]}}, {"type": "Feature", "geometry": {"type": "Point", "coordinates": [-69.519652, 47.818756]}, "properties": {"id": "11892841", "nom": "SOCIÉTÉ EN COMMANDITE FF SOUCY WB", "nature": "NATU", "secteur": "papier", "type": "rejet", "charts": [{"type": "bar", "title": "Volume annuel (m³) — SOCIÉTÉ EN COMMANDITE FF SOUCY WB", "labels": ["2001", "2002", "2003", "2004", "2005", "2006", "2007", "2008", "2009", "2010", "2011", "2012", "2013", "2014", "2015", "2016", "2017", "2018", "2019", "2020", "2021", "2022", "2023", "2024"], "values": [12756093.0, 13056042.0, 12300138.0, 10709901.0, 12437031.0, 11468968.0, 11291452.0, 10307826.0, 7808614.0, 8709172.0, 8344077.0, 7535549.0, 6626796.0, 7538865.0, 7521366.0, 7277102.0, 6830404.0, 6638895.0, 5752823.0, 5065188.0, 5207754.0, 5641563.0, 5999954.0, 5203754.0]}, {"type": "line", "title": "Profil mensuel moyen (m³/mois)", "labels": ["Jan", "Fév", "Mar", "Avr", "Mai", "Jun", "Jul", "Aoû", "Sep", "Oct", "Nov", "Déc"], "values": [818513.3, 775855.9, 817071.2, 786316.9, 768195.1, 743345.3, 697289.0, 564611.2, 344078.6, 838499.7, 615493.5, 648619.0]}]}}, {"type": "Feature", "geometry": {"type": "Point", "coordinates": [-73.681305, 45.636805]}, "properties": {"id": "18424408", "nom": "CONSTRUCTION DJL INC.", "nature": "NATU", "secteur": "autre", "type": "rejet", "charts": [{"type": "bar", "title": "Volume annuel (m³) — CONSTRUCTION DJL INC.", "labels": ["2001", "2002", "2003", "2004", "2005", "2006", "2007", "2008", "2009", "2010", "2011", "2012", "2013", "2014", "2015", "2016", "2017", "2018", "2019", "2020", "2021", "2022", "2023", "2024"], "values": [803668.0, 818053.0, 794112.0, 753196.0, 804539.0, 776365.0, 766878.0, 741369.0, 650827.0, 683833.0, 682462.0, 665817.0, 638122.0, 685511.0, 696450.0, 696323.0, 698530.0, 710331.0, 693107.0, 654569.0, 688318.0, 703757.0, 699765.0, 686934.0]}, {"type": "line", "title": "Profil mensuel moyen (m³/mois)", "labels": ["Jan", "Fév", "Mar", "Avr", "Mai", "Jun", "Jul", "Aoû", "Sep", "Oct", "Nov", "Déc"], "values": [90024.5, 48057.1, 219658.6, 52799.9, 46615.6, 73871.4, 17912.9, 17191.0, 48864.9, 41276.0, 52990.6, 7105.8]}]}}, {"type": "Feature", "geometry": {"type": "Point", "coordinates": [-74.0170684183, 45.6883977411]}, "properties": {"id": "X1501441", "nom": "Société en commandite Airbus Canada", "nature": "EGOU", "secteur": "population", "type": "rejet", "charts": [{"type": "bar", "title": "Volume annuel (m³) — Société en commandite Airbus Canada", "labels": ["2001", "2002", "2003", "2004", "2005", "2006", "2007", "2008", "2009", "2010", "2011", "2012", "2013", "2014", "2015", "2016", "2017", "2018", "2019", "2020", "2021", "2022", "2023", "2024", "2025"], "values": [45201.0, 46807.0, 48913.0, 50704.0, 53137.0, 55202.0, 56953.0, 58961.0, 60391.0, 62832.0, 64682.0, 66939.0, 68767.0, 70878.0, 73442.0, 75509.0, 77830.0, 80586.0, 82947.0, 86052.0, 89457.0, 91391.0, 93471.0, 95222.0, 78223.0]}, {"type": "line", "title": "Profil mensuel moyen (m³/mois)", "labels": ["Jan", "Fév", "Mar", "Avr", "Mai", "Jun", "Jul", "Aoû", "Sep", "Oct", "Nov", "Déc"], "values": [7220.0, 6682.1, 7080.7, 6076.7, 5455.6, 4791.0, 4812.3, 5585.9, 4799.7, 4666.3, 5728.0, 6990.4]}]}}, {"type": "Feature", "geometry": {"type": "Point", "coordinates": [-73.658867, 45.526039]}, "properties": {"id": "X2001031", "nom": "AGROPUR COOPÉRATIVE", "nature": "EGOU", "secteur": "population", "type": "rejet", "charts": [{"type": "bar", "title": "Volume annuel (m³) — AGROPUR COOPÉRATIVE", "labels": ["2001", "2002", "2003", "2004", "2005", "2006", "2007", "2008", "2009", "2010", "2011", "2012", "2013", "2014", "2015", "2016", "2017", "2018", "2019", "2020", "2021", "2022", "2023", "2024", "2025"], "values": [404018.0, 401610.0, 401198.0, 397392.0, 399827.0, 396884.0, 393323.0, 390241.0, 389770.0, 393719.0, 393113.0, 395041.0, 393126.0, 392638.0, 392011.0, 392382.0, 394252.0, 399926.0, 401751.0, 402991.0, 394303.0, 394016.0, 404573.0, 417885.0, 347048.0]}, {"type": "line", "title": "Profil mensuel moyen (m³/mois)", "labels": ["Jan", "Fév", "Mar", "Avr", "Mai", "Jun", "Jul", "Aoû", "Sep", "Oct", "Nov", "Déc"], "values": [30703.0, 29645.1, 33428.2, 30587.7, 33316.2, 34102.1, 36937.3, 34795.3, 33959.8, 37079.7, 31832.2, 31467.0]}]}}, {"type": "Feature", "geometry": {"type": "Point", "coordinates": [-77.727523, 48.113016]}, "properties": {"id": "90498775", "nom": "Eldorado Gold (Quebec) Inc.", "nature": "NATU", "secteur": "mines", "type": "rejet", "charts": [{"type": "bar", "title": "Volume annuel (m³) — Eldorado Gold (Quebec) Inc.", "labels": ["2001", "2002", "2003", "2004", "2005", "2006", "2007", "2008", "2009", "2010", "2011", "2012", "2013", "2014", "2015", "2016", "2017", "2018", "2019", "2020", "2021", "2022", "2023", "2024"], "values": [1858202.0, 1767598.0, 1894083.0, 1622297.0, 1489739.0, 1462441.0, 1534162.0, 1574658.0, 1510109.0, 1568908.0, 1695456.0, 1678305.0, 1860560.0, 2152385.0, 2320503.0, 2329921.0, 2477466.0, 2602070.0, 2528077.0, 2434910.0, 2576692.0, 2473000.0, 2591080.0, 2703344.0]}, {"type": "line", "title": "Profil mensuel moyen (m³/mois)", "labels": ["Jan", "Fév", "Mar", "Avr", "Mai", "Jun", "Jul", "Aoû", "Sep", "Oct", "Nov", "Déc"], "values": [117224.2, 90303.1, 144048.6, 191909.4, 121768.4, 198474.2, 173766.9, 220008.9, 195325.7, 179303.2, 261669.5, 135613.4]}]}}, {"type": "Feature", "geometry": {"type": "Point", "coordinates": [-72.96825, 46.49378]}, "properties": {"id": "25311895", "nom": "LES SOURCES ST-ÉLIE INC.", "nature": "NATU", "secteur": "autre", "type": "rejet", "charts": [{"type": "bar", "title": "Volume annuel (m³) — LES SOURCES ST-ÉLIE INC.", "labels": ["2001", "2002", "2003", "2004", "2005", "2006", "2007", "2008", "2009", "2010", "2011", "2012", "2013", "2014", "2015", "2016", "2017", "2018", "2019", "2020", "2021", "2022", "2023", "2024"], "values": [1009.0, 1027.0, 996.0, 945.0, 1011.0, 974.0, 962.0, 930.0, 815.0, 859.0, 858.0, 834.0, 801.0, 860.0, 875.0, 875.0, 876.0, 894.0, 870.0, 822.0, 864.0, 885.0, 879.0, 864.0]}, {"type": "line", "title": "Profil mensuel moyen (m³/mois)", "labels": ["Jan", "Fév", "Mar", "Avr", "Mai", "Jun", "Jul", "Aoû", "Sep", "Oct", "Nov", "Déc"], "values": [75.5, 75.4, 75.6, 75.6, 73.5, 74.2, 74.4, 75.3, 74.0, 75.0, 75.5, 75.5]}]}}, {"type": "Feature", "geometry": {"type": "Point", "coordinates": [-72.8072889, 45.3421111]}, "properties": {"id": "16751729", "nom": "ContiTech Canada inc.", "nature": "NATU", "secteur": "autre", "type": "rejet", "charts": [{"type": "bar", "title": "Volume annuel (m³) — ContiTech Canada inc.", "labels": ["2001", "2002", "2003", "2004", "2005", "2006", "2007", "2008", "2009", "2010", "2011", "2012", "2013", "2014", "2015", "2016", "2017", "2018", "2019", "2020", "2021", "2022", "2023", "2024"], "values": [30336.0, 30837.0, 29928.0, 28358.0, 30384.0, 29265.0, 28903.0, 27921.0, 24468.0, 25821.0, 25763.0, 25066.0, 24071.0, 25847.0, 26284.0, 26297.0, 26333.0, 26833.0, 26107.0, 24689.0, 25962.0, 26583.0, 26430.0, 25977.0]}, {"type": "line", "title": "Profil mensuel moyen (m³/mois)", "labels": ["Jan", "Fév", "Mar", "Avr", "Mai", "Jun", "Jul", "Aoû", "Sep", "Oct", "Nov", "Déc"], "values": [2243.2, 2205.3, 1916.9, 2388.4, 2618.0, 2681.8, 2320.6, 2135.9, 2264.8, 2487.0, 2233.0, 1524.2]}]}}, {"type": "Feature", "geometry": {"type": "Point", "coordinates": [-73.5485805556, 45.4886805556]}, "properties": {"id": "X2116022", "nom": "SAZERAC DU CANADA INC.", "nature": "EGOU", "secteur": "population", "type": "rejet", "charts": [{"type": "bar", "title": "Volume annuel (m³) — SAZERAC DU CANADA INC.", "labels": ["2001", "2002", "2003", "2004", "2005", "2006", "2007", "2008", "2009", "2010", "2011", "2012", "2013", "2014", "2015", "2016", "2017", "2018", "2019", "2020", "2021", "2022", "2023", "2024", "2025"], "values": [80865.0, 80323.0, 80245.0, 79505.0, 79904.0, 79396.0, 78707.0, 78075.0, 77991.0, 78792.0, 78647.0, 79048.0, 78669.0, 78524.0, 78478.0, 78527.0, 78902.0, 79964.0, 80315.0, 80568.0, 78926.0, 78878.0, 80943.0, 83588.0, 68263.0]}, {"type": "line", "title": "Profil mensuel moyen (m³/mois)", "labels": ["Jan", "Fév", "Mar", "Avr", "Mai", "Jun", "Jul", "Aoû", "Sep", "Oct", "Nov", "Déc"], "values": [7564.5, 1913.8, 7221.4, 7919.6, 7800.8, 5611.2, 6073.0, 6924.2, 6857.9, 7952.2, 7952.8, 5800.6]}]}}, {"type": "Feature", "geometry": {"type": "Point", "coordinates": [-72.942189, 45.646585]}, "properties": {"id": "55342869", "nom": "SAPUTO PRODUITS LAITIERS CANADA S.E.N.C.", "nature": "EGOU", "secteur": "population", "type": "rejet", "charts": [{"type": "bar", "title": "Volume annuel (m³) — SAPUTO PRODUITS LAITIERS CANADA S.E.N.C.", "labels": ["2001", "2002", "2003", "2004", "2005", "2006", "2007", "2008", "2009", "2010", "2011", "2012", "2013", "2014", "2015", "2016", "2017", "2018", "2019", "2020", "2021", "2022", "2023", "2024", "2025"], "values": [562.0, 556.0, 555.0, 550.0, 555.0, 551.0, 551.0, 549.0, 545.0, 554.0, 552.0, 556.0, 554.0, 555.0, 556.0, 558.0, 556.0, 554.0, 551.0, 556.0, 560.0, 564.0, 572.0, 580.0, 478.0]}, {"type": "line", "title": "Profil mensuel moyen (m³/mois)", "labels": ["Jan", "Fév", "Mar", "Avr", "Mai", "Jun", "Jul", "Aoû", "Sep", "Oct", "Nov", "Déc"], "values": [42.5, 41.7, 45.9, 45.4, 46.5, 45.8, 50.6, 50.2, 49.1, 45.2, 46.4, 47.8]}]}}, {"type": "Feature", "geometry": {"type": "Point", "coordinates": [-67.352872, 52.757507]}, "properties": {"id": "X0900848", "nom": "ArcelorMittal Exploitation Minière Canada s.e.n.c.", "nature": "NATU", "secteur": "mines", "type": "rejet", "charts": [{"type": "bar", "title": "Volume annuel (m³) — ArcelorMittal Exploitation Minière Canad", "labels": ["2001", "2002", "2003", "2004", "2005", "2006", "2007", "2008", "2009", "2010", "2011", "2012", "2013", "2014", "2015", "2016", "2017", "2018", "2019", "2020", "2021", "2022", "2023", "2024"], "values": [63293422.0, 59391453.0, 64136268.0, 54651001.0, 50531554.0, 49918311.0, 52095490.0, 53200191.0, 50983334.0, 53328358.0, 57361306.0, 57125810.0, 63082811.0, 73132822.0, 78513647.0, 78912036.0, 83780118.0, 88049059.0, 85169970.0, 82640124.0, 87381942.0, 83923511.0, 87763102.0, 92128052.0]}, {"type": "line", "title": "Profil mensuel moyen (m³/mois)", "labels": ["Jan", "Fév", "Mar", "Avr", "Mai", "Jun", "Jul", "Aoû", "Sep", "Oct", "Nov", "Déc"], "values": [822633.8, 655900.4, 992744.0, 2162892.6, 7447315.0, 8386792.6, 3114638.9, 2324172.2, 1467768.3, 2988403.5, 2647907.8, 1374116.3]}]}}, {"type": "Feature", "geometry": {"type": "Point", "coordinates": [-71.15534, 48.321877]}, "properties": {"id": "54177746", "nom": "NIOBEC INC.", "nature": "NATU", "secteur": "mines", "type": "rejet", "charts": [{"type": "bar", "title": "Volume annuel (m³) — NIOBEC INC.", "labels": ["2001", "2002", "2003", "2004", "2005", "2006", "2007", "2008", "2009", "2010", "2011", "2012", "2013", "2014", "2015", "2016", "2017", "2018", "2019", "2020", "2021", "2022", "2023", "2024"], "values": [4697581.0, 4469100.0, 4788283.0, 4107538.0, 3762178.0, 3703364.0, 3881817.0, 3982759.0, 3821482.0, 3974375.0, 4287534.0, 4248536.0, 4711896.0, 5446028.0, 5869008.0, 5890664.0, 6265906.0, 6585260.0, 6401187.0, 6159503.0, 6509046.0, 6251247.0, 6553336.0, 6834469.0]}, {"type": "line", "title": "Profil mensuel moyen (m³/mois)", "labels": ["Jan", "Fév", "Mar", "Avr", "Mai", "Jun", "Jul", "Aoû", "Sep", "Oct", "Nov", "Déc"], "values": [421316.3, 445722.5, 513467.7, 489501.1, 404229.1, 386680.3, 449822.1, 399837.3, 351066.0, 397189.2, 408306.8, 466282.4]}]}}, {"type": "Feature", "geometry": {"type": "Point", "coordinates": [-73.6541022, 45.4217791]}, "properties": {"id": "90486168", "nom": "AB MAURI (CANADA) LIMITÉE", "nature": "NATU", "secteur": "autre", "type": "rejet", "charts": [{"type": "bar", "title": "Volume annuel (m³) — AB MAURI (CANADA) LIMITÉE", "labels": ["2001", "2002", "2003", "2004", "2005", "2006", "2007", "2008", "2009", "2010", "2011", "2012", "2013", "2014", "2015", "2016", "2017", "2018", "2019", "2020", "2021", "2022", "2023", "2024", "2025"], "values": [6225.0, 6308.0, 6144.0, 5838.0, 6234.0, 6015.0, 5937.0, 5750.0, 5111.0, 5374.0, 5360.0, 5238.0, 5045.0, 5376.0, 5454.0, 5459.0, 5461.0, 5575.0, 5435.0, 5181.0, 5403.0, 5513.0, 5500.0, 5445.0, 531.0]}, {"type": "line", "title": "Profil mensuel moyen (m³/mois)", "labels": ["Jan", "Fév", "Mar", "Avr", "Mai", "Jun", "Jul", "Aoû", "Sep", "Oct", "Nov", "Déc"], "values": [176.8, 172.0, 173.6, 196.2, 275.0, 359.7, 308.4, 312.4, 242.2, 239.3, 175.4, 128.5]}]}}, {"type": "Feature", "geometry": {"type": "Point", "coordinates": [-72.0751054127, 45.8608682691]}, "properties": {"id": "X1700119", "nom": "CASCADES CANADA ULC", "nature": "NATU", "secteur": "papier", "type": "rejet", "charts": [{"type": "bar", "title": "Volume annuel (m³) — CASCADES CANADA ULC", "labels": ["2001", "2002", "2003", "2004", "2005", "2006", "2007", "2008", "2009", "2010", "2011", "2012", "2013", "2014", "2015", "2016", "2017", "2018", "2019", "2020", "2021", "2022", "2023", "2024"], "values": [4824602.0, 4944946.0, 4656384.0, 4051941.0, 4707176.0, 4332881.0, 4268359.0, 3898181.0, 2953714.0, 3291984.0, 3157328.0, 2848693.0, 2504739.0, 2850254.0, 2848909.0, 2754083.0, 2583797.0, 2512964.0, 2175799.0, 1915324.0, 1969780.0, 2134068.0, 2269521.0, 1968997.0]}, {"type": "line", "title": "Profil mensuel moyen (m³/mois)", "labels": ["Jan", "Fév", "Mar", "Avr", "Mai", "Jun", "Jul", "Aoû", "Sep", "Oct", "Nov", "Déc"], "values": [247622.7, 293692.1, 280634.8, 252052.3, 250381.6, 254517.0, 265911.8, 279363.3, 241320.4, 294090.0, 269894.4, 254870.7]}]}}, {"type": "Feature", "geometry": {"type": "Point", "coordinates": [-73.4629788686, 45.9645252401]}, "properties": {"id": "52686292", "nom": "Produits Kruger inc.", "nature": "EGOU", "secteur": "population", "type": "rejet", "charts": [{"type": "bar", "title": "Volume annuel (m³) — Produits Kruger inc.", "labels": ["2001", "2002", "2003", "2004", "2005", "2006", "2007", "2008", "2009", "2010", "2011", "2012", "2013", "2014", "2015", "2016", "2017", "2018", "2019", "2020", "2021", "2022", "2023", "2024", "2025"], "values": [5345499.0, 5270957.0, 5234423.0, 5229795.0, 5240719.0, 5304635.0, 5414100.0, 5520846.0, 5625467.0, 5805820.0, 5842221.0, 5843210.0, 5816682.0, 5867809.0, 5758653.0, 5710711.0, 5676767.0, 5724664.0, 5727885.0, 5774710.0, 5894487.0, 5944904.0, 5864955.0, 5788435.0, 4819692.0]}, {"type": "line", "title": "Profil mensuel moyen (m³/mois)", "labels": ["Jan", "Fév", "Mar", "Avr", "Mai", "Jun", "Jul", "Aoû", "Sep", "Oct", "Nov", "Déc"], "values": [520892.0, 505304.4, 514788.2, 495147.6, 523549.4, 237182.7, 449728.1, 537383.2, 449838.0, 471485.0, 463007.5, 470974.9]}]}}, {"type": "Feature", "geometry": {"type": "Point", "coordinates": [-71.1765845598, 46.887717163]}, "properties": {"id": "16405250", "nom": "CARRIÈRES QUÉBEC INC.", "nature": "EGOU", "secteur": "population", "type": "rejet", "charts": [{"type": "bar", "title": "Volume annuel (m³) — CARRIÈRES QUÉBEC INC.", "labels": ["2001", "2002", "2003", "2004", "2005", "2006", "2007", "2008", "2009", "2010", "2011", "2012", "2013", "2014", "2015", "2016", "2017", "2018", "2019", "2020", "2021", "2022", "2023", "2024", "2025"], "values": [599605.0, 591283.0, 593305.0, 587311.0, 594415.0, 597449.0, 593005.0, 594337.0, 593836.0, 607376.0, 605016.0, 609690.0, 604159.0, 602893.0, 601142.0, 601778.0, 599976.0, 604803.0, 600446.0, 608199.0, 605397.0, 608742.0, 620812.0, 637135.0, 631053.0]}, {"type": "line", "title": "Profil mensuel moyen (m³/mois)", "labels": ["Jan", "Fév", "Mar", "Avr", "Mai", "Jun", "Jul", "Aoû", "Sep", "Oct", "Nov", "Déc"], "values": [45846.4, 48149.5, 41766.6, 90237.0, 111680.4, 102565.7, 103333.4, 30457.5, 11529.3, 16161.6, 2082.4, 0.0]}]}}, {"type": "Feature", "geometry": {"type": "Point", "coordinates": [-73.703749783, 45.3050540302]}, "properties": {"id": "24231300", "nom": "Unisoya (1986) inc.", "nature": "NATU", "secteur": "autre", "type": "rejet", "charts": [{"type": "bar", "title": "Volume annuel (m³) — Unisoya (1986) inc.", "labels": ["2001", "2002", "2003", "2004", "2005", "2006", "2007", "2008", "2009", "2010", "2011", "2012", "2013", "2014", "2015", "2016", "2017", "2018", "2019", "2020", "2021", "2022", "2023", "2024"], "values": [43221.0, 43996.0, 42665.0, 40448.0, 43293.0, 41689.0, 41182.0, 39811.0, 34902.0, 36798.0, 36723.0, 35718.0, 34309.0, 36835.0, 37476.0, 37484.0, 37527.0, 38265.0, 37246.0, 35194.0, 36993.0, 37884.0, 37656.0, 36996.0]}, {"type": "line", "title": "Profil mensuel moyen (m³/mois)", "labels": ["Jan", "Fév", "Mar", "Avr", "Mai", "Jun", "Jul", "Aoû", "Sep", "Oct", "Nov", "Déc"], "values": [3231.7, 3228.4, 3236.6, 3236.6, 3147.9, 3176.4, 3185.4, 3224.8, 3166.7, 3210.8, 3233.6, 3234.0]}]}}, {"type": "Feature", "geometry": {"type": "Point", "coordinates": [-73.4211166667, 45.7110583333]}, "properties": {"id": "90485459", "nom": "AIR LIQUIDE CANADA INC.", "nature": "NATU", "secteur": "autre", "type": "rejet", "charts": [{"type": "bar", "title": "Volume annuel (m³) — AIR LIQUIDE CANADA INC.", "labels": ["2001", "2002", "2003", "2004", "2005", "2006", "2007", "2008", "2009", "2010", "2011", "2012", "2013", "2014", "2015", "2016", "2017", "2018", "2019", "2020", "2021", "2022", "2023", "2024"], "values": [139401.0, 141659.0, 137614.0, 129828.0, 139772.0, 134791.0, 132369.0, 128126.0, 112278.0, 119052.0, 118156.0, 115410.0, 110411.0, 118650.0, 120851.0, 120752.0, 120270.0, 123906.0, 119839.0, 113621.0, 119171.0, 121852.0, 121050.0, 119602.0]}, {"type": "line", "title": "Profil mensuel moyen (m³/mois)", "labels": ["Jan", "Fév", "Mar", "Avr", "Mai", "Jun", "Jul", "Aoû", "Sep", "Oct", "Nov", "Déc"], "values": [9004.4, 8607.6, 10214.6, 12941.2, 16802.6, 18736.8, 19310.8, 18642.8, 9818.4, 4.2, 16.8, 1.0]}]}}, {"type": "Feature", "geometry": {"type": "Point", "coordinates": [-71.8650433871, 46.3776428429]}, "properties": {"id": "X2102259", "nom": "Fruit d'Or inc.", "nature": "NATU", "secteur": "autre", "type": "rejet", "charts": [{"type": "bar", "title": "Volume annuel (m³) — Fruit d'Or inc.", "labels": ["2001", "2002", "2003", "2004", "2005", "2006", "2007", "2008", "2009", "2010", "2011", "2012", "2013", "2014", "2015", "2016", "2017", "2018", "2019", "2020", "2021", "2022", "2023", "2024"], "values": [9094.0, 9254.0, 8984.0, 8469.0, 9106.0, 8732.0, 8628.0, 8340.0, 7329.0, 7726.0, 7699.0, 7502.0, 7178.0, 7725.0, 7896.0, 7880.0, 7857.0, 8055.0, 7795.0, 7371.0, 7790.0, 7942.0, 7882.0, 7781.0]}, {"type": "line", "title": "Profil mensuel moyen (m³/mois)", "labels": ["Jan", "Fév", "Mar", "Avr", "Mai", "Jun", "Jul", "Aoû", "Sep", "Oct", "Nov", "Déc"], "values": [510.5, 824.1, 593.1, 676.1, 756.6, 974.6, 397.8, 1646.4, 1257.2, 205.2, 156.3, 86.0]}]}}, {"type": "Feature", "geometry": {"type": "Point", "coordinates": [-66.876081, 50.021475]}, "properties": {"id": "90473620", "nom": "ARBEC, BOIS D'OEUVRE INC.", "nature": "NATU", "secteur": "autre", "type": "rejet", "charts": [{"type": "bar", "title": "Volume annuel (m³) — ARBEC, BOIS D'OEUVRE INC.", "labels": ["2001", "2002", "2003", "2004", "2005", "2006", "2007", "2008", "2009", "2010", "2011", "2012", "2013", "2014", "2015", "2016", "2017", "2018", "2019", "2020", "2021", "2022", "2023", "2024"], "values": [180987.0, 184173.0, 178606.0, 169414.0, 181460.0, 174510.0, 172578.0, 166679.0, 146013.0, 153980.0, 153881.0, 149562.0, 143732.0, 154297.0, 156820.0, 157014.0, 157362.0, 160110.0, 155967.0, 147372.0, 154994.0, 158745.0, 157923.0, 155008.0]}, {"type": "line", "title": "Profil mensuel moyen (m³/mois)", "labels": ["Jan", "Fév", "Mar", "Avr", "Mai", "Jun", "Jul", "Aoû", "Sep", "Oct", "Nov", "Déc"], "values": [12660.7, 11796.2, 12681.7, 11660.4, 12107.8, 13848.1, 15026.1, 12448.4, 14320.3, 19030.5, 15165.5, 10553.7]}]}}, {"type": "Feature", "geometry": {"type": "Point", "coordinates": [-71.988238, 46.204844]}, "properties": {"id": "X2048123", "nom": "CARRIÈRES P.C.M. INC.", "nature": "NATU", "secteur": "autre", "type": "rejet", "charts": [{"type": "bar", "title": "Volume annuel (m³) — CARRIÈRES P.C.M. INC.", "labels": ["2001", "2002", "2003", "2004", "2005", "2006", "2007", "2008", "2009", "2010", "2011", "2012", "2013", "2014", "2015", "2016", "2017", "2018", "2019", "2020", "2021", "2022", "2023", "2024"], "values": [152.0, 155.0, 150.0, 142.0, 152.0, 147.0, 145.0, 140.0, 123.0, 130.0, 129.0, 126.0, 121.0, 129.0, 132.0, 132.0, 132.0, 135.0, 131.0, 124.0, 130.0, 133.0, 133.0, 130.0]}, {"type": "line", "title": "Profil mensuel moyen (m³/mois)", "labels": ["Jan", "Fév", "Mar", "Avr", "Mai", "Jun", "Jul", "Aoû", "Sep", "Oct", "Nov", "Déc"], "values": [0.0, 0.0, 22.5, 30.3, 20.7, 8.4, 16.4, 18.5, 9.1, 8.9, 0.8, 0.0]}]}}, {"type": "Feature", "geometry": {"type": "Point", "coordinates": [-73.53189, 45.54656]}, "properties": {"id": "X0600173", "nom": "LANTIC INC.", "nature": "EGOU", "secteur": "population", "type": "rejet", "charts": [{"type": "bar", "title": "Volume annuel (m³) — LANTIC INC.", "labels": ["2001", "2002", "2003", "2004", "2005", "2006", "2007", "2008", "2009", "2010", "2011", "2012", "2013", "2014", "2015", "2016", "2017", "2018", "2019", "2020", "2021", "2022", "2023", "2024", "2025"], "values": [9823272.0, 9771921.0, 9757013.0, 9651447.0, 9733391.0, 9650196.0, 9549509.0, 9484623.0, 9469060.0, 9583978.0, 9557495.0, 9611664.0, 9554585.0, 9542995.0, 9533356.0, 9544743.0, 9565848.0, 9748638.0, 9771677.0, 9807819.0, 9589843.0, 9578985.0, 9828987.0, 10169040.0, 8871188.0]}, {"type": "line", "title": "Profil mensuel moyen (m³/mois)", "labels": ["Jan", "Fév", "Mar", "Avr", "Mai", "Jun", "Jul", "Aoû", "Sep", "Oct", "Nov", "Déc"], "values": [314055.9, 263973.6, 343679.4, 375186.7, 401228.1, 451239.2, 661397.5, 684271.8, 408650.8, 366733.1, 320509.0, 246792.5]}]}}, {"type": "Feature", "geometry": {"type": "Point", "coordinates": [-70.91778, 46.15349]}, "properties": {"id": "23317613", "nom": "LES LAINAGES VICTOR LTÉE", "nature": "EGOU", "secteur": "population", "type": "rejet", "charts": [{"type": "bar", "title": "Volume annuel (m³) — LES LAINAGES VICTOR LTÉE", "labels": ["2001", "2002", "2003", "2004", "2005", "2006", "2007", "2008", "2009", "2010", "2011", "2012", "2013", "2014", "2015", "2016", "2017", "2018", "2019", "2020", "2021", "2022", "2023", "2024", "2025"], "values": [246554.0, 241238.0, 244362.0, 242019.0, 245201.0, 244874.0, 239083.0, 235557.0, 237487.0, 233567.0, 228163.0, 229803.0, 226767.0, 224689.0, 221675.0, 219867.0, 217608.0, 214533.0, 211452.0, 210076.0, 204065.0, 201140.0, 203790.0, 202196.0, 167966.0]}, {"type": "line", "title": "Profil mensuel moyen (m³/mois)", "labels": ["Jan", "Fév", "Mar", "Avr", "Mai", "Jun", "Jul", "Aoû", "Sep", "Oct", "Nov", "Déc"], "values": [14377.4, 20199.7, 24824.9, 18004.1, 13707.7, 22439.6, 18563.8, 20264.9, 18173.4, 18145.7, 17807.3, 18701.3]}]}}]}