{"type": "FeatureCollection", "features": [{"type": "Feature", "geometry": {"type": "Point", "coordinates": [-79.233157, 49.57025]}, "properties": {"site": "90379504", "intervenant": "HECLA QUÉBEC INC.", "nature": "NATU", "secteur": "mines", "volume_annuel_moyen_m3": 2790633, "volumes_annuels": "{\"labels\": [\"2001\", \"2002\", \"2003\", \"2004\", \"2005\", \"2006\", \"2007\", \"2008\", \"2009\", \"2010\", \"2011\", \"2012\", \"2013\", \"2014\", \"2015\", \"2016\", \"2017\", \"2018\", \"2019\", \"2020\", \"2021\", \"2022\", \"2023\", \"2024\"], \"values\": [2350342, 2265197, 2436436, 2111570, 1926013, 1910429, 2020153, 2090854, 2025792, 2099596, 2282112, 2198436, 2574191, 3006630, 3230824, 3313575, 3589200, 3582249, 3531215, 3510146, 3767143, 3565330, 3685810, 3901947]}", "profil_mensuel": "{\"labels\": [\"Jan\", \"F\\u00e9v\", \"Mar\", \"Avr\", \"Mai\", \"Jun\", \"Jul\", \"Ao\\u00fb\", \"Sep\", \"Oct\", \"Nov\", \"D\\u00e9c\"], \"values\": [178.3, 159.4, 137.6, 132.1, 111.3, 79.0, 169852.5, 325541.1, 200065.4, 115206.4, 118617.5, 130.3]}"}}, {"type": "Feature", "geometry": {"type": "Point", "coordinates": [-73.291774, 45.304387]}, "properties": {"site": "X2122486", "intervenant": "OLYMEL S.E.C.", "nature": "EGOU", "secteur": "population", "volume_annuel_moyen_m3": 18745, "volumes_annuels": "{\"labels\": [\"2001\", \"2002\", \"2003\", \"2004\", \"2005\", \"2006\", \"2007\", \"2008\", \"2009\", \"2010\", \"2011\", \"2012\", \"2013\", \"2014\", \"2015\", \"2016\", \"2017\", \"2018\", \"2019\", \"2020\", \"2021\", \"2022\", \"2023\", \"2024\"], \"values\": [16500, 16795, 17173, 17469, 17763, 18028, 18303, 18549, 18742, 18919, 19012, 18354, 19392, 19412, 18533, 19605, 18798, 18853, 19243, 19937, 20232, 19888, 19916, 20462]}", "profil_mensuel": "{\"labels\": [\"Jan\", \"F\\u00e9v\", \"Mar\", \"Avr\", \"Mai\", \"Jun\", \"Jul\", \"Ao\\u00fb\", \"Sep\", \"Oct\", \"Nov\", \"D\\u00e9c\"], \"values\": [1779.5, 2281.1, 2751.2, 2961.4, 3691.2, 2630.2, 2650.2, 0.0, 0.0, 0.0, 0.0, 0.0]}"}}, {"type": "Feature", "geometry": {"type": "Point", "coordinates": [-73.668814, 45.90658]}, "properties": {"site": "55523641", "intervenant": "OLYMEL S.E.C.", "nature": "NATU", "secteur": "agroalimentaire", "volume_annuel_moyen_m3": 122684, "volumes_annuels": "{\"labels\": [\"2001\", \"2002\", \"2003\", \"2004\", \"2005\", \"2006\", \"2007\", \"2008\", \"2009\", \"2010\", \"2011\", \"2012\", \"2013\", \"2014\", \"2015\", \"2016\", \"2017\", \"2018\", \"2019\", \"2020\", \"2021\", \"2022\", \"2023\", \"2024\"], \"values\": [111643, 112003, 111079, 112555, 111575, 112101, 114634, 116013, 117711, 119784, 120101, 113977, 120582, 124675, 122263, 130033, 128259, 125000, 124777, 128621, 135297, 140281, 143889, 147560]}", "profil_mensuel": "{\"labels\": [\"Jan\", \"F\\u00e9v\", \"Mar\", \"Avr\", \"Mai\", \"Jun\", \"Jul\", \"Ao\\u00fb\", \"Sep\", \"Oct\", \"Nov\", \"D\\u00e9c\"], \"values\": [3743.7, 4268.6, 3800.1, 5538.4, 6342.1, 4441.3, 5163.8, 7758.5, 4780.9, 4854.5, 5969.8, 4680.3]}"}}, {"type": "Feature", "geometry": {"type": "Point", "coordinates": [-75.99774, 46.390234]}, "properties": {"site": "X0700081", "intervenant": "PF RÉSOLU CANADA INC.", "nature": "EGOU", "secteur": "population", "volume_annuel_moyen_m3": 1476, "volumes_annuels": "{\"labels\": [\"2001\", \"2002\", \"2003\", \"2004\", \"2005\", \"2006\", \"2007\", \"2008\", \"2009\", \"2010\", \"2011\", \"2012\", \"2013\", \"2014\", \"2015\", \"2016\", \"2017\", \"2018\", \"2019\", \"2020\", \"2021\", \"2022\", \"2023\", \"2024\"], \"values\": [1438, 1458, 1483, 1494, 1537, 1559, 1524, 1504, 1481, 1476, 1495, 1457, 1517, 1542, 1431, 1533, 1456, 1423, 1413, 1456, 1470, 1428, 1428, 1431]}", "profil_mensuel": "{\"labels\": [\"Jan\", \"F\\u00e9v\", \"Mar\", \"Avr\", \"Mai\", \"Jun\", \"Jul\", \"Ao\\u00fb\", \"Sep\", \"Oct\", \"Nov\", \"D\\u00e9c\"], \"values\": [87.2, 53.8, 178.2, 86.0, 83.7, 236.0, 89.0, 96.4, 89.6, 4.1, 345.2, 127.3]}"}}, {"type": "Feature", "geometry": {"type": "Point", "coordinates": [-71.4417096802, 46.8861430258]}, "properties": {"site": "54757646", "intervenant": "INTER-CITÉ USINAGE INC.", "nature": "NATU", "secteur": "autre", "volume_annuel_moyen_m3": 411956, "volumes_annuels": "{\"labels\": [\"2001\", \"2002\", \"2003\", \"2004\", \"2005\", \"2006\", \"2007\", \"2008\", \"2009\", \"2010\", \"2011\", \"2012\", \"2013\", \"2014\", \"2015\", \"2016\", \"2017\", \"2018\", \"2019\", \"2020\", \"2021\", \"2022\", \"2023\", \"2024\"], \"values\": [429863, 443511, 431605, 413620, 440573, 427836, 426158, 415783, 368075, 386780, 388668, 365948, 375755, 409381, 399605, 429896, 416130, 410703, 406215, 398615, 427141, 427335, 427923, 419828]}", "profil_mensuel": "{\"labels\": [\"Jan\", \"F\\u00e9v\", \"Mar\", \"Avr\", \"Mai\", \"Jun\", \"Jul\", \"Ao\\u00fb\", \"Sep\", \"Oct\", \"Nov\", \"D\\u00e9c\"], \"values\": [0.0, 0.0, 37018.8, 50375.0, 15106.4, 26879.4, 15384.1, 29451.0, 83841.4, 92535.1, 61365.0, 0.0]}"}}, {"type": "Feature", "geometry": {"type": "Point", "coordinates": [-72.508369, 45.710721]}, "properties": {"site": "14764807", "intervenant": "Germain Blanchard ltée", "nature": "NATU", "secteur": "autre", "volume_annuel_moyen_m3": 37481, "volumes_annuels": "{\"labels\": [\"2001\", \"2002\", \"2003\", \"2004\", \"2005\", \"2006\", \"2007\", \"2008\", \"2009\", \"2010\", \"2011\", \"2012\", \"2013\", \"2014\", \"2015\", \"2016\", \"2017\", \"2018\", \"2019\", \"2020\", \"2021\", \"2022\", \"2023\", \"2024\"], \"values\": [39214, 40459, 39373, 37733, 40191, 39030, 38877, 37930, 33578, 35284, 35456, 33326, 33984, 36630, 36835, 38142, 37655, 37636, 37122, 36376, 38900, 39131, 38379, 38299]}", "profil_mensuel": "{\"labels\": [\"Jan\", \"F\\u00e9v\", \"Mar\", \"Avr\", \"Mai\", \"Jun\", \"Jul\", \"Ao\\u00fb\", \"Sep\", \"Oct\", \"Nov\", \"D\\u00e9c\"], \"values\": [0.0, 0.0, 6508.6, 0.0, 8242.9, 3390.1, 4046.9, 4145.8, 5788.2, 1999.7, 903.6, 2455.0]}"}}, {"type": "Feature", "geometry": {"type": "Point", "coordinates": [-73.2898246813, 45.439202036]}, "properties": {"site": "55325591", "intervenant": "LES BRASSERIES SLEEMAN LTÉE", "nature": "EGOU", "secteur": "population", "volume_annuel_moyen_m3": 124814, "volumes_annuels": "{\"labels\": [\"2001\", \"2002\", \"2003\", \"2004\", \"2005\", \"2006\", \"2007\", \"2008\", \"2009\", \"2010\", \"2011\", \"2012\", \"2013\", \"2014\", \"2015\", \"2016\", \"2017\", \"2018\", \"2019\", \"2020\", \"2021\", \"2022\", \"2023\", \"2024\"], \"values\": [96428, 97869, 100348, 101970, 103815, 106700, 108536, 110964, 113276, 117186, 120467, 121436, 131040, 133101, 130426, 140574, 139339, 139240, 142770, 148234, 150914, 146853, 145944, 148117]}", "profil_mensuel": "{\"labels\": [\"Jan\", \"F\\u00e9v\", \"Mar\", \"Avr\", \"Mai\", \"Jun\", \"Jul\", \"Ao\\u00fb\", \"Sep\", \"Oct\", \"Nov\", \"D\\u00e9c\"], \"values\": [10001.0, 8262.7, 9189.8, 8329.1, 11616.9, 10460.7, 10261.8, 15017.2, 11484.9, 14284.2, 6337.8, 9568.3]}"}}, {"type": "Feature", "geometry": {"type": "Point", "coordinates": [-73.554, 45.5087]}, "properties": {"site": "53376968", "intervenant": "E-Z-EM Canada inc.", "nature": "EGOU", "secteur": "population", "volume_annuel_moyen_m3": 7986, "volumes_annuels": "{\"labels\": [\"2001\", \"2002\", \"2003\", \"2004\", \"2005\", \"2006\", \"2007\", \"2008\", \"2009\", \"2010\", \"2011\", \"2012\", \"2013\", \"2014\", \"2015\", \"2016\", \"2017\", \"2018\", \"2019\", \"2020\", \"2021\", \"2022\", \"2023\", \"2024\"], \"values\": [7551, 7610, 7628, 7638, 7643, 7655, 7649, 7662, 7730, 7778, 7818, 7675, 8114, 8161, 7788, 8321, 8075, 8100, 8276, 8562, 8466, 8319, 8536, 8908]}", "profil_mensuel": "{\"labels\": [\"Jan\", \"F\\u00e9v\", \"Mar\", \"Avr\", \"Mai\", \"Jun\", \"Jul\", \"Ao\\u00fb\", \"Sep\", \"Oct\", \"Nov\", \"D\\u00e9c\"], \"values\": [697.8, 642.7, 652.3, 659.0, 694.9, 594.3, 688.6, 675.3, 639.9, 706.4, 654.9, 679.8]}"}}, {"type": "Feature", "geometry": {"type": "Point", "coordinates": [-71.864063, 46.890315]}, "properties": {"site": "X0300825", "intervenant": "SAPUTO PRODUITS LAITIERS CANADA S.E.N.C.", "nature": "EGOU", "secteur": "population", "volume_annuel_moyen_m3": 79, "volumes_annuels": "{\"labels\": [\"2001\", \"2002\", \"2003\", \"2004\", \"2005\", \"2006\", \"2007\", \"2008\", \"2009\", \"2010\", \"2011\", \"2012\", \"2013\", \"2014\", \"2015\", \"2016\", \"2017\", \"2018\", \"2019\", \"2020\", \"2021\", \"2022\", \"2023\", \"2024\"], \"values\": [71, 71, 71, 72, 72, 73, 73, 73, 73, 75, 76, 75, 80, 81, 78, 84, 82, 81, 82, 87, 90, 89, 90, 92]}", "profil_mensuel": "{\"labels\": [\"Jan\", \"F\\u00e9v\", \"Mar\", \"Avr\", \"Mai\", \"Jun\", \"Jul\", \"Ao\\u00fb\", \"Sep\", \"Oct\", \"Nov\", \"D\\u00e9c\"], \"values\": [6.0, 6.2, 6.4, 6.2, 6.6, 6.1, 6.6, 7.8, 7.5, 7.5, 6.4, 5.4]}"}}, {"type": "Feature", "geometry": {"type": "Point", "coordinates": [-73.0452111111, 45.07641]}, "properties": {"site": "X1606081", "intervenant": "Omya Canada inc.", "nature": "NATU", "secteur": "autre", "volume_annuel_moyen_m3": 620140, "volumes_annuels": "{\"labels\": [\"2001\", \"2002\", \"2003\", \"2004\", \"2005\", \"2006\", \"2007\", \"2008\", \"2009\", \"2010\", \"2011\", \"2012\", \"2013\", \"2014\", \"2015\", \"2016\", \"2017\", \"2018\", \"2019\", \"2020\", \"2021\", \"2022\", \"2023\", \"2024\"], \"values\": [651243, 671919, 653881, 626634, 667467, 648171, 645630, 629910, 557633, 585971, 588831, 553768, 564029, 611024, 599128, 625508, 617143, 621091, 618819, 600596, 633531, 641962, 633437, 636039]}", "profil_mensuel": "{\"labels\": [\"Jan\", \"F\\u00e9v\", \"Mar\", \"Avr\", \"Mai\", \"Jun\", \"Jul\", \"Ao\\u00fb\", \"Sep\", \"Oct\", \"Nov\", \"D\\u00e9c\"], \"values\": [44768.9, 32628.4, 71353.0, 82909.3, 40045.8, 48340.7, 132888.7, 72932.2, 18816.7, 15518.7, 15779.8, 44158.1]}"}}, {"type": "Feature", "geometry": {"type": "Point", "coordinates": [-72.87739947, 45.13300775]}, "properties": {"site": "X2096785", "intervenant": "CONSTRUCTION DJL INC.", "nature": "NATU", "secteur": "autre", "volume_annuel_moyen_m3": 82454, "volumes_annuels": "{\"labels\": [\"2001\", \"2002\", \"2003\", \"2004\", \"2005\", \"2006\", \"2007\", \"2008\", \"2009\", \"2010\", \"2011\", \"2012\", \"2013\", \"2014\", \"2015\", \"2016\", \"2017\", \"2018\", \"2019\", \"2020\", \"2021\", \"2022\", \"2023\", \"2024\"], \"values\": [86641, 89391, 86992, 83367, 88799, 86232, 85894, 83803, 74187, 77957, 78338, 72787, 74399, 81179, 78454, 84252, 79875, 82171, 82036, 80602, 85909, 85899, 85103, 84618]}", "profil_mensuel": "{\"labels\": [\"Jan\", \"F\\u00e9v\", \"Mar\", \"Avr\", \"Mai\", \"Jun\", \"Jul\", \"Ao\\u00fb\", \"Sep\", \"Oct\", \"Nov\", \"D\\u00e9c\"], \"values\": [0.0, 0.0, 19370.2, 18104.6, 18863.3, 17962.3, 0.0, 0.0, 0.0, 0.0, 8153.0, 0.0]}"}}, {"type": "Feature", "geometry": {"type": "Point", "coordinates": [-73.92865, 45.5644]}, "properties": {"site": "X2011118", "intervenant": "130355 Canada inc.", "nature": "EGOU", "secteur": "population", "volume_annuel_moyen_m3": 9684, "volumes_annuels": "{\"labels\": [\"2001\", \"2002\", \"2003\", \"2004\", \"2005\", \"2006\", \"2007\", \"2008\", \"2009\", \"2010\", \"2011\", \"2012\", \"2013\", \"2014\", \"2015\", \"2016\", \"2017\", \"2018\", \"2019\", \"2020\", \"2021\", \"2022\", \"2023\", \"2024\"], \"values\": [9061, 9081, 9122, 9197, 9240, 9326, 9430, 9600, 9690, 9730, 9781, 9549, 9988, 9965, 9543, 10069, 9772, 9577, 9671, 10075, 10281, 10116, 10152, 10402]}", "profil_mensuel": "{\"labels\": [\"Jan\", \"F\\u00e9v\", \"Mar\", \"Avr\", \"Mai\", \"Jun\", \"Jul\", \"Ao\\u00fb\", \"Sep\", \"Oct\", \"Nov\", \"D\\u00e9c\"], \"values\": [555.4, 742.3, 1289.4, 652.5, 631.4, 751.4, 861.2, 1001.7, 991.0, 596.8, 759.9, 851.1]}"}}, {"type": "Feature", "geometry": {"type": "Point", "coordinates": [-71.3057865735, 46.1068223502]}, "properties": {"site": "90279233", "intervenant": "MÉTALLURGIE CASTECH INC.", "nature": "EGOU", "secteur": "population", "volume_annuel_moyen_m3": 51472, "volumes_annuels": "{\"labels\": [\"2001\", \"2002\", \"2003\", \"2004\", \"2005\", \"2006\", \"2007\", \"2008\", \"2009\", \"2010\", \"2011\", \"2012\", \"2013\", \"2014\", \"2015\", \"2016\", \"2017\", \"2018\", \"2019\", \"2020\", \"2021\", \"2022\", \"2023\", \"2024\"], \"values\": [52882, 52387, 51813, 51565, 51290, 50882, 50791, 50676, 50801, 50938, 50981, 49695, 51991, 51951, 49450, 52596, 51088, 49797, 50071, 52214, 53366, 52117, 52716, 53260]}", "profil_mensuel": "{\"labels\": [\"Jan\", \"F\\u00e9v\", \"Mar\", \"Avr\", \"Mai\", \"Jun\", \"Jul\", \"Ao\\u00fb\", \"Sep\", \"Oct\", \"Nov\", \"D\\u00e9c\"], \"values\": [2476.6, 2738.0, 5670.9, 2269.5, 1195.8, 2741.6, 3189.4, 6612.2, 7613.8, 5442.5, 5091.4, 6429.9]}"}}, {"type": "Feature", "geometry": {"type": "Point", "coordinates": [-72.4043277, 45.7785194]}, "properties": {"site": "X1701295", "intervenant": "CARRIÈRES P.C.M. INC.", "nature": "NATU", "secteur": "autre", "volume_annuel_moyen_m3": 109263, "volumes_annuels": "{\"labels\": [\"2001\", \"2002\", \"2003\", \"2004\", \"2005\", \"2006\", \"2007\", \"2008\", \"2009\", \"2010\", \"2011\", \"2012\", \"2013\", \"2014\", \"2015\", \"2016\", \"2017\", \"2018\", \"2019\", \"2020\", \"2021\", \"2022\", \"2023\", \"2024\"], \"values\": [114881, 118528, 115346, 110540, 117743, 114339, 113891, 111118, 98368, 103367, 103871, 96597, 97704, 105622, 107494, 109452, 110179, 109102, 108105, 105742, 113362, 113474, 111283, 112199]}", "profil_mensuel": "{\"labels\": [\"Jan\", \"F\\u00e9v\", \"Mar\", \"Avr\", \"Mai\", \"Jun\", \"Jul\", \"Ao\\u00fb\", \"Sep\", \"Oct\", \"Nov\", \"D\\u00e9c\"], \"values\": [0.0, 0.0, 0.0, 4860.3, 22113.5, 12565.2, 15696.8, 28706.9, 14056.5, 11263.8, 0.0, 0.0]}"}}, {"type": "Feature", "geometry": {"type": "Point", "coordinates": [-73.800078, 45.421529]}, "properties": {"site": "26218529", "intervenant": "EPSILYTE CANADA, ULC", "nature": "EGOU", "secteur": "population", "volume_annuel_moyen_m3": 170642, "volumes_annuels": "{\"labels\": [\"2001\", \"2002\", \"2003\", \"2004\", \"2005\", \"2006\", \"2007\", \"2008\", \"2009\", \"2010\", \"2011\", \"2012\", \"2013\", \"2014\", \"2015\", \"2016\", \"2017\", \"2018\", \"2019\", \"2020\", \"2021\", \"2022\", \"2023\", \"2024\"], \"values\": [160568, 162114, 162104, 162244, 162238, 163450, 163510, 165374, 166893, 166511, 166812, 162025, 170249, 169712, 163710, 175419, 170150, 169772, 174994, 182952, 184465, 183710, 189126, 197301]}", "profil_mensuel": "{\"labels\": [\"Jan\", \"F\\u00e9v\", \"Mar\", \"Avr\", \"Mai\", \"Jun\", \"Jul\", \"Ao\\u00fb\", \"Sep\", \"Oct\", \"Nov\", \"D\\u00e9c\"], \"values\": [9787.2, 8971.7, 14367.3, 15847.1, 17870.4, 14300.2, 17378.5, 12471.4, 15661.2, 15157.1, 14032.8, 14796.8]}"}}, {"type": "Feature", "geometry": {"type": "Point", "coordinates": [-74.1502777778, 45.2003611111]}, "properties": {"site": "11305216", "intervenant": "Carrière Ali inc.", "nature": "NATU", "secteur": "autre", "volume_annuel_moyen_m3": 3805965, "volumes_annuels": "{\"labels\": [\"2001\", \"2002\", \"2003\", \"2004\", \"2005\", \"2006\", \"2007\", \"2008\", \"2009\", \"2010\", \"2011\", \"2012\", \"2013\", \"2014\", \"2015\", \"2016\", \"2017\", \"2018\", \"2019\", \"2020\", \"2021\", \"2022\", \"2023\", \"2024\"], \"values\": [3980263, 4106630, 3996390, 3829862, 4079423, 3961489, 3945958, 3849885, 3408138, 3581336, 3598819, 3419488, 3488101, 3773233, 3668198, 3918065, 3788568, 3818749, 3780247, 3686419, 3916490, 3943082, 3916989, 3887342]}", "profil_mensuel": "{\"labels\": [\"Jan\", \"F\\u00e9v\", \"Mar\", \"Avr\", \"Mai\", \"Jun\", \"Jul\", \"Ao\\u00fb\", \"Sep\", \"Oct\", \"Nov\", \"D\\u00e9c\"], \"values\": [320865.3, 302678.6, 328228.5, 306779.3, 319639.4, 304367.1, 316802.1, 324543.0, 311960.0, 324669.9, 318827.3, 326604.8]}"}}, {"type": "Feature", "geometry": {"type": "Point", "coordinates": [-69.09611, 48.637]}, "properties": {"site": "90333865", "intervenant": "Les crabiers du Nord inc.", "nature": "EGOU", "secteur": "population", "volume_annuel_moyen_m3": 42759, "volumes_annuels": "{\"labels\": [\"2001\", \"2002\", \"2003\", \"2004\", \"2005\", \"2006\", \"2007\", \"2008\", \"2009\", \"2010\", \"2011\", \"2012\", \"2013\", \"2014\", \"2015\", \"2016\", \"2017\", \"2018\", \"2019\", \"2020\", \"2021\", \"2022\", \"2023\", \"2024\"], \"values\": [55408, 53149, 50949, 50414, 51781, 49225, 47441, 46847, 45182, 45480, 44885, 41534, 41829, 41152, 38973, 37810, 36453, 35638, 35644, 36515, 36769, 34240, 33533, 35373]}", "profil_mensuel": "{\"labels\": [\"Jan\", \"F\\u00e9v\", \"Mar\", \"Avr\", \"Mai\", \"Jun\", \"Jul\", \"Ao\\u00fb\", \"Sep\", \"Oct\", \"Nov\", \"D\\u00e9c\"], \"values\": [751.0, 399.6, 1524.8, 5660.0, 4553.2, 4829.4, 9092.5, 8662.7, 5266.8, 1419.4, 489.1, 110.8]}"}}, {"type": "Feature", "geometry": {"type": "Point", "coordinates": [-71.94176, 45.3364]}, "properties": {"site": "53287819", "intervenant": "GROUPE COLAS QUÉBEC INC.", "nature": "NATU", "secteur": "autre", "volume_annuel_moyen_m3": 158204, "volumes_annuels": "{\"labels\": [\"2001\", \"2002\", \"2003\", \"2004\", \"2005\", \"2006\", \"2007\", \"2008\", \"2009\", \"2010\", \"2011\", \"2012\", \"2013\", \"2014\", \"2015\", \"2016\", \"2017\", \"2018\", \"2019\", \"2020\", \"2021\", \"2022\", \"2023\", \"2024\"], \"values\": [165455, 170708, 166125, 159203, 169577, 164674, 164029, 160035, 141672, 148872, 149598, 142145, 144989, 156861, 152450, 162912, 157461, 158720, 157138, 153213, 162773, 163873, 162831, 161592]}", "profil_mensuel": "{\"labels\": [\"Jan\", \"F\\u00e9v\", \"Mar\", \"Avr\", \"Mai\", \"Jun\", \"Jul\", \"Ao\\u00fb\", \"Sep\", \"Oct\", \"Nov\", \"D\\u00e9c\"], \"values\": [13122.7, 13233.0, 13423.9, 12965.2, 13072.6, 12863.2, 12956.5, 13273.1, 13184.1, 13278.3, 13474.3, 13357.4]}"}}, {"type": "Feature", "geometry": {"type": "Point", "coordinates": [-73.007108, 45.412628]}, "properties": {"site": "55014658", "intervenant": "ALIMENTS NORTERA INC.", "nature": "EGOU", "secteur": "population", "volume_annuel_moyen_m3": 62050, "volumes_annuels": "{\"labels\": [\"2001\", \"2002\", \"2003\", \"2004\", \"2005\", \"2006\", \"2007\", \"2008\", \"2009\", \"2010\", \"2011\", \"2012\", \"2013\", \"2014\", \"2015\", \"2016\", \"2017\", \"2018\", \"2019\", \"2020\", \"2021\", \"2022\", \"2023\", \"2024\"], \"values\": [54085, 54206, 55029, 56181, 55961, 57047, 57837, 58528, 60273, 61567, 63103, 62707, 66896, 66221, 63777, 68020, 65271, 63759, 63995, 66449, 67737, 66659, 66707, 67195]}", "profil_mensuel": "{\"labels\": [\"Jan\", \"F\\u00e9v\", \"Mar\", \"Avr\", \"Mai\", \"Jun\", \"Jul\", \"Ao\\u00fb\", \"Sep\", \"Oct\", \"Nov\", \"D\\u00e9c\"], \"values\": [5650.3, 7974.4, 3848.5, 3298.4, 4355.3, 319.9, 3885.1, 6850.9, 6885.3, 7865.2, 7223.5, 3893.6]}"}}, {"type": "Feature", "geometry": {"type": "Point", "coordinates": [-73.702901, 45.599903]}, "properties": {"site": "54317763", "intervenant": "CIMENT QUÉBEC INC.", "nature": "EGOU", "secteur": "population", "volume_annuel_moyen_m3": 20511, "volumes_annuels": "{\"labels\": [\"2001\", \"2002\", \"2003\", \"2004\", \"2005\", \"2006\", \"2007\", \"2008\", \"2009\", \"2010\", \"2011\", \"2012\", \"2013\", \"2014\", \"2015\", \"2016\", \"2017\", \"2018\", \"2019\", \"2020\", \"2021\", \"2022\", \"2023\", \"2024\"], \"values\": [17615, 17818, 18030, 18249, 18465, 18719, 18998, 19347, 19699, 20083, 20414, 20226, 21470, 21703, 20861, 22316, 21729, 21446, 21692, 22642, 22819, 22341, 22577, 23016]}", "profil_mensuel": "{\"labels\": [\"Jan\", \"F\\u00e9v\", \"Mar\", \"Avr\", \"Mai\", \"Jun\", \"Jul\", \"Ao\\u00fb\", \"Sep\", \"Oct\", \"Nov\", \"D\\u00e9c\"], \"values\": [432.9, 1008.2, 961.3, 810.1, 1082.1, 946.8, 2263.8, 2268.5, 1660.6, 2608.1, 2583.9, 3885.2]}"}}, {"type": "Feature", "geometry": {"type": "Point", "coordinates": [-72.2155790285, 52.8106852339]}, "properties": {"site": "X2012359", "intervenant": "LES DIAMANTS STORNOWAY (CANADA) INC.", "nature": "NATU", "secteur": "mines", "volume_annuel_moyen_m3": 1660807, "volumes_annuels": "{\"labels\": [\"2001\", \"2002\", \"2003\", \"2004\", \"2005\", \"2006\", \"2007\", \"2008\", \"2009\", \"2010\", \"2011\", \"2012\", \"2013\", \"2014\", \"2015\", \"2016\", \"2017\", \"2018\", \"2019\", \"2020\", \"2021\", \"2022\", \"2023\", \"2024\"], \"values\": [1412453, 1361285, 1464192, 1268961, 1157450, 1148084, 1214024, 1256512, 1217412, 1261766, 1371450, 1308370, 1538203, 1793486, 1863051, 1967935, 2040177, 2127389, 2107803, 2094541, 2233785, 2104650, 2201487, 2344900]}", "profil_mensuel": "{\"labels\": [\"Jan\", \"F\\u00e9v\", \"Mar\", \"Avr\", \"Mai\", \"Jun\", \"Jul\", \"Ao\\u00fb\", \"Sep\", \"Oct\", \"Nov\", \"D\\u00e9c\"], \"values\": [100016.7, 78608.9, 99650.0, 171855.5, 244317.1, 241065.9, 242823.7, 115131.3, 83854.4, 115556.4, 124305.0, 43621.9]}"}}, {"type": "Feature", "geometry": {"type": "Point", "coordinates": [-68.151317, 49.22146]}, "properties": {"site": "29445244", "intervenant": "PF RÉSOLU CANADA INC.", "nature": "EGOU", "secteur": "population", "volume_annuel_moyen_m3": 15522, "volumes_annuels": "{\"labels\": [\"2001\", \"2002\", \"2003\", \"2004\", \"2005\", \"2006\", \"2007\", \"2008\", \"2009\", \"2010\", \"2011\", \"2012\", \"2013\", \"2014\", \"2015\", \"2016\", \"2017\", \"2018\", \"2019\", \"2020\", \"2021\", \"2022\", \"2023\", \"2024\"], \"values\": [16588, 16417, 16347, 16312, 16179, 16036, 15903, 15779, 15763, 15676, 15756, 15376, 16062, 15952, 14991, 15724, 15007, 14533, 14491, 14852, 15011, 14605, 14513, 14645]}", "profil_mensuel": "{\"labels\": [\"Jan\", \"F\\u00e9v\", \"Mar\", \"Avr\", \"Mai\", \"Jun\", \"Jul\", \"Ao\\u00fb\", \"Sep\", \"Oct\", \"Nov\", \"D\\u00e9c\"], \"values\": [1427.7, 1382.9, 1467.5, 1332.3, 1415.8, 1342.3, 1385.0, 1423.0, 1362.1, 1415.6, 1388.8, 178.4]}"}}, {"type": "Feature", "geometry": {"type": "Point", "coordinates": [-67.44247, 48.48028]}, "properties": {"site": "90232745", "intervenant": "AGROPUR COOPÉRATIVE", "nature": "EGOU", "secteur": "population", "volume_annuel_moyen_m3": 132073, "volumes_annuels": "{\"labels\": [\"2001\", \"2002\", \"2003\", \"2004\", \"2005\", \"2006\", \"2007\", \"2008\", \"2009\", \"2010\", \"2011\", \"2012\", \"2013\", \"2014\", \"2015\", \"2016\", \"2017\", \"2018\", \"2019\", \"2020\", \"2021\", \"2022\", \"2023\", \"2024\"], \"values\": [140019, 137554, 136301, 135621, 133815, 132561, 133560, 133156, 133751, 133687, 134112, 129055, 135539, 134620, 127585, 135220, 127816, 124645, 124395, 128526, 130457, 129342, 128794, 129629]}", "profil_mensuel": "{\"labels\": [\"Jan\", \"F\\u00e9v\", \"Mar\", \"Avr\", \"Mai\", \"Jun\", \"Jul\", \"Ao\\u00fb\", \"Sep\", \"Oct\", \"Nov\", \"D\\u00e9c\"], \"values\": [11509.6, 9977.7, 10213.9, 12341.4, 10487.6, 10447.0, 12548.4, 10519.2, 8968.2, 14005.0, 10503.8, 10551.6]}"}}, {"type": "Feature", "geometry": {"type": "Point", "coordinates": [-73.621067, 45.669193]}, "properties": {"site": "90490632", "intervenant": "GROUPE CRH CANADA INC.", "nature": "NATU", "secteur": "autre", "volume_annuel_moyen_m3": 352969, "volumes_annuels": "{\"labels\": [\"2001\", \"2002\", \"2003\", \"2004\", \"2005\", \"2006\", \"2007\", \"2008\", \"2009\", \"2010\", \"2011\", \"2012\", \"2013\", \"2014\", \"2015\", \"2016\", \"2017\", \"2018\", \"2019\", \"2020\", \"2021\", \"2022\", \"2023\", \"2024\"], \"values\": [370824, 382597, 372327, 356812, 380062, 369075, 367628, 358677, 317522, 333658, 335287, 311550, 316657, 346106, 343260, 357189, 354014, 351467, 351272, 342023, 364304, 365376, 361392, 362167]}", "profil_mensuel": "{\"labels\": [\"Jan\", \"F\\u00e9v\", \"Mar\", \"Avr\", \"Mai\", \"Jun\", \"Jul\", \"Ao\\u00fb\", \"Sep\", \"Oct\", \"Nov\", \"D\\u00e9c\"], \"values\": [0.0, 0.0, 0.0, 72868.1, 22094.1, 34310.2, 47160.6, 78890.6, 30230.6, 11951.1, 17833.0, 37630.2]}"}}, {"type": "Feature", "geometry": {"type": "Point", "coordinates": [-75.2463202197, 45.5858821617]}, "properties": {"site": "53539565", "intervenant": "FORTRESS SPECIALTY CELLULOSE INC.", "nature": "NATU", "secteur": "papier", "volume_annuel_moyen_m3": 9458648, "volumes_annuels": "{\"labels\": [\"2001\", \"2002\", \"2003\", \"2004\", \"2005\", \"2006\", \"2007\", \"2008\", \"2009\", \"2010\", \"2011\", \"2012\", \"2013\", \"2014\", \"2015\", \"2016\", \"2017\", \"2018\", \"2019\", \"2020\", \"2021\", \"2022\", \"2023\", \"2024\"], \"values\": [13492165, 14017635, 13247651, 11649688, 13468262, 12506271, 12418497, 11448669, 8759406, 9730409, 9395378, 8277386, 7726591, 8857670, 8461628, 8726065, 7900769, 7614443, 6708289, 6089498, 6325450, 6742089, 7159936, 6283700]}", "profil_mensuel": "{\"labels\": [\"Jan\", \"F\\u00e9v\", \"Mar\", \"Avr\", \"Mai\", \"Jun\", \"Jul\", \"Ao\\u00fb\", \"Sep\", \"Oct\", \"Nov\", \"D\\u00e9c\"], \"values\": [819304.6, 810927.2, 861751.1, 868802.6, 880426.9, 773982.1, 791815.8, 820764.2, 664645.3, 596155.5, 768052.0, 802020.3]}"}}, {"type": "Feature", "geometry": {"type": "Point", "coordinates": [-70.62309999, 46.16340008]}, "properties": {"site": "90440934", "intervenant": "PAVAGES ABENAKIS LTEE", "nature": "NATU", "secteur": "autre", "volume_annuel_moyen_m3": 42416, "volumes_annuels": "{\"labels\": [\"2001\", \"2002\", \"2003\", \"2004\", \"2005\", \"2006\", \"2007\", \"2008\", \"2009\", \"2010\", \"2011\", \"2012\", \"2013\", \"2014\", \"2015\", \"2016\", \"2017\", \"2018\", \"2019\", \"2020\", \"2021\", \"2022\", \"2023\", \"2024\"], \"values\": [44469, 45881, 44649, 42789, 45577, 44259, 44086, 43013, 38077, 40012, 40207, 37581, 38388, 41636, 41161, 43533, 42508, 42360, 41826, 41083, 43952, 43797, 43721, 43431]}", "profil_mensuel": "{\"labels\": [\"Jan\", \"F\\u00e9v\", \"Mar\", \"Avr\", \"Mai\", \"Jun\", \"Jul\", \"Ao\\u00fb\", \"Sep\", \"Oct\", \"Nov\", \"D\\u00e9c\"], \"values\": [0.0, 0.0, 0.0, 2814.3, 6486.8, 5584.3, 3615.8, 3293.1, 6542.1, 8647.8, 5432.4, 0.0]}"}}, {"type": "Feature", "geometry": {"type": "Point", "coordinates": [-63.4028826822, 50.5464186152]}, "properties": {"site": "90089426", "intervenant": "Rio Tinto Fer et Titane inc.", "nature": "NATU", "secteur": "mines", "volume_annuel_moyen_m3": 1473006, "volumes_annuels": "{\"labels\": [\"2001\", \"2002\", \"2003\", \"2004\", \"2005\", \"2006\", \"2007\", \"2008\", \"2009\", \"2010\", \"2011\", \"2012\", \"2013\", \"2014\", \"2015\", \"2016\", \"2017\", \"2018\", \"2019\", \"2020\", \"2021\", \"2022\", \"2023\", \"2024\"], \"values\": [1250374, 1205077, 1296176, 1123348, 1024633, 1016342, 1074715, 1112327, 1077715, 1116978, 1214076, 1163081, 1367650, 1593501, 1655925, 1749301, 1814338, 1887044, 1872192, 1854817, 1981237, 1873265, 1952202, 2075823]}", "profil_mensuel": "{\"labels\": [\"Jan\", \"F\\u00e9v\", \"Mar\", \"Avr\", \"Mai\", \"Jun\", \"Jul\", \"Ao\\u00fb\", \"Sep\", \"Oct\", \"Nov\", \"D\\u00e9c\"], \"values\": [21754.2, 17737.4, 26758.0, 38484.3, 37564.7, 28695.7, 36761.8, 35400.7, 15025.1, 10959.8, 18393.1, 7066.2]}"}}, {"type": "Feature", "geometry": {"type": "Point", "coordinates": [-72.7610375035, 45.3871467265]}, "properties": {"site": "16751059", "intervenant": "HERSHEY CANADA INC.", "nature": "EGOU", "secteur": "population", "volume_annuel_moyen_m3": 202416, "volumes_annuels": "{\"labels\": [\"2001\", \"2002\", \"2003\", \"2004\", \"2005\", \"2006\", \"2007\", \"2008\", \"2009\", \"2010\", \"2011\", \"2012\", \"2013\", \"2014\", \"2015\", \"2016\", \"2017\", \"2018\", \"2019\", \"2020\", \"2021\", \"2022\", \"2023\", \"2024\"], \"values\": [178267, 179487, 180760, 183364, 186217, 188843, 191444, 193972, 196157, 199016, 201869, 198150, 210419, 212047, 202302, 218289, 209325, 206989, 209952, 218724, 224255, 220055, 222149, 225937]}", "profil_mensuel": "{\"labels\": [\"Jan\", \"F\\u00e9v\", \"Mar\", \"Avr\", \"Mai\", \"Jun\", \"Jul\", \"Ao\\u00fb\", \"Sep\", \"Oct\", \"Nov\", \"D\\u00e9c\"], \"values\": [15993.7, 14774.1, 17487.8, 24263.5, 18983.7, 12393.2, 10938.4, 14363.1, 18400.6, 19351.9, 19586.3, 15879.6]}"}}, {"type": "Feature", "geometry": {"type": "Point", "coordinates": [-73.540339, 45.347766]}, "properties": {"site": "X1606194", "intervenant": "Amrize Canada Inc.", "nature": "NATU", "secteur": "metaux", "volume_annuel_moyen_m3": 455601, "volumes_annuels": "{\"labels\": [\"2001\", \"2002\", \"2003\", \"2004\", \"2005\", \"2006\", \"2007\", \"2008\", \"2009\", \"2010\", \"2011\", \"2012\", \"2013\", \"2014\", \"2015\", \"2016\", \"2017\", \"2018\", \"2019\", \"2020\", \"2021\", \"2022\", \"2023\", \"2024\"], \"values\": [462148, 458725, 418949, 464046, 503795, 486782, 514319, 507839, 426351, 445071, 470773, 449384, 439358, 474220, 452568, 446861, 442207, 442124, 459617, 448219, 448524, 422279, 427133, 423138]}", "profil_mensuel": "{\"labels\": [\"Jan\", \"F\\u00e9v\", \"Mar\", \"Avr\", \"Mai\", \"Jun\", \"Jul\", \"Ao\\u00fb\", \"Sep\", \"Oct\", \"Nov\", \"D\\u00e9c\"], \"values\": [36816.3, 69396.2, 29862.5, 53731.4, 35262.0, 34474.1, 34156.8, 53105.0, 80636.9, 15647.6, 12512.4, 0.0]}"}}, {"type": "Feature", "geometry": {"type": "Point", "coordinates": [-73.496388, 45.556334]}, "properties": {"site": "18883116", "intervenant": "PRATT & WHITNEY CANADA CIE.", "nature": "EGOU", "secteur": "population", "volume_annuel_moyen_m3": 117385, "volumes_annuels": "{\"labels\": [\"2001\", \"2002\", \"2003\", \"2004\", \"2005\", \"2006\", \"2007\", \"2008\", \"2009\", \"2010\", \"2011\", \"2012\", \"2013\", \"2014\", \"2015\", \"2016\", \"2017\", \"2018\", \"2019\", \"2020\", \"2021\", \"2022\", \"2023\", \"2024\"], \"values\": [112373, 112694, 112944, 113065, 112949, 112738, 112479, 112406, 112692, 113169, 114086, 111528, 118032, 118987, 113764, 121612, 118131, 117908, 120705, 126331, 127610, 124468, 126156, 130408]}", "profil_mensuel": "{\"labels\": [\"Jan\", \"F\\u00e9v\", \"Mar\", \"Avr\", \"Mai\", \"Jun\", \"Jul\", \"Ao\\u00fb\", \"Sep\", \"Oct\", \"Nov\", \"D\\u00e9c\"], \"values\": [8668.0, 9649.7, 9636.6, 9751.3, 8811.7, 9906.8, 11957.6, 11150.6, 8739.1, 9283.4, 8841.9, 10988.0]}"}}, {"type": "Feature", "geometry": {"type": "Point", "coordinates": [-72.923481, 45.348567]}, "properties": {"site": "X2056596", "intervenant": "BAU-VAL INC.", "nature": "NATU", "secteur": "autre", "volume_annuel_moyen_m3": 371164, "volumes_annuels": "{\"labels\": [\"2001\", \"2002\", \"2003\", \"2004\", \"2005\", \"2006\", \"2007\", \"2008\", \"2009\", \"2010\", \"2011\", \"2012\", \"2013\", \"2014\", \"2015\", \"2016\", \"2017\", \"2018\", \"2019\", \"2020\", \"2021\", \"2022\", \"2023\", \"2024\"], \"values\": [391032, 403446, 392616, 376256, 400774, 389187, 387662, 378223, 334825, 351840, 353558, 327095, 335207, 361694, 361175, 373494, 369661, 370872, 368555, 357737, 380055, 382175, 378882, 381903]}", "profil_mensuel": "{\"labels\": [\"Jan\", \"F\\u00e9v\", \"Mar\", \"Avr\", \"Mai\", \"Jun\", \"Jul\", \"Ao\\u00fb\", \"Sep\", \"Oct\", \"Nov\", \"D\\u00e9c\"], \"values\": [0.0, 0.0, 0.0, 61558.0, 80171.2, 27732.4, 80314.0, 28155.9, 29838.0, 32759.0, 30635.0, 0.0]}"}}, {"type": "Feature", "geometry": {"type": "Point", "coordinates": [-72.78585, 47.418544]}, "properties": {"site": "54017371", "intervenant": "INDUSTRIES JOHN LEWIS LTÉE", "nature": "EGOU", "secteur": "population", "volume_annuel_moyen_m3": 301063, "volumes_annuels": "{\"labels\": [\"2001\", \"2002\", \"2003\", \"2004\", \"2005\", \"2006\", \"2007\", \"2008\", \"2009\", \"2010\", \"2011\", \"2012\", \"2013\", \"2014\", \"2015\", \"2016\", \"2017\", \"2018\", \"2019\", \"2020\", \"2021\", \"2022\", \"2023\", \"2024\"], \"values\": [331963, 323475, 317747, 315224, 312964, 310415, 305869, 301796, 299300, 297671, 295437, 286444, 300138, 299446, 285156, 300895, 289275, 284453, 284774, 295363, 300746, 295169, 295878, 295910]}", "profil_mensuel": "{\"labels\": [\"Jan\", \"F\\u00e9v\", \"Mar\", \"Avr\", \"Mai\", \"Jun\", \"Jul\", \"Ao\\u00fb\", \"Sep\", \"Oct\", \"Nov\", \"D\\u00e9c\"], \"values\": [6134.1, 25131.0, 24928.3, 23970.5, 23191.2, 11587.8, 30245.3, 21991.0, 32633.4, 31418.8, 55629.5, 14201.9]}"}}, {"type": "Feature", "geometry": {"type": "Point", "coordinates": [-73.753353, 45.579284]}, "properties": {"site": "21253596", "intervenant": "Santé Bausch, Canada inc.", "nature": "EGOU", "secteur": "population", "volume_annuel_moyen_m3": 40526, "volumes_annuels": "{\"labels\": [\"2001\", \"2002\", \"2003\", \"2004\", \"2005\", \"2006\", \"2007\", \"2008\", \"2009\", \"2010\", \"2011\", \"2012\", \"2013\", \"2014\", \"2015\", \"2016\", \"2017\", \"2018\", \"2019\", \"2020\", \"2021\", \"2022\", \"2023\", \"2024\"], \"values\": [34937, 35338, 35758, 36193, 36621, 37127, 37679, 38371, 39069, 39831, 40488, 39965, 42384, 42760, 40965, 43990, 42518, 42236, 42785, 44460, 44935, 44073, 44497, 45648]}", "profil_mensuel": "{\"labels\": [\"Jan\", \"F\\u00e9v\", \"Mar\", \"Avr\", \"Mai\", \"Jun\", \"Jul\", \"Ao\\u00fb\", \"Sep\", \"Oct\", \"Nov\", \"D\\u00e9c\"], \"values\": [3360.9, 3391.1, 3443.4, 3317.0, 3346.6, 3289.2, 3314.6, 3401.4, 3376.2, 3403.5, 3457.3, 3425.1]}"}}, {"type": "Feature", "geometry": {"type": "Point", "coordinates": [-71.8013, 45.15723]}, "properties": {"site": "X2021551", "intervenant": "Laiterie de Coaticook, limitée", "nature": "NATU", "secteur": "agroalimentaire", "volume_annuel_moyen_m3": 42261, "volumes_annuels": "{\"labels\": [\"2001\", \"2002\", \"2003\", \"2004\", \"2005\", \"2006\", \"2007\", \"2008\", \"2009\", \"2010\", \"2011\", \"2012\", \"2013\", \"2014\", \"2015\", \"2016\", \"2017\", \"2018\", \"2019\", \"2020\", \"2021\", \"2022\", \"2023\", \"2024\"], \"values\": [36632, 36555, 35741, 36654, 37290, 37366, 38443, 40113, 40620, 40913, 40683, 38619, 41053, 43477, 43183, 46273, 45652, 44755, 45430, 46015, 49138, 49631, 49784, 50241]}", "profil_mensuel": "{\"labels\": [\"Jan\", \"F\\u00e9v\", \"Mar\", \"Avr\", \"Mai\", \"Jun\", \"Jul\", \"Ao\\u00fb\", \"Sep\", \"Oct\", \"Nov\", \"D\\u00e9c\"], \"values\": [2101.3, 1846.9, 1703.2, 1404.7, 1531.9, 1773.4, 2160.0, 1986.3, 1680.5, 1613.7, 1693.8, 1634.6]}"}}, {"type": "Feature", "geometry": {"type": "Point", "coordinates": [-73.124249, 46.048798]}, "properties": {"site": "54907720", "intervenant": "LES FORGES DE SOREL CIE", "nature": "NATU", "secteur": "metaux", "volume_annuel_moyen_m3": 2919408, "volumes_annuels": "{\"labels\": [\"2001\", \"2002\", \"2003\", \"2004\", \"2005\", \"2006\", \"2007\", \"2008\", \"2009\", \"2010\", \"2011\", \"2012\", \"2013\", \"2014\", \"2015\", \"2016\", \"2017\", \"2018\", \"2019\", \"2020\", \"2021\", \"2022\", \"2023\", \"2024\"], \"values\": [2951698, 2929837, 2675789, 2963823, 3217697, 3109036, 3284911, 3243522, 2723066, 2842628, 3006786, 2891196, 2830905, 3067639, 2871248, 2872600, 2818295, 2846686, 2955507, 2909322, 2887228, 2711660, 2752174, 2702546]}", "profil_mensuel": "{\"labels\": [\"Jan\", \"F\\u00e9v\", \"Mar\", \"Avr\", \"Mai\", \"Jun\", \"Jul\", \"Ao\\u00fb\", \"Sep\", \"Oct\", \"Nov\", \"D\\u00e9c\"], \"values\": [82456.8, 82501.3, 86908.7, 83830.7, 32576.6, 94056.8, 83292.4, 72717.3, 76406.3, 87854.4, 95747.5, 94787.3]}"}}, {"type": "Feature", "geometry": {"type": "Point", "coordinates": [-73.4629788686, 45.9645252401]}, "properties": {"site": "52686292", "intervenant": "Produits Kruger inc.", "nature": "EGOU", "secteur": "population", "volume_annuel_moyen_m3": 5321261, "volumes_annuels": "{\"labels\": [\"2001\", \"2002\", \"2003\", \"2004\", \"2005\", \"2006\", \"2007\", \"2008\", \"2009\", \"2010\", \"2011\", \"2012\", \"2013\", \"2014\", \"2015\", \"2016\", \"2017\", \"2018\", \"2019\", \"2020\", \"2021\", \"2022\", \"2023\", \"2024\"], \"values\": [4683571, 4678040, 4665595, 4707079, 4704313, 4798344, 4936625, 5080437, 5224249, 5370827, 5445499, 5336235, 5647219, 5731621, 5370462, 5691911, 5465119, 5442172, 5537581, 5755138, 5940266, 5896964, 5812566, 5788435]}", "profil_mensuel": "{\"labels\": [\"Jan\", \"F\\u00e9v\", \"Mar\", \"Avr\", \"Mai\", \"Jun\", \"Jul\", \"Ao\\u00fb\", \"Sep\", \"Oct\", \"Nov\", \"D\\u00e9c\"], \"values\": [485419.0, 475613.4, 490713.7, 454698.5, 498368.7, 220069.7, 419068.2, 507801.8, 429776.3, 448359.0, 443963.7, 447409.1]}"}}, {"type": "Feature", "geometry": {"type": "Point", "coordinates": [-73.399450221, 46.0328086361]}, "properties": {"site": "55245864", "intervenant": "BÉTON PROVINCIAL LTÉE", "nature": "NATU", "secteur": "autre", "volume_annuel_moyen_m3": 1480447, "volumes_annuels": "{\"labels\": [\"2001\", \"2002\", \"2003\", \"2004\", \"2005\", \"2006\", \"2007\", \"2008\", \"2009\", \"2010\", \"2011\", \"2012\", \"2013\", \"2014\", \"2015\", \"2016\", \"2017\", \"2018\", \"2019\", \"2020\", \"2021\", \"2022\", \"2023\", \"2024\"], \"values\": [1548824, 1597997, 1555099, 1490299, 1587410, 1541519, 1535475, 1498090, 1326195, 1393591, 1400394, 1325727, 1351383, 1464190, 1433286, 1519379, 1480644, 1483536, 1470034, 1433016, 1524646, 1536074, 1521250, 1512666]}", "profil_mensuel": "{\"labels\": [\"Jan\", \"F\\u00e9v\", \"Mar\", \"Avr\", \"Mai\", \"Jun\", \"Jul\", \"Ao\\u00fb\", \"Sep\", \"Oct\", \"Nov\", \"D\\u00e9c\"], \"values\": [35872.3, 28574.4, 48367.1, 45367.5, 36097.3, 38295.4, 46058.0, 60448.0, 51983.2, 34345.5, 37360.1, 30713.4]}"}}, {"type": "Feature", "geometry": {"type": "Point", "coordinates": [-71.1706335891, 46.8228743729]}, "properties": {"site": "52988615", "intervenant": "Boulangerie Canada Bread, Limitée", "nature": "EGOU", "secteur": "population", "volume_annuel_moyen_m3": 2475, "volumes_annuels": "{\"labels\": [\"2001\", \"2002\", \"2003\", \"2004\", \"2005\", \"2006\", \"2007\", \"2008\", \"2009\", \"2010\", \"2011\", \"2012\", \"2013\", \"2014\", \"2015\", \"2016\", \"2017\", \"2018\", \"2019\", \"2020\", \"2021\", \"2022\", \"2023\", \"2024\"], \"values\": [2210, 2229, 2245, 2266, 2298, 2335, 2375, 2408, 2440, 2467, 2488, 2419, 2543, 2548, 2419, 2616, 2461, 2496, 2539, 2648, 2716, 2688, 2722, 2821]}", "profil_mensuel": "{\"labels\": [\"Jan\", \"F\\u00e9v\", \"Mar\", \"Avr\", \"Mai\", \"Jun\", \"Jul\", \"Ao\\u00fb\", \"Sep\", \"Oct\", \"Nov\", \"D\\u00e9c\"], \"values\": [323.5, 356.5, 384.4, 430.4, 523.5, 395.9, 60.7, 0.0, 0.0, 0.0, 0.0, 0.0]}"}}, {"type": "Feature", "geometry": {"type": "Point", "coordinates": [-73.8670943628, 45.6370804577]}, "properties": {"site": "90571654", "intervenant": "Jus Loop Inc.", "nature": "EGOU", "secteur": "population", "volume_annuel_moyen_m3": 19990, "volumes_annuels": "{\"labels\": [\"2001\", \"2002\", \"2003\", \"2004\", \"2005\", \"2006\", \"2007\", \"2008\", \"2009\", \"2010\", \"2011\", \"2012\", \"2013\", \"2014\", \"2015\", \"2016\", \"2017\", \"2018\", \"2019\", \"2020\", \"2021\", \"2022\", \"2023\", \"2024\"], \"values\": [19955, 19835, 19702, 19725, 19623, 19565, 19552, 19481, 19580, 19674, 19808, 19336, 20271, 20260, 19456, 20294, 19301, 19088, 19559, 20622, 21374, 21032, 21149, 21523]}", "profil_mensuel": "{\"labels\": [\"Jan\", \"F\\u00e9v\", \"Mar\", \"Avr\", \"Mai\", \"Jun\", \"Jul\", \"Ao\\u00fb\", \"Sep\", \"Oct\", \"Nov\", \"D\\u00e9c\"], \"values\": [1730.6, 1528.8, 1699.0, 1714.4, 1974.1, 1562.9, 1882.8, 2013.2, 1449.7, 1812.3, 1336.5, 1286.1]}"}}, {"type": "Feature", "geometry": {"type": "Point", "coordinates": [-72.77125, 45.38317]}, "properties": {"site": "13596416", "intervenant": "Bow groupe de plomberie inc.", "nature": "EGOU", "secteur": "population", "volume_annuel_moyen_m3": 33917, "volumes_annuels": "{\"labels\": [\"2001\", \"2002\", \"2003\", \"2004\", \"2005\", \"2006\", \"2007\", \"2008\", \"2009\", \"2010\", \"2011\", \"2012\", \"2013\", \"2014\", \"2015\", \"2016\", \"2017\", \"2018\", \"2019\", \"2020\", \"2021\", \"2022\", \"2023\", \"2024\"], \"values\": [29899, 30103, 30317, 30754, 31232, 31673, 32109, 32533, 32899, 33379, 33857, 33358, 35252, 35419, 33902, 36354, 35021, 34750, 35185, 36647, 37517, 36892, 37070, 37894]}", "profil_mensuel": "{\"labels\": [\"Jan\", \"F\\u00e9v\", \"Mar\", \"Avr\", \"Mai\", \"Jun\", \"Jul\", \"Ao\\u00fb\", \"Sep\", \"Oct\", \"Nov\", \"D\\u00e9c\"], \"values\": [3846.5, 3637.1, 3532.1, 1869.3, 3566.7, 3114.4, 2378.6, 3048.3, 2767.2, 2347.2, 2309.7, 1500.2]}"}}, {"type": "Feature", "geometry": {"type": "Point", "coordinates": [-71.951173, 46.686467]}, "properties": {"site": "55133573", "intervenant": "COMPAGNIE DE GESTION ALCOA-LAURALCO", "nature": "NATU", "secteur": "metaux", "volume_annuel_moyen_m3": 984802, "volumes_annuels": "{\"labels\": [\"2001\", \"2002\", \"2003\", \"2004\", \"2005\", \"2006\", \"2007\", \"2008\", \"2009\", \"2010\", \"2011\", \"2012\", \"2013\", \"2014\", \"2015\", \"2016\", \"2017\", \"2018\", \"2019\", \"2020\", \"2021\", \"2022\", \"2023\", \"2024\"], \"values\": [993971, 987379, 903643, 998240, 1081615, 1046249, 1104003, 1090775, 919428, 959283, 1013643, 971933, 954432, 1031440, 974040, 969995, 954418, 960353, 996772, 981179, 978149, 919764, 930060, 914496]}", "profil_mensuel": "{\"labels\": [\"Jan\", \"F\\u00e9v\", \"Mar\", \"Avr\", \"Mai\", \"Jun\", \"Jul\", \"Ao\\u00fb\", \"Sep\", \"Oct\", \"Nov\", \"D\\u00e9c\"], \"values\": [23949.0, 19850.3, 31206.3, 36436.2, 23183.3, 22426.9, 23733.0, 35301.6, 30034.3, 25325.1, 27422.3, 29399.2]}"}}, {"type": "Feature", "geometry": {"type": "Point", "coordinates": [-72.41401389, 45.9294028]}, "properties": {"site": "90362112", "intervenant": "CARRIÈRES P.C.M. INC.", "nature": "NATU", "secteur": "autre", "volume_annuel_moyen_m3": 468570, "volumes_annuels": "{\"labels\": [\"2001\", \"2002\", \"2003\", \"2004\", \"2005\", \"2006\", \"2007\", \"2008\", \"2009\", \"2010\", \"2011\", \"2012\", \"2013\", \"2014\", \"2015\", \"2016\", \"2017\", \"2018\", \"2019\", \"2020\", \"2021\", \"2022\", \"2023\", \"2024\"], \"values\": [491255, 506851, 493245, 472692, 503493, 488937, 487021, 475163, 420641, 442018, 444176, 418387, 424486, 461246, 453456, 475328, 468001, 468751, 466414, 454860, 482859, 486722, 479901, 479786]}", "profil_mensuel": "{\"labels\": [\"Jan\", \"F\\u00e9v\", \"Mar\", \"Avr\", \"Mai\", \"Jun\", \"Jul\", \"Ao\\u00fb\", \"Sep\", \"Oct\", \"Nov\", \"D\\u00e9c\"], \"values\": [26254.2, 24635.2, 45581.9, 51697.9, 29569.1, 50257.9, 60682.9, 87207.8, 29348.5, 22429.0, 25204.6, 15701.4]}"}}, {"type": "Feature", "geometry": {"type": "Point", "coordinates": [-73.5495620922, 45.6313632347]}, "properties": {"site": "X2130122", "intervenant": "LINDE CANADA INC.", "nature": "EGOU", "secteur": "population", "volume_annuel_moyen_m3": 27195, "volumes_annuels": "{\"labels\": [\"2001\", \"2002\", \"2003\", \"2004\", \"2005\", \"2006\", \"2007\", \"2008\", \"2009\", \"2010\", \"2011\", \"2012\", \"2013\", \"2014\", \"2015\", \"2016\", \"2017\", \"2018\", \"2019\", \"2020\", \"2021\", \"2022\", \"2023\", \"2024\"], \"values\": [24779, 24649, 23835, 25921, 26372, 26427, 25934, 25764, 25941, 25873, 25839, 25481, 26417, 27066, 25586, 27578, 27070, 26738, 27897, 29554, 31045, 31150, 32066, 33695]}", "profil_mensuel": "{\"labels\": [\"Jan\", \"F\\u00e9v\", \"Mar\", \"Avr\", \"Mai\", \"Jun\", \"Jul\", \"Ao\\u00fb\", \"Sep\", \"Oct\", \"Nov\", \"D\\u00e9c\"], \"values\": [2294.9, 2094.2, 2354.5, 2197.1, 2289.7, 2179.9, 2267.4, 2326.5, 2234.2, 2327.9, 2286.9, 2341.7]}"}}, {"type": "Feature", "geometry": {"type": "Point", "coordinates": [-72.3958333333, 46.3927777778]}, "properties": {"site": "21651674", "intervenant": "Aluminerie de Bécancour inc.", "nature": "NATU", "secteur": "mines", "volume_annuel_moyen_m3": 580612, "volumes_annuels": "{\"labels\": [\"2001\", \"2002\", \"2003\", \"2004\", \"2005\", \"2006\", \"2007\", \"2008\", \"2009\", \"2010\", \"2011\", \"2012\", \"2013\", \"2014\", \"2015\", \"2016\", \"2017\", \"2018\", \"2019\", \"2020\", \"2021\", \"2022\", \"2023\", \"2024\"], \"values\": [500311, 485592, 515511, 460051, 428559, 426476, 446263, 459318, 448893, 462491, 494580, 477581, 547117, 622314, 642744, 672802, 700394, 716114, 712215, 712696, 754434, 719618, 742629, 785973]}", "profil_mensuel": "{\"labels\": [\"Jan\", \"F\\u00e9v\", \"Mar\", \"Avr\", \"Mai\", \"Jun\", \"Jul\", \"Ao\\u00fb\", \"Sep\", \"Oct\", \"Nov\", \"D\\u00e9c\"], \"values\": [10857.5, 10464.8, 19574.2, 13456.0, 12032.9, 16216.4, 28494.9, 37505.9, 13944.6, 6984.3, 11687.4, 12318.2]}"}}, {"type": "Feature", "geometry": {"type": "Point", "coordinates": [-70.91778, 46.15349]}, "properties": {"site": "23317613", "intervenant": "LES LAINAGES VICTOR LTÉE", "nature": "EGOU", "secteur": "population", "volume_annuel_moyen_m3": 212518, "volumes_annuels": "{\"labels\": [\"2001\", \"2002\", \"2003\", \"2004\", \"2005\", \"2006\", \"2007\", \"2008\", \"2009\", \"2010\", \"2011\", \"2012\", \"2013\", \"2014\", \"2015\", \"2016\", \"2017\", \"2018\", \"2019\", \"2020\", \"2021\", \"2022\", \"2023\", \"2024\"], \"values\": [216057, 214151, 217703, 218049, 219609, 221428, 217963, 216663, 220562, 216403, 212765, 209284, 219101, 219139, 206515, 218742, 209146, 203601, 204278, 209790, 205745, 199577, 201960, 202196]}", "profil_mensuel": "{\"labels\": [\"Jan\", \"F\\u00e9v\", \"Mar\", \"Avr\", \"Mai\", \"Jun\", \"Jul\", \"Ao\\u00fb\", \"Sep\", \"Oct\", \"Nov\", \"D\\u00e9c\"], \"values\": [13428.6, 19041.7, 23662.5, 16575.5, 13079.9, 20878.8, 17357.1, 19166.6, 17394.9, 17275.4, 16981.4, 17675.4]}"}}, {"type": "Feature", "geometry": {"type": "Point", "coordinates": [-72.633344, 48.927788]}, "properties": {"site": "51624534", "intervenant": "PF RÉSOLU CANADA INC.", "nature": "NATU", "secteur": "papier", "volume_annuel_moyen_m3": 5273, "volumes_annuels": "{\"labels\": [\"2001\", \"2002\", \"2003\", \"2004\", \"2005\", \"2006\", \"2007\", \"2008\", \"2009\", \"2010\", \"2011\", \"2012\", \"2013\", \"2014\", \"2015\", \"2016\", \"2017\", \"2018\", \"2019\", \"2020\", \"2021\", \"2022\", \"2023\", \"2024\"], \"values\": [7524, 7817, 7387, 6496, 7510, 6974, 6925, 6384, 4885, 5426, 5239, 4606, 4294, 4929, 4731, 4820, 4433, 4250, 3749, 3409, 3521, 3760, 3985, 3504]}", "profil_mensuel": "{\"labels\": [\"Jan\", \"F\\u00e9v\", \"Mar\", \"Avr\", \"Mai\", \"Jun\", \"Jul\", \"Ao\\u00fb\", \"Sep\", \"Oct\", \"Nov\", \"D\\u00e9c\"], \"values\": [240.3, 331.0, 369.6, 406.9, 325.9, 398.0, 895.5, 700.5, 212.5, 566.3, 671.5, 155.2]}"}}, {"type": "Feature", "geometry": {"type": "Point", "coordinates": [-72.60863, 49.124578]}, "properties": {"site": "53087508", "intervenant": "PF RÉSOLU CANADA INC.", "nature": "NATU", "secteur": "papier", "volume_annuel_moyen_m3": 27681, "volumes_annuels": "{\"labels\": [\"2001\", \"2002\", \"2003\", \"2004\", \"2005\", \"2006\", \"2007\", \"2008\", \"2009\", \"2010\", \"2011\", \"2012\", \"2013\", \"2014\", \"2015\", \"2016\", \"2017\", \"2018\", \"2019\", \"2020\", \"2021\", \"2022\", \"2023\", \"2024\"], \"values\": [39532, 41071, 38815, 34133, 39461, 36643, 36386, 33544, 25665, 28510, 27528, 24079, 22519, 25805, 24898, 25518, 23210, 22239, 19567, 17739, 18489, 19673, 20913, 18411]}", "profil_mensuel": "{\"labels\": [\"Jan\", \"F\\u00e9v\", \"Mar\", \"Avr\", \"Mai\", \"Jun\", \"Jul\", \"Ao\\u00fb\", \"Sep\", \"Oct\", \"Nov\", \"D\\u00e9c\"], \"values\": [1890.6, 1828.9, 1724.4, 2685.1, 3399.1, 2389.8, 2518.6, 1880.6, 3630.7, 1649.0, 2252.0, 1832.3]}"}}, {"type": "Feature", "geometry": {"type": "Point", "coordinates": [-64.919744, 48.190107]}, "properties": {"site": "90368630", "intervenant": "ST. MARYS CEMENT INC. (CANADA)", "nature": "NATU", "secteur": "autre", "volume_annuel_moyen_m3": 18711, "volumes_annuels": "{\"labels\": [\"2001\", \"2002\", \"2003\", \"2004\", \"2005\", \"2006\", \"2007\", \"2008\", \"2009\", \"2010\", \"2011\", \"2012\", \"2013\", \"2014\", \"2015\", \"2016\", \"2017\", \"2018\", \"2019\", \"2020\", \"2021\", \"2022\", \"2023\", \"2024\"], \"values\": [19567, 20188, 19646, 18827, 20054, 19474, 19398, 18926, 16754, 17605, 17691, 16815, 17152, 18550, 18034, 19259, 18625, 18776, 18586, 18124, 19254, 19387, 19256, 19110]}", "profil_mensuel": "{\"labels\": [\"Jan\", \"F\\u00e9v\", \"Mar\", \"Avr\", \"Mai\", \"Jun\", \"Jul\", \"Ao\\u00fb\", \"Sep\", \"Oct\", \"Nov\", \"D\\u00e9c\"], \"values\": [1594.8, 1504.4, 1631.3, 1474.0, 1588.7, 1462.4, 1574.6, 1613.0, 1498.8, 1613.7, 1531.8, 1623.3]}"}}, {"type": "Feature", "geometry": {"type": "Point", "coordinates": [-74.07969052, 45.39085053]}, "properties": {"site": "55008163", "intervenant": "Amrize Canada Inc.", "nature": "NATU", "secteur": "metaux", "volume_annuel_moyen_m3": 9107, "volumes_annuels": "{\"labels\": [\"2001\", \"2002\", \"2003\", \"2004\", \"2005\", \"2006\", \"2007\", \"2008\", \"2009\", \"2010\", \"2011\", \"2012\", \"2013\", \"2014\", \"2015\", \"2016\", \"2017\", \"2018\", \"2019\", \"2020\", \"2021\", \"2022\", \"2023\", \"2024\"], \"values\": [9186, 9118, 8328, 9224, 10014, 9676, 10223, 10095, 8475, 8847, 9358, 9051, 8880, 9577, 8967, 9022, 8780, 8885, 9225, 9076, 9033, 8493, 8624, 8411]}", "profil_mensuel": "{\"labels\": [\"Jan\", \"F\\u00e9v\", \"Mar\", \"Avr\", \"Mai\", \"Jun\", \"Jul\", \"Ao\\u00fb\", \"Sep\", \"Oct\", \"Nov\", \"D\\u00e9c\"], \"values\": [318.3, 1362.8, 1150.9, 743.2, 804.0, 425.6, 418.3, 586.9, 683.3, 1193.9, 856.4, 563.4]}"}}, {"type": "Feature", "geometry": {"type": "Point", "coordinates": [-73.7089913, 45.4768529]}, "properties": {"site": "X0000165", "intervenant": "CAE inc.", "nature": "EGOU", "secteur": "population", "volume_annuel_moyen_m3": 1576, "volumes_annuels": "{\"labels\": [\"2001\", \"2002\", \"2003\", \"2004\", \"2005\", \"2006\", \"2007\", \"2008\", \"2009\", \"2010\", \"2011\", \"2012\", \"2013\", \"2014\", \"2015\", \"2016\", \"2017\", \"2018\", \"2019\", \"2020\", \"2021\", \"2022\", \"2023\", \"2024\"], \"values\": [1490, 1502, 1505, 1507, 1508, 1511, 1509, 1512, 1525, 1535, 1543, 1515, 1601, 1611, 1537, 1643, 1594, 1599, 1633, 1691, 1672, 1642, 1685, 1758]}", "profil_mensuel": "{\"labels\": [\"Jan\", \"F\\u00e9v\", \"Mar\", \"Avr\", \"Mai\", \"Jun\", \"Jul\", \"Ao\\u00fb\", \"Sep\", \"Oct\", \"Nov\", \"D\\u00e9c\"], \"values\": [133.0, 125.1, 136.1, 126.9, 132.4, 125.8, 131.2, 134.5, 129.1, 134.6, 132.1, 135.4]}"}}, {"type": "Feature", "geometry": {"type": "Point", "coordinates": [-73.5509977972, 45.5656569394]}, "properties": {"site": "X2000271", "intervenant": "Boulangerie Canada Bread, Limitée", "nature": "EGOU", "secteur": "population", "volume_annuel_moyen_m3": 12345, "volumes_annuels": "{\"labels\": [\"2001\", \"2002\", \"2003\", \"2004\", \"2005\", \"2006\", \"2007\", \"2008\", \"2009\", \"2010\", \"2011\", \"2012\", \"2013\", \"2014\", \"2015\", \"2016\", \"2017\", \"2018\", \"2019\", \"2020\", \"2021\", \"2022\", \"2023\", \"2024\"], \"values\": [11682, 11773, 11801, 11817, 11824, 11842, 11833, 11853, 11958, 12032, 12094, 11837, 12514, 12604, 12050, 12847, 12494, 12505, 12788, 13226, 13080, 12851, 13187, 13781]}", "profil_mensuel": "{\"labels\": [\"Jan\", \"F\\u00e9v\", \"Mar\", \"Avr\", \"Mai\", \"Jun\", \"Jul\", \"Ao\\u00fb\", \"Sep\", \"Oct\", \"Nov\", \"D\\u00e9c\"], \"values\": [986.1, 911.9, 1055.2, 1151.5, 974.0, 1046.1, 1171.1, 995.7, 1166.9, 982.8, 945.6, 957.9]}"}}, {"type": "Feature", "geometry": {"type": "Point", "coordinates": [-71.5375061577, 45.272491847]}, "properties": {"site": "X2012976", "intervenant": "Scierie Clifton inc.", "nature": "NATU", "secteur": "bois", "volume_annuel_moyen_m3": 105424, "volumes_annuels": "{\"labels\": [\"2001\", \"2002\", \"2003\", \"2004\", \"2005\", \"2006\", \"2007\", \"2008\", \"2009\", \"2010\", \"2011\", \"2012\", \"2013\", \"2014\", \"2015\", \"2016\", \"2017\", \"2018\", \"2019\", \"2020\", \"2021\", \"2022\", \"2023\", \"2024\"], \"values\": [108786, 120087, 116776, 112045, 122715, 120013, 108603, 103549, 90193, 91597, 89609, 84179, 90350, 93746, 99843, 109629, 105493, 106637, 108876, 100281, 113936, 115834, 104691, 112718]}", "profil_mensuel": "{\"labels\": [\"Jan\", \"F\\u00e9v\", \"Mar\", \"Avr\", \"Mai\", \"Jun\", \"Jul\", \"Ao\\u00fb\", \"Sep\", \"Oct\", \"Nov\", \"D\\u00e9c\"], \"values\": [4.4, 4.0, 4.5, 4.2, 8855.5, 8433.6, 8774.2, 8990.6, 8640.9, 8991.6, 4.3, 4.4]}"}}, {"type": "Feature", "geometry": {"type": "Point", "coordinates": [-72.616111, 46.441111]}, "properties": {"site": "90469719", "intervenant": "CARRIÈRES TROIS-RIVIÈRES INC.", "nature": "NATU", "secteur": "autre", "volume_annuel_moyen_m3": 1150301, "volumes_annuels": "{\"labels\": [\"2001\", \"2002\", \"2003\", \"2004\", \"2005\", \"2006\", \"2007\", \"2008\", \"2009\", \"2010\", \"2011\", \"2012\", \"2013\", \"2014\", \"2015\", \"2016\", \"2017\", \"2018\", \"2019\", \"2020\", \"2021\", \"2022\", \"2023\", \"2024\"], \"values\": [1207426, 1245760, 1212318, 1161801, 1237506, 1201731, 1197019, 1167875, 1033870, 1086410, 1091713, 1018713, 1037506, 1128198, 1115664, 1172280, 1151421, 1148073, 1138682, 1114632, 1189012, 1188929, 1181450, 1179238]}", "profil_mensuel": "{\"labels\": [\"Jan\", \"F\\u00e9v\", \"Mar\", \"Avr\", \"Mai\", \"Jun\", \"Jul\", \"Ao\\u00fb\", \"Sep\", \"Oct\", \"Nov\", \"D\\u00e9c\"], \"values\": [4273.7, 6752.1, 8118.5, 62264.3, 68418.0, 77854.2, 63345.7, 75059.8, 70347.4, 74244.1, 63957.6, 515.3]}"}}, {"type": "Feature", "geometry": {"type": "Point", "coordinates": [-79.4298, 47.32864]}, "properties": {"site": "54582671", "intervenant": "GLOBAL LVL INC.", "nature": "EGOU", "secteur": "population", "volume_annuel_moyen_m3": 148764, "volumes_annuels": "{\"labels\": [\"2001\", \"2002\", \"2003\", \"2004\", \"2005\", \"2006\", \"2007\", \"2008\", \"2009\", \"2010\", \"2011\", \"2012\", \"2013\", \"2014\", \"2015\", \"2016\", \"2017\", \"2018\", \"2019\", \"2020\", \"2021\", \"2022\", \"2023\", \"2024\"], \"values\": [163266, 161697, 159200, 159258, 156238, 155250, 153043, 153392, 152637, 151533, 150255, 141662, 150438, 149292, 143210, 148936, 142058, 139791, 137938, 141867, 145389, 137633, 136485, 139859]}", "profil_mensuel": "{\"labels\": [\"Jan\", \"F\\u00e9v\", \"Mar\", \"Avr\", \"Mai\", \"Jun\", \"Jul\", \"Ao\\u00fb\", \"Sep\", \"Oct\", \"Nov\", \"D\\u00e9c\"], \"values\": [5044.7, 4428.9, 4851.5, 11872.0, 35407.2, 18096.3, 20523.9, 16029.0, 7463.6, 17028.6, 5157.2, 2860.8]}"}}, {"type": "Feature", "geometry": {"type": "Point", "coordinates": [-74.065099, 45.190418]}, "properties": {"site": "90389719", "intervenant": "BAU-VAL INC.", "nature": "NATU", "secteur": "autre", "volume_annuel_moyen_m3": 2083864, "volumes_annuels": "{\"labels\": [\"2001\", \"2002\", \"2003\", \"2004\", \"2005\", \"2006\", \"2007\", \"2008\", \"2009\", \"2010\", \"2011\", \"2012\", \"2013\", \"2014\", \"2015\", \"2016\", \"2017\", \"2018\", \"2019\", \"2020\", \"2021\", \"2022\", \"2023\", \"2024\"], \"values\": [2178926, 2248104, 2187754, 2096591, 2233209, 2168649, 2160147, 2107553, 1865726, 1960540, 1970111, 1864403, 1898555, 2060585, 2015607, 2139375, 2078673, 2087079, 2073156, 2025099, 2152946, 2165184, 2146697, 2128058]}", "profil_mensuel": "{\"labels\": [\"Jan\", \"F\\u00e9v\", \"Mar\", \"Avr\", \"Mai\", \"Jun\", \"Jul\", \"Ao\\u00fb\", \"Sep\", \"Oct\", \"Nov\", \"D\\u00e9c\"], \"values\": [21911.8, 178804.1, 212642.4, 202770.1, 185135.3, 182287.8, 173719.2, 250169.7, 169792.7, 159167.2, 150018.8, 197444.4]}"}}, {"type": "Feature", "geometry": {"type": "Point", "coordinates": [-73.514183, 45.4000877]}, "properties": {"site": "55379713", "intervenant": "ADM AGRI-INDUSTRIES COMPANY", "nature": "EGOU", "secteur": "population", "volume_annuel_moyen_m3": 393595, "volumes_annuels": "{\"labels\": [\"2001\", \"2002\", \"2003\", \"2004\", \"2005\", \"2006\", \"2007\", \"2008\", \"2009\", \"2010\", \"2011\", \"2012\", \"2013\", \"2014\", \"2015\", \"2016\", \"2017\", \"2018\", \"2019\", \"2020\", \"2021\", \"2022\", \"2023\", \"2024\"], \"values\": [262209, 269979, 280452, 293043, 309348, 326945, 341433, 363207, 381045, 397148, 403686, 400662, 427607, 432158, 412650, 443615, 427316, 431503, 440844, 466462, 478634, 477261, 484477, 494594]}", "profil_mensuel": "{\"labels\": [\"Jan\", \"F\\u00e9v\", \"Mar\", \"Avr\", \"Mai\", \"Jun\", \"Jul\", \"Ao\\u00fb\", \"Sep\", \"Oct\", \"Nov\", \"D\\u00e9c\"], \"values\": [25467.4, 36961.2, 27161.3, 37335.6, 30977.0, 27162.2, 28398.1, 34043.1, 31658.5, 39761.7, 37989.8, 36679.0]}"}}, {"type": "Feature", "geometry": {"type": "Point", "coordinates": [-73.4562777778, 61.5549444444]}, "properties": {"site": "X2085416", "intervenant": "CANADIAN ROYALTIES INC.", "nature": "NATU", "secteur": "autre", "volume_annuel_moyen_m3": 863782, "volumes_annuels": "{\"labels\": [\"2001\", \"2002\", \"2003\", \"2004\", \"2005\", \"2006\", \"2007\", \"2008\", \"2009\", \"2010\", \"2011\", \"2012\", \"2013\", \"2014\", \"2015\", \"2016\", \"2017\", \"2018\", \"2019\", \"2020\", \"2021\", \"2022\", \"2023\", \"2024\"], \"values\": [904370, 933082, 908034, 870197, 926900, 900104, 896575, 874746, 774375, 813728, 817701, 772856, 787656, 853035, 836469, 886639, 864556, 864764, 855768, 835044, 889051, 894002, 887850, 883257]}", "profil_mensuel": "{\"labels\": [\"Jan\", \"F\\u00e9v\", \"Mar\", \"Avr\", \"Mai\", \"Jun\", \"Jul\", \"Ao\\u00fb\", \"Sep\", \"Oct\", \"Nov\", \"D\\u00e9c\"], \"values\": [9428.2, 9293.8, 10643.6, 9907.0, 11391.5, 13599.7, 14547.0, 14096.5, 18320.6, 15026.8, 9779.7, 7929.2]}"}}, {"type": "Feature", "geometry": {"type": "Point", "coordinates": [-69.88648, 48.277993]}, "properties": {"site": "90550583", "intervenant": "Sacopan inc.", "nature": "NATU", "secteur": "autre", "volume_annuel_moyen_m3": 555, "volumes_annuels": "{\"labels\": [\"2001\", \"2002\", \"2003\", \"2004\", \"2005\", \"2006\", \"2007\", \"2008\", \"2009\", \"2010\", \"2011\", \"2012\", \"2013\", \"2014\", \"2015\", \"2016\", \"2017\", \"2018\", \"2019\", \"2020\", \"2021\", \"2022\", \"2023\", \"2024\"], \"values\": [580, 598, 582, 558, 594, 577, 575, 561, 496, 521, 524, 499, 510, 550, 534, 571, 551, 557, 552, 537, 570, 575, 571, 566]}", "profil_mensuel": "{\"labels\": [\"Jan\", \"F\\u00e9v\", \"Mar\", \"Avr\", \"Mai\", \"Jun\", \"Jul\", \"Ao\\u00fb\", \"Sep\", \"Oct\", \"Nov\", \"D\\u00e9c\"], \"values\": [54.6, 48.2, 63.8, 53.0, 57.3, 26.7, 45.2, 45.3, 32.3, 39.4, 43.0, 45.6]}"}}, {"type": "Feature", "geometry": {"type": "Point", "coordinates": [-73.7699749, 45.4869279]}, "properties": {"site": "X2159576", "intervenant": "Solutions d'Aluminium Montréal Inc.", "nature": "EGOU", "secteur": "population", "volume_annuel_moyen_m3": 92284, "volumes_annuels": "{\"labels\": [\"2001\", \"2002\", \"2003\", \"2004\", \"2005\", \"2006\", \"2007\", \"2008\", \"2009\", \"2010\", \"2011\", \"2012\", \"2013\", \"2014\", \"2015\", \"2016\", \"2017\", \"2018\", \"2019\", \"2020\", \"2021\", \"2022\", \"2023\", \"2024\"], \"values\": [88276, 88706, 88652, 88491, 88388, 89176, 89058, 89058, 88692, 89415, 90081, 88753, 93920, 94351, 90606, 96952, 93761, 94115, 95432, 97989, 96905, 96111, 97317, 100612]}", "profil_mensuel": "{\"labels\": [\"Jan\", \"F\\u00e9v\", \"Mar\", \"Avr\", \"Mai\", \"Jun\", \"Jul\", \"Ao\\u00fb\", \"Sep\", \"Oct\", \"Nov\", \"D\\u00e9c\"], \"values\": [8021.6, 7722.1, 7462.7, 7555.3, 7984.2, 6782.2, 7913.1, 8110.6, 7320.1, 8117.2, 7867.7, 7427.3]}"}}, {"type": "Feature", "geometry": {"type": "Point", "coordinates": [-74.243516, 45.4009]}, "properties": {"site": "90522285", "intervenant": "ORICA CANADA INC.", "nature": "EGOU", "secteur": "population", "volume_annuel_moyen_m3": 17386, "volumes_annuels": "{\"labels\": [\"2001\", \"2002\", \"2003\", \"2004\", \"2005\", \"2006\", \"2007\", \"2008\", \"2009\", \"2010\", \"2011\", \"2012\", \"2013\", \"2014\", \"2015\", \"2016\", \"2017\", \"2018\", \"2019\", \"2020\", \"2021\", \"2022\", \"2023\", \"2024\"], \"values\": [18388, 17194, 16758, 17226, 17597, 17500, 17727, 17533, 17646, 17872, 17823, 17390, 18279, 18034, 17546, 18987, 17190, 16538, 16344, 16759, 17010, 16546, 16607, 16774]}", "profil_mensuel": "{\"labels\": [\"Jan\", \"F\\u00e9v\", \"Mar\", \"Avr\", \"Mai\", \"Jun\", \"Jul\", \"Ao\\u00fb\", \"Sep\", \"Oct\", \"Nov\", \"D\\u00e9c\"], \"values\": [1463.0, 1379.3, 1495.5, 1397.1, 1456.0, 1431.9, 1443.2, 1478.0, 1421.4, 1479.4, 1452.9, 1488.3]}"}}, {"type": "Feature", "geometry": {"type": "Point", "coordinates": [-64.714223, 48.346271]}, "properties": {"site": "90493784", "intervenant": "Usine de congélation de St-Bruno inc.", "nature": "EGOU", "secteur": "population", "volume_annuel_moyen_m3": 20120, "volumes_annuels": "{\"labels\": [\"2001\", \"2002\", \"2003\", \"2004\", \"2005\", \"2006\", \"2007\", \"2008\", \"2009\", \"2010\", \"2011\", \"2012\", \"2013\", \"2014\", \"2015\", \"2016\", \"2017\", \"2018\", \"2019\", \"2020\", \"2021\", \"2022\", \"2023\", \"2024\"], \"values\": [21812, 21690, 21344, 21107, 20740, 20532, 20376, 19975, 19957, 20006, 20056, 19428, 19963, 19876, 19691, 19980, 20144, 18885, 18956, 19680, 20511, 19748, 19123, 19288]}", "profil_mensuel": "{\"labels\": [\"Jan\", \"F\\u00e9v\", \"Mar\", \"Avr\", \"Mai\", \"Jun\", \"Jul\", \"Ao\\u00fb\", \"Sep\", \"Oct\", \"Nov\", \"D\\u00e9c\"], \"values\": [60.1, 41.8, 205.4, 67.5, 265.1, 1310.4, 664.7, 11431.7, 3203.7, 2442.2, 367.8, 59.0]}"}}, {"type": "Feature", "geometry": {"type": "Point", "coordinates": [-71.53962, 46.551005]}, "properties": {"site": "90293804", "intervenant": "GROUPE COLAS QUÉBEC INC.", "nature": "NATU", "secteur": "autre", "volume_annuel_moyen_m3": 589511, "volumes_annuels": "{\"labels\": [\"2001\", \"2002\", \"2003\", \"2004\", \"2005\", \"2006\", \"2007\", \"2008\", \"2009\", \"2010\", \"2011\", \"2012\", \"2013\", \"2014\", \"2015\", \"2016\", \"2017\", \"2018\", \"2019\", \"2020\", \"2021\", \"2022\", \"2023\", \"2024\"], \"values\": [616527, 636101, 619025, 593231, 631887, 613619, 611213, 596332, 527907, 554735, 557443, 529666, 540264, 584504, 568073, 607051, 586749, 591432, 585535, 570917, 606538, 610635, 606753, 602134]}", "profil_mensuel": "{\"labels\": [\"Jan\", \"F\\u00e9v\", \"Mar\", \"Avr\", \"Mai\", \"Jun\", \"Jul\", \"Ao\\u00fb\", \"Sep\", \"Oct\", \"Nov\", \"D\\u00e9c\"], \"values\": [24430.4, 24635.6, 24991.0, 24137.1, 24337.1, 23979.3, 24152.8, 24743.4, 24577.0, 24753.1, 25118.0, 24900.6]}"}}, {"type": "Feature", "geometry": {"type": "Point", "coordinates": [-73.42349, 45.5694777]}, "properties": {"site": "90510330", "intervenant": "Solutions de Mobilité Spectra Premium Canada Ltée", "nature": "EGOU", "secteur": "population", "volume_annuel_moyen_m3": 15831, "volumes_annuels": "{\"labels\": [\"2001\", \"2002\", \"2003\", \"2004\", \"2005\", \"2006\", \"2007\", \"2008\", \"2009\", \"2010\", \"2011\", \"2012\", \"2013\", \"2014\", \"2015\", \"2016\", \"2017\", \"2018\", \"2019\", \"2020\", \"2021\", \"2022\", \"2023\", \"2024\"], \"values\": [14438, 14606, 14828, 15023, 15219, 15332, 15490, 15565, 15727, 15848, 16027, 15673, 16431, 16491, 15840, 16949, 16186, 16060, 16168, 16650, 16696, 16234, 16155, 16308]}", "profil_mensuel": "{\"labels\": [\"Jan\", \"F\\u00e9v\", \"Mar\", \"Avr\", \"Mai\", \"Jun\", \"Jul\", \"Ao\\u00fb\", \"Sep\", \"Oct\", \"Nov\", \"D\\u00e9c\"], \"values\": [1252.1, 1456.0, 1579.3, 1250.2, 1652.5, 1193.5, 1052.2, 1339.7, 1427.3, 1195.8, 1231.2, 1201.3]}"}}, {"type": "Feature", "geometry": {"type": "Point", "coordinates": [-71.988238, 46.204844]}, "properties": {"site": "X2048123", "intervenant": "CARRIÈRES P.C.M. INC.", "nature": "NATU", "secteur": "autre", "volume_annuel_moyen_m3": 127, "volumes_annuels": "{\"labels\": [\"2001\", \"2002\", \"2003\", \"2004\", \"2005\", \"2006\", \"2007\", \"2008\", \"2009\", \"2010\", \"2011\", \"2012\", \"2013\", \"2014\", \"2015\", \"2016\", \"2017\", \"2018\", \"2019\", \"2020\", \"2021\", \"2022\", \"2023\", \"2024\"], \"values\": [134, 138, 134, 128, 137, 133, 132, 129, 114, 120, 121, 112, 115, 125, 123, 129, 126, 127, 126, 123, 131, 132, 131, 130]}", "profil_mensuel": "{\"labels\": [\"Jan\", \"F\\u00e9v\", \"Mar\", \"Avr\", \"Mai\", \"Jun\", \"Jul\", \"Ao\\u00fb\", \"Sep\", \"Oct\", \"Nov\", \"D\\u00e9c\"], \"values\": [0.0, 0.0, 21.4, 27.8, 19.7, 7.8, 15.3, 17.4, 8.7, 8.4, 0.8, 0.0]}"}}, {"type": "Feature", "geometry": {"type": "Point", "coordinates": [-73.6975357971, 45.4702341578]}, "properties": {"site": "54898457", "intervenant": "L'ORÉAL CANADA INC.", "nature": "EGOU", "secteur": "population", "volume_annuel_moyen_m3": 50126, "volumes_annuels": "{\"labels\": [\"2001\", \"2002\", \"2003\", \"2004\", \"2005\", \"2006\", \"2007\", \"2008\", \"2009\", \"2010\", \"2011\", \"2012\", \"2013\", \"2014\", \"2015\", \"2016\", \"2017\", \"2018\", \"2019\", \"2020\", \"2021\", \"2022\", \"2023\", \"2024\"], \"values\": [47378, 47747, 47862, 47925, 47956, 48029, 47990, 48073, 48498, 48799, 49050, 48172, 50914, 51223, 48914, 52280, 50716, 50825, 51939, 53757, 53198, 52267, 53609, 55892]}", "profil_mensuel": "{\"labels\": [\"Jan\", \"F\\u00e9v\", \"Mar\", \"Avr\", \"Mai\", \"Jun\", \"Jul\", \"Ao\\u00fb\", \"Sep\", \"Oct\", \"Nov\", \"D\\u00e9c\"], \"values\": [1936.5, 2191.9, 2323.2, 2026.0, 2199.0, 1880.3, 1901.5, 2253.2, 2176.0, 2228.0, 2072.3, 1875.0]}"}}, {"type": "Feature", "geometry": {"type": "Point", "coordinates": [-74.679211, 45.773888]}, "properties": {"site": "90316712", "intervenant": "EAU DE SOURCE NATURELLE BELL FALLS INC.", "nature": "NATU", "secteur": "autre", "volume_annuel_moyen_m3": 11948, "volumes_annuels": "{\"labels\": [\"2001\", \"2002\", \"2003\", \"2004\", \"2005\", \"2006\", \"2007\", \"2008\", \"2009\", \"2010\", \"2011\", \"2012\", \"2013\", \"2014\", \"2015\", \"2016\", \"2017\", \"2018\", \"2019\", \"2020\", \"2021\", \"2022\", \"2023\", \"2024\"], \"values\": [12496, 12892, 12546, 12024, 12807, 12437, 12388, 12086, 10700, 11243, 11298, 10735, 10950, 11847, 11514, 12304, 11892, 11987, 11868, 11571, 12293, 12376, 12298, 12204]}", "profil_mensuel": "{\"labels\": [\"Jan\", \"F\\u00e9v\", \"Mar\", \"Avr\", \"Mai\", \"Jun\", \"Jul\", \"Ao\\u00fb\", \"Sep\", \"Oct\", \"Nov\", \"D\\u00e9c\"], \"values\": [991.1, 999.4, 1013.8, 979.2, 987.3, 971.5, 978.5, 1002.4, 995.7, 1002.8, 1017.6, 1008.8]}"}}, {"type": "Feature", "geometry": {"type": "Point", "coordinates": [-71.244092, 46.834142]}, "properties": {"site": "X0300921", "intervenant": "AGROPUR COOPÉRATIVE", "nature": "EGOU", "secteur": "population", "volume_annuel_moyen_m3": 299952, "volumes_annuels": "{\"labels\": [\"2001\", \"2002\", \"2003\", \"2004\", \"2005\", \"2006\", \"2007\", \"2008\", \"2009\", \"2010\", \"2011\", \"2012\", \"2013\", \"2014\", \"2015\", \"2016\", \"2017\", \"2018\", \"2019\", \"2020\", \"2021\", \"2022\", \"2023\", \"2024\"], \"values\": [277201, 278582, 279561, 280515, 281285, 283055, 285555, 288863, 292094, 295242, 298352, 292228, 308484, 309920, 296552, 316532, 305812, 302520, 306780, 318862, 322437, 318860, 324510, 335053]}", "profil_mensuel": "{\"labels\": [\"Jan\", \"F\\u00e9v\", \"Mar\", \"Avr\", \"Mai\", \"Jun\", \"Jul\", \"Ao\\u00fb\", \"Sep\", \"Oct\", \"Nov\", \"D\\u00e9c\"], \"values\": [24757.0, 24622.1, 26205.4, 24748.0, 27638.8, 19644.1, 26486.5, 26090.5, 25085.7, 26850.2, 23255.0, 24569.0]}"}}, {"type": "Feature", "geometry": {"type": "Point", "coordinates": [-78.6201050738, 50.0086551234]}, "properties": {"site": "X0800041", "intervenant": "WALLBRIDGE MINING COMPANY LIMITED", "nature": "NATU", "secteur": "autre", "volume_annuel_moyen_m3": 73673, "volumes_annuels": "{\"labels\": [\"2001\", \"2002\", \"2003\", \"2004\", \"2005\", \"2006\", \"2007\", \"2008\", \"2009\", \"2010\", \"2011\", \"2012\", \"2013\", \"2014\", \"2015\", \"2016\", \"2017\", \"2018\", \"2019\", \"2020\", \"2021\", \"2022\", \"2023\", \"2024\"], \"values\": [77524, 79985, 77838, 74594, 79455, 77158, 76856, 74984, 66381, 69754, 70094, 65051, 66527, 72191, 70015, 75433, 71524, 73400, 72857, 71792, 76817, 76002, 76216, 75714]}", "profil_mensuel": "{\"labels\": [\"Jan\", \"F\\u00e9v\", \"Mar\", \"Avr\", \"Mai\", \"Jun\", \"Jul\", \"Ao\\u00fb\", \"Sep\", \"Oct\", \"Nov\", \"D\\u00e9c\"], \"values\": [0.0, 0.0, 0.0, 12747.6, 21483.5, 15208.3, 0.0, 0.0, 0.0, 13820.7, 10413.4, 0.0]}"}}, {"type": "Feature", "geometry": {"type": "Point", "coordinates": [-73.583175073, 45.542042112]}, "properties": {"site": "X0000158", "intervenant": "Boulangerie Canada Bread, Limitée", "nature": "EGOU", "secteur": "population", "volume_annuel_moyen_m3": 9994, "volumes_annuels": "{\"labels\": [\"2001\", \"2002\", \"2003\", \"2004\", \"2005\", \"2006\", \"2007\", \"2008\", \"2009\", \"2010\", \"2011\", \"2012\", \"2013\", \"2014\", \"2015\", \"2016\", \"2017\", \"2018\", \"2019\", \"2020\", \"2021\", \"2022\", \"2023\", \"2024\"], \"values\": [9461, 9535, 9557, 9570, 9576, 9591, 9583, 9600, 9684, 9745, 9795, 9609, 10100, 10173, 9800, 10319, 10187, 10138, 10352, 10709, 10577, 10399, 10624, 11161]}", "profil_mensuel": "{\"labels\": [\"Jan\", \"F\\u00e9v\", \"Mar\", \"Avr\", \"Mai\", \"Jun\", \"Jul\", \"Ao\\u00fb\", \"Sep\", \"Oct\", \"Nov\", \"D\\u00e9c\"], \"values\": [1151.2, 653.5, 387.3, 373.6, 376.8, 909.8, 1331.3, 1628.5, 959.8, 724.4, 433.8, 1063.4]}"}}, {"type": "Feature", "geometry": {"type": "Point", "coordinates": [-73.844067446, 45.6332339882]}, "properties": {"site": "55125041", "intervenant": "ARCLIN CANADA HOLDINGS LTD.", "nature": "EGOU", "secteur": "population", "volume_annuel_moyen_m3": 130601, "volumes_annuels": "{\"labels\": [\"2001\", \"2002\", \"2003\", \"2004\", \"2005\", \"2006\", \"2007\", \"2008\", \"2009\", \"2010\", \"2011\", \"2012\", \"2013\", \"2014\", \"2015\", \"2016\", \"2017\", \"2018\", \"2019\", \"2020\", \"2021\", \"2022\", \"2023\", \"2024\"], \"values\": [124316, 126055, 126832, 127453, 127699, 127353, 128676, 129192, 129613, 131753, 131713, 127652, 133937, 133729, 127377, 135295, 130908, 128668, 130198, 134377, 137098, 134485, 133708, 136328]}", "profil_mensuel": "{\"labels\": [\"Jan\", \"F\\u00e9v\", \"Mar\", \"Avr\", \"Mai\", \"Jun\", \"Jul\", \"Ao\\u00fb\", \"Sep\", \"Oct\", \"Nov\", \"D\\u00e9c\"], \"values\": [10294.2, 11258.0, 12524.4, 12841.3, 12025.6, 10111.3, 10122.9, 14685.7, 10529.9, 10080.5, 9035.5, 7091.3]}"}}, {"type": "Feature", "geometry": {"type": "Point", "coordinates": [-71.273027, 46.817109]}, "properties": {"site": "X2133234", "intervenant": "Nutriart S.E.C.", "nature": "EGOU", "secteur": "population", "volume_annuel_moyen_m3": 25520, "volumes_annuels": "{\"labels\": [\"2001\", \"2002\", \"2003\", \"2004\", \"2005\", \"2006\", \"2007\", \"2008\", \"2009\", \"2010\", \"2011\", \"2012\", \"2013\", \"2014\", \"2015\", \"2016\", \"2017\", \"2018\", \"2019\", \"2020\", \"2021\", \"2022\", \"2023\", \"2024\"], \"values\": [23582, 23700, 23783, 23864, 23930, 24080, 24293, 24574, 24849, 25117, 25382, 24853, 26210, 26366, 25213, 26931, 26006, 25733, 26102, 27171, 27475, 27144, 27624, 28504]}", "profil_mensuel": "{\"labels\": [\"Jan\", \"F\\u00e9v\", \"Mar\", \"Avr\", \"Mai\", \"Jun\", \"Jul\", \"Ao\\u00fb\", \"Sep\", \"Oct\", \"Nov\", \"D\\u00e9c\"], \"values\": [1850.6, 2091.5, 2350.0, 1973.8, 2285.5, 2102.4, 2045.3, 2322.0, 2082.4, 2323.5, 2207.3, 1885.9]}"}}, {"type": "Feature", "geometry": {"type": "Point", "coordinates": [-64.3974781245, 48.4192034108]}, "properties": {"site": "X1101504", "intervenant": "E.GAGNON ET FILS LTÉE", "nature": "EGOU", "secteur": "population", "volume_annuel_moyen_m3": 23803, "volumes_annuels": "{\"labels\": [\"2001\", \"2002\", \"2003\", \"2004\", \"2005\", \"2006\", \"2007\", \"2008\", \"2009\", \"2010\", \"2011\", \"2012\", \"2013\", \"2014\", \"2015\", \"2016\", \"2017\", \"2018\", \"2019\", \"2020\", \"2021\", \"2022\", \"2023\", \"2024\"], \"values\": [26477, 26320, 26029, 25581, 25246, 24865, 24776, 24530, 23881, 23724, 23567, 23377, 24342, 24468, 22007, 24219, 22414, 22000, 21610, 22464, 22606, 22307, 22075, 22381]}", "profil_mensuel": "{\"labels\": [\"Jan\", \"F\\u00e9v\", \"Mar\", \"Avr\", \"Mai\", \"Jun\", \"Jul\", \"Ao\\u00fb\", \"Sep\", \"Oct\", \"Nov\", \"D\\u00e9c\"], \"values\": [3191.6, 3801.9, 5617.4, 2228.7, 296.3, 315.3, 257.4, 351.6, 135.1, 355.0, 3891.3, 3361.2]}"}}, {"type": "Feature", "geometry": {"type": "Point", "coordinates": [-72.73333, 45.400002]}, "properties": {"site": "23340557", "intervenant": "KERRY (CANADA) INC.", "nature": "EGOU", "secteur": "population", "volume_annuel_moyen_m3": 9096, "volumes_annuels": "{\"labels\": [\"2001\", \"2002\", \"2003\", \"2004\", \"2005\", \"2006\", \"2007\", \"2008\", \"2009\", \"2010\", \"2011\", \"2012\", \"2013\", \"2014\", \"2015\", \"2016\", \"2017\", \"2018\", \"2019\", \"2020\", \"2021\", \"2022\", \"2023\", \"2024\"], \"values\": [8008, 8062, 8120, 8237, 8365, 8483, 8600, 8713, 8811, 8940, 9068, 8952, 9471, 9530, 9091, 9778, 9417, 9328, 9437, 9842, 10064, 9893, 9955, 10149]}", "profil_mensuel": "{\"labels\": [\"Jan\", \"F\\u00e9v\", \"Mar\", \"Avr\", \"Mai\", \"Jun\", \"Jul\", \"Ao\\u00fb\", \"Sep\", \"Oct\", \"Nov\", \"D\\u00e9c\"], \"values\": [1078.4, 770.6, 911.1, 445.1, 666.5, 755.5, 666.3, 771.1, 766.3, 734.6, 770.8, 760.1]}"}}, {"type": "Feature", "geometry": {"type": "Point", "coordinates": [-73.646411, 45.498811]}, "properties": {"site": "X2129278", "intervenant": "Boulangerie Kascher de Montréal ltée", "nature": "EGOU", "secteur": "population", "volume_annuel_moyen_m3": 656, "volumes_annuels": "{\"labels\": [\"2001\", \"2002\", \"2003\", \"2004\", \"2005\", \"2006\", \"2007\", \"2008\", \"2009\", \"2010\", \"2011\", \"2012\", \"2013\", \"2014\", \"2015\", \"2016\", \"2017\", \"2018\", \"2019\", \"2020\", \"2021\", \"2022\", \"2023\", \"2024\"], \"values\": [621, 625, 627, 628, 628, 629, 629, 630, 635, 639, 642, 631, 667, 671, 640, 684, 664, 666, 680, 704, 696, 684, 702, 732]}", "profil_mensuel": "{\"labels\": [\"Jan\", \"F\\u00e9v\", \"Mar\", \"Avr\", \"Mai\", \"Jun\", \"Jul\", \"Ao\\u00fb\", \"Sep\", \"Oct\", \"Nov\", \"D\\u00e9c\"], \"values\": [55.3, 52.2, 56.6, 52.9, 55.1, 52.4, 54.6, 56.0, 53.8, 56.0, 55.0, 56.3]}"}}, {"type": "Feature", "geometry": {"type": "Point", "coordinates": [-73.729804, 45.587396]}, "properties": {"site": "X2130948", "intervenant": "LES ALIMENTS MAPLE LEAF INC.", "nature": "EGOU", "secteur": "population", "volume_annuel_moyen_m3": 6339, "volumes_annuels": "{\"labels\": [\"2001\", \"2002\", \"2003\", \"2004\", \"2005\", \"2006\", \"2007\", \"2008\", \"2009\", \"2010\", \"2011\", \"2012\", \"2013\", \"2014\", \"2015\", \"2016\", \"2017\", \"2018\", \"2019\", \"2020\", \"2021\", \"2022\", \"2023\", \"2024\"], \"values\": [5465, 5527, 5593, 5661, 5728, 5807, 5894, 6002, 6111, 6230, 6333, 6251, 6629, 6688, 6407, 6881, 6650, 6606, 6692, 6954, 7028, 6894, 6960, 7140]}", "profil_mensuel": "{\"labels\": [\"Jan\", \"F\\u00e9v\", \"Mar\", \"Avr\", \"Mai\", \"Jun\", \"Jul\", \"Ao\\u00fb\", \"Sep\", \"Oct\", \"Nov\", \"D\\u00e9c\"], \"values\": [525.7, 530.4, 538.6, 518.8, 523.5, 514.5, 518.5, 532.0, 528.1, 532.4, 540.8, 535.7]}"}}, {"type": "Feature", "geometry": {"type": "Point", "coordinates": [-71.1770555556, 46.8876944444]}, "properties": {"site": "X0300795", "intervenant": "CARRIÈRES QUÉBEC INC.", "nature": "EGOU", "secteur": "population", "volume_annuel_moyen_m3": 175988, "volumes_annuels": "{\"labels\": [\"2001\", \"2002\", \"2003\", \"2004\", \"2005\", \"2006\", \"2007\", \"2008\", \"2009\", \"2010\", \"2011\", \"2012\", \"2013\", \"2014\", \"2015\", \"2016\", \"2017\", \"2018\", \"2019\", \"2020\", \"2021\", \"2022\", \"2023\", \"2024\"], \"values\": [163858, 164674, 165253, 165817, 166272, 167318, 168796, 170751, 172661, 174522, 176361, 168272, 176437, 177689, 174895, 182959, 177335, 176599, 178814, 187793, 192300, 186811, 189480, 198055]}", "profil_mensuel": "{\"labels\": [\"Jan\", \"F\\u00e9v\", \"Mar\", \"Avr\", \"Mai\", \"Jun\", \"Jul\", \"Ao\\u00fb\", \"Sep\", \"Oct\", \"Nov\", \"D\\u00e9c\"], \"values\": [0.0, 0.0, 0.0, 9467.9, 57762.8, 42269.1, 1096.9, 16510.6, 19097.0, 10405.3, 6089.6, 13289.2]}"}}, {"type": "Feature", "geometry": {"type": "Point", "coordinates": [-73.407999, 45.530274]}, "properties": {"site": "52485455", "intervenant": "PRATT & WHITNEY CANADA CIE.", "nature": "EGOU", "secteur": "population", "volume_annuel_moyen_m3": 38532, "volumes_annuels": "{\"labels\": [\"2001\", \"2002\", \"2003\", \"2004\", \"2005\", \"2006\", \"2007\", \"2008\", \"2009\", \"2010\", \"2011\", \"2012\", \"2013\", \"2014\", \"2015\", \"2016\", \"2017\", \"2018\", \"2019\", \"2020\", \"2021\", \"2022\", \"2023\", \"2024\"], \"values\": [36890, 36995, 37077, 37117, 37079, 37009, 36924, 36900, 36994, 37151, 37452, 36595, 38713, 39004, 37384, 39883, 38771, 38690, 39636, 41454, 41934, 40917, 41394, 42810]}", "profil_mensuel": "{\"labels\": [\"Jan\", \"F\\u00e9v\", \"Mar\", \"Avr\", \"Mai\", \"Jun\", \"Jul\", \"Ao\\u00fb\", \"Sep\", \"Oct\", \"Nov\", \"D\\u00e9c\"], \"values\": [2723.8, 3302.8, 3410.1, 3646.4, 3462.7, 2929.7, 3503.9, 4537.8, 2749.2, 2633.2, 2615.3, 3017.2]}"}}, {"type": "Feature", "geometry": {"type": "Point", "coordinates": [-73.6443027778, 45.42394]}, "properties": {"site": "19356310", "intervenant": "LA BRASSERIE LABATT LIMITÉE", "nature": "EGOU", "secteur": "population", "volume_annuel_moyen_m3": 1229767, "volumes_annuels": "{\"labels\": [\"2001\", \"2002\", \"2003\", \"2004\", \"2005\", \"2006\", \"2007\", \"2008\", \"2009\", \"2010\", \"2011\", \"2012\", \"2013\", \"2014\", \"2015\", \"2016\", \"2017\", \"2018\", \"2019\", \"2020\", \"2021\", \"2022\", \"2023\", \"2024\"], \"values\": [1162515, 1171559, 1174370, 1175926, 1176697, 1178487, 1177521, 1179568, 1189983, 1197376, 1203539, 1179663, 1246357, 1255497, 1203117, 1280734, 1248610, 1246597, 1273847, 1319330, 1305529, 1281665, 1314522, 1371409]}", "profil_mensuel": "{\"labels\": [\"Jan\", \"F\\u00e9v\", \"Mar\", \"Avr\", \"Mai\", \"Jun\", \"Jul\", \"Ao\\u00fb\", \"Sep\", \"Oct\", \"Nov\", \"D\\u00e9c\"], \"values\": [40087.4, 43376.6, 45859.7, 46491.8, 46763.3, 47277.9, 55856.3, 63321.5, 61112.0, 58253.4, 51393.5, 55090.4]}"}}, {"type": "Feature", "geometry": {"type": "Point", "coordinates": [-73.433404, 45.320986]}, "properties": {"site": "90118183", "intervenant": "CONSTRUCTION DJL INC.", "nature": "NATU", "secteur": "autre", "volume_annuel_moyen_m3": 538753, "volumes_annuels": "{\"labels\": [\"2001\", \"2002\", \"2003\", \"2004\", \"2005\", \"2006\", \"2007\", \"2008\", \"2009\", \"2010\", \"2011\", \"2012\", \"2013\", \"2014\", \"2015\", \"2016\", \"2017\", \"2018\", \"2019\", \"2020\", \"2021\", \"2022\", \"2023\", \"2024\"], \"values\": [563805, 581705, 566090, 542501, 577851, 561146, 558946, 545337, 482764, 507297, 509774, 486657, 495149, 534194, 517252, 555304, 534230, 540284, 535805, 520151, 551754, 556960, 554479, 550643]}", "profil_mensuel": "{\"labels\": [\"Jan\", \"F\\u00e9v\", \"Mar\", \"Avr\", \"Mai\", \"Jun\", \"Jul\", \"Ao\\u00fb\", \"Sep\", \"Oct\", \"Nov\", \"D\\u00e9c\"], \"values\": [38697.7, 106169.3, 39187.0, 41919.7, 44214.4, 44265.7, 43821.9, 42915.4, 40662.6, 44910.2, 47225.2, 4764.3]}"}}, {"type": "Feature", "geometry": {"type": "Point", "coordinates": [-67.28219, 49.42154]}, "properties": {"site": "90523564", "intervenant": "CRUSTACÉS BAIE-TRINITÉ INC.", "nature": "NATU", "secteur": "autre", "volume_annuel_moyen_m3": 36584, "volumes_annuels": "{\"labels\": [\"2001\", \"2002\", \"2003\", \"2004\", \"2005\", \"2006\", \"2007\", \"2008\", \"2009\", \"2010\", \"2011\", \"2012\", \"2013\", \"2014\", \"2015\", \"2016\", \"2017\", \"2018\", \"2019\", \"2020\", \"2021\", \"2022\", \"2023\", \"2024\"], \"values\": [38939, 40121, 39067, 37451, 39776, 38628, 38438, 37502, 33328, 34966, 35124, 31869, 32918, 35298, 35022, 36929, 34973, 36063, 36168, 34927, 37771, 37584, 37407, 37744]}", "profil_mensuel": "{\"labels\": [\"Jan\", \"F\\u00e9v\", \"Mar\", \"Avr\", \"Mai\", \"Jun\", \"Jul\", \"Ao\\u00fb\", \"Sep\", \"Oct\", \"Nov\", \"D\\u00e9c\"], \"values\": [0.0, 0.0, 0.0, 7884.7, 9049.4, 1357.9, 0.0, 0.0, 0.0, 0.0, 0.0, 0.0]}"}}, {"type": "Feature", "geometry": {"type": "Point", "coordinates": [-72.6391548979, 45.9070464658]}, "properties": {"site": "90522863", "intervenant": "EXCAVATION MC. B. M. INC.", "nature": "NATU", "secteur": "autre", "volume_annuel_moyen_m3": 46902, "volumes_annuels": "{\"labels\": [\"2001\", \"2002\", \"2003\", \"2004\", \"2005\", \"2006\", \"2007\", \"2008\", \"2009\", \"2010\", \"2011\", \"2012\", \"2013\", \"2014\", \"2015\", \"2016\", \"2017\", \"2018\", \"2019\", \"2020\", \"2021\", \"2022\", \"2023\", \"2024\"], \"values\": [49199, 50761, 49398, 47340, 50424, 48967, 48775, 47587, 42127, 44268, 44484, 41505, 42381, 46049, 45555, 47649, 46966, 46773, 46601, 45447, 48443, 48705, 48183, 48050]}", "profil_mensuel": "{\"labels\": [\"Jan\", \"F\\u00e9v\", \"Mar\", \"Avr\", \"Mai\", \"Jun\", \"Jul\", \"Ao\\u00fb\", \"Sep\", \"Oct\", \"Nov\", \"D\\u00e9c\"], \"values\": [0.0, 0.0, 3434.2, 8425.5, 5239.3, 3027.1, 6200.2, 7979.1, 3832.1, 5188.7, 3575.2, 0.0]}"}}, {"type": "Feature", "geometry": {"type": "Point", "coordinates": [-72.7452029924, 45.3933451904]}, "properties": {"site": "X2033181", "intervenant": "COLOREX INC.", "nature": "EGOU", "secteur": "population", "volume_annuel_moyen_m3": 37212, "volumes_annuels": "{\"labels\": [\"2001\", \"2002\", \"2003\", \"2004\", \"2005\", \"2006\", \"2007\", \"2008\", \"2009\", \"2010\", \"2011\", \"2012\", \"2013\", \"2014\", \"2015\", \"2016\", \"2017\", \"2018\", \"2019\", \"2020\", \"2021\", \"2022\", \"2023\", \"2024\"], \"values\": [32753, 32977, 33211, 33689, 34213, 34696, 35174, 35638, 36039, 36565, 37089, 36528, 38664, 38954, 37286, 39969, 38612, 38098, 38649, 40293, 41186, 40521, 40784, 41511]}", "profil_mensuel": "{\"labels\": [\"Jan\", \"F\\u00e9v\", \"Mar\", \"Avr\", \"Mai\", \"Jun\", \"Jul\", \"Ao\\u00fb\", \"Sep\", \"Oct\", \"Nov\", \"D\\u00e9c\"], \"values\": [2195.9, 3886.2, 4355.5, 2567.8, 2590.5, 2546.5, 3383.3, 3304.4, 3343.7, 3471.7, 2796.3, 2770.6]}"}}, {"type": "Feature", "geometry": {"type": "Point", "coordinates": [-73.4952864077, 45.9854783517]}, "properties": {"site": "90255357", "intervenant": "GRAYMONT (QC) INC.", "nature": "NATU", "secteur": "chimie", "volume_annuel_moyen_m3": 404021, "volumes_annuels": "{\"labels\": [\"2001\", \"2002\", \"2003\", \"2004\", \"2005\", \"2006\", \"2007\", \"2008\", \"2009\", \"2010\", \"2011\", \"2012\", \"2013\", \"2014\", \"2015\", \"2016\", \"2017\", \"2018\", \"2019\", \"2020\", \"2021\", \"2022\", \"2023\", \"2024\"], \"values\": [471424, 476894, 482789, 469173, 463225, 458477, 394304, 367453, 367400, 378542, 362514, 369869, 352692, 357643, 330754, 357732, 361340, 374540, 369040, 375151, 411899, 440684, 443370, 459603]}", "profil_mensuel": "{\"labels\": [\"Jan\", \"F\\u00e9v\", \"Mar\", \"Avr\", \"Mai\", \"Jun\", \"Jul\", \"Ao\\u00fb\", \"Sep\", \"Oct\", \"Nov\", \"D\\u00e9c\"], \"values\": [78987.3, 16966.1, 0.0, 0.0, 55649.3, 17865.5, 62815.5, 0.0, 132166.1, 0.0, 25480.4, 14091.2]}"}}, {"type": "Feature", "geometry": {"type": "Point", "coordinates": [-72.3708333333, 46.3844444444]}, "properties": {"site": "55241798", "intervenant": "OLIN CANADA ULC", "nature": "NATU", "secteur": "autre", "volume_annuel_moyen_m3": 704332, "volumes_annuels": "{\"labels\": [\"2001\", \"2002\", \"2003\", \"2004\", \"2005\", \"2006\", \"2007\", \"2008\", \"2009\", \"2010\", \"2011\", \"2012\", \"2013\", \"2014\", \"2015\", \"2016\", \"2017\", \"2018\", \"2019\", \"2020\", \"2021\", \"2022\", \"2023\", \"2024\"], \"values\": [735968, 759104, 738844, 708253, 754010, 732420, 729679, 712150, 631329, 663289, 666680, 632912, 644458, 697147, 680120, 721619, 702199, 706892, 700419, 684223, 725823, 731184, 724439, 720807]}", "profil_mensuel": "{\"labels\": [\"Jan\", \"F\\u00e9v\", \"Mar\", \"Avr\", \"Mai\", \"Jun\", \"Jul\", \"Ao\\u00fb\", \"Sep\", \"Oct\", \"Nov\", \"D\\u00e9c\"], \"values\": [26504.2, 25523.6, 32713.8, 23413.7, 28144.9, 32956.1, 37231.6, 39520.4, 25028.3, 27302.4, 26425.3, 27401.7]}"}}, {"type": "Feature", "geometry": {"type": "Point", "coordinates": [-73.92652, 45.68248]}, "properties": {"site": "X1501939", "intervenant": "LALLEMAND SOLUTIONS SANTÉ INC.", "nature": "EGOU", "secteur": "population", "volume_annuel_moyen_m3": 4201, "volumes_annuels": "{\"labels\": [\"2001\", \"2002\", \"2003\", \"2004\", \"2005\", \"2006\", \"2007\", \"2008\", \"2009\", \"2010\", \"2011\", \"2012\", \"2013\", \"2014\", \"2015\", \"2016\", \"2017\", \"2018\", \"2019\", \"2020\", \"2021\", \"2022\", \"2023\", \"2024\"], \"values\": [2538, 2662, 2793, 2925, 3056, 3198, 3328, 3475, 3591, 3727, 3865, 3904, 4273, 4433, 4370, 4823, 4774, 4901, 5128, 5482, 5757, 5790, 5934, 6106]}", "profil_mensuel": "{\"labels\": [\"Jan\", \"F\\u00e9v\", \"Mar\", \"Avr\", \"Mai\", \"Jun\", \"Jul\", \"Ao\\u00fb\", \"Sep\", \"Oct\", \"Nov\", \"D\\u00e9c\"], \"values\": [382.3, 355.8, 464.4, 427.3, 407.0, 313.2, 368.6, 118.0, 354.2, 294.5, 419.5, 296.5]}"}}, {"type": "Feature", "geometry": {"type": "Point", "coordinates": [-74.120109, 45.257397]}, "properties": {"site": "55233241", "intervenant": "Diageo Canada Inc.", "nature": "NATU", "secteur": "autre", "volume_annuel_moyen_m3": 1855, "volumes_annuels": "{\"labels\": [\"2001\", \"2002\", \"2003\", \"2004\", \"2005\", \"2006\", \"2007\", \"2008\", \"2009\", \"2010\", \"2011\", \"2012\", \"2013\", \"2014\", \"2015\", \"2016\", \"2017\", \"2018\", \"2019\", \"2020\", \"2021\", \"2022\", \"2023\", \"2024\"], \"values\": [1901, 1947, 1909, 1849, 1938, 1895, 1891, 1857, 1700, 1763, 1772, 1692, 1745, 1850, 1785, 1914, 1840, 1848, 1842, 1832, 1929, 1932, 1939, 1943]}", "profil_mensuel": "{\"labels\": [\"Jan\", \"F\\u00e9v\", \"Mar\", \"Avr\", \"Mai\", \"Jun\", \"Jul\", \"Ao\\u00fb\", \"Sep\", \"Oct\", \"Nov\", \"D\\u00e9c\"], \"values\": [54.4, 87.4, 93.1, 79.1, 88.8, 89.9, 78.9, 26.0, 84.6, 91.1, 89.7, 64.5]}"}}, {"type": "Feature", "geometry": {"type": "Point", "coordinates": [-73.3880555, 46.0388889]}, "properties": {"site": "90454778", "intervenant": "LES CARRIÈRES JOLIETTE INC.", "nature": "NATU", "secteur": "autre", "volume_annuel_moyen_m3": 535140, "volumes_annuels": "{\"labels\": [\"2001\", \"2002\", \"2003\", \"2004\", \"2005\", \"2006\", \"2007\", \"2008\", \"2009\", \"2010\", \"2011\", \"2012\", \"2013\", \"2014\", \"2015\", \"2016\", \"2017\", \"2018\", \"2019\", \"2020\", \"2021\", \"2022\", \"2023\", \"2024\"], \"values\": [560398, 578190, 562668, 539222, 574359, 557754, 555568, 542041, 479846, 504231, 506693, 476201, 483221, 526025, 521432, 544322, 539294, 535223, 531433, 519994, 553204, 555802, 548914, 547315]}", "profil_mensuel": "{\"labels\": [\"Jan\", \"F\\u00e9v\", \"Mar\", \"Avr\", \"Mai\", \"Jun\", \"Jul\", \"Ao\\u00fb\", \"Sep\", \"Oct\", \"Nov\", \"D\\u00e9c\"], \"values\": [852.7, 8955.8, 17761.7, 19658.6, 15523.8, 29833.0, 35008.0, 52095.0, 31799.1, 23847.9, 21169.1, 11065.1]}"}}, {"type": "Feature", "geometry": {"type": "Point", "coordinates": [-66.38091, 50.20053]}, "properties": {"site": "90366147", "intervenant": "Groupe Umek, Société en commandite", "nature": "EGOU", "secteur": "population", "volume_annuel_moyen_m3": 21507, "volumes_annuels": "{\"labels\": [\"2001\", \"2002\", \"2003\", \"2004\", \"2005\", \"2006\", \"2007\", \"2008\", \"2009\", \"2010\", \"2011\", \"2012\", \"2013\", \"2014\", \"2015\", \"2016\", \"2017\", \"2018\", \"2019\", \"2020\", \"2021\", \"2022\", \"2023\", \"2024\"], \"values\": [22178, 21887, 21834, 21893, 21918, 22042, 22071, 22099, 22096, 22085, 22255, 20721, 22163, 22076, 20957, 22027, 20439, 20373, 20580, 20907, 21423, 20581, 20557, 21015]}", "profil_mensuel": "{\"labels\": [\"Jan\", \"F\\u00e9v\", \"Mar\", \"Avr\", \"Mai\", \"Jun\", \"Jul\", \"Ao\\u00fb\", \"Sep\", \"Oct\", \"Nov\", \"D\\u00e9c\"], \"values\": [0.0, 0.0, 0.0, 11504.6, 8750.7, 1252.0, 0.0, 0.0, 0.0, 0.0, 0.0, 0.0]}"}}, {"type": "Feature", "geometry": {"type": "Point", "coordinates": [-72.912858, 45.638166]}, "properties": {"site": "90475187", "intervenant": "OLYMEL S.E.C.", "nature": "EGOU", "secteur": "population", "volume_annuel_moyen_m3": 301592, "volumes_annuels": "{\"labels\": [\"2001\", \"2002\", \"2003\", \"2004\", \"2005\", \"2006\", \"2007\", \"2008\", \"2009\", \"2010\", \"2011\", \"2012\", \"2013\", \"2014\", \"2015\", \"2016\", \"2017\", \"2018\", \"2019\", \"2020\", \"2021\", \"2022\", \"2023\", \"2024\"], \"values\": [283017, 284009, 284686, 284863, 285970, 286366, 288763, 290806, 291528, 294745, 295985, 291670, 308667, 311577, 297137, 319737, 306578, 302544, 305858, 318672, 324470, 321016, 326177, 333367]}", "profil_mensuel": "{\"labels\": [\"Jan\", \"F\\u00e9v\", \"Mar\", \"Avr\", \"Mai\", \"Jun\", \"Jul\", \"Ao\\u00fb\", \"Sep\", \"Oct\", \"Nov\", \"D\\u00e9c\"], \"values\": [25190.5, 29951.9, 25430.4, 25536.4, 26129.4, 24597.3, 20702.6, 22532.6, 23173.8, 26953.2, 26539.4, 24854.6]}"}}, {"type": "Feature", "geometry": {"type": "Point", "coordinates": [-73.5805554, 45.4682589]}, "properties": {"site": "X2185479", "intervenant": "Amrize Canada Inc.", "nature": "EGOU", "secteur": "population", "volume_annuel_moyen_m3": 9717, "volumes_annuels": "{\"labels\": [\"2001\", \"2002\", \"2003\", \"2004\", \"2005\", \"2006\", \"2007\", \"2008\", \"2009\", \"2010\", \"2011\", \"2012\", \"2013\", \"2014\", \"2015\", \"2016\", \"2017\", \"2018\", \"2019\", \"2020\", \"2021\", \"2022\", \"2023\", \"2024\"], \"values\": [9187, 9259, 9281, 9293, 9299, 9313, 9306, 9322, 9404, 9463, 9511, 9259, 9768, 9859, 9578, 10070, 9944, 9863, 10037, 10480, 10379, 10115, 10381, 10838]}", "profil_mensuel": "{\"labels\": [\"Jan\", \"F\\u00e9v\", \"Mar\", \"Avr\", \"Mai\", \"Jun\", \"Jul\", \"Ao\\u00fb\", \"Sep\", \"Oct\", \"Nov\", \"D\\u00e9c\"], \"values\": [0.0, 0.0, 0.0, 0.0, 1111.7, 1187.7, 1162.3, 1160.9, 1249.3, 1574.4, 1340.0, 930.7]}"}}, {"type": "Feature", "geometry": {"type": "Point", "coordinates": [-72.6183670313, 45.2299498197]}, "properties": {"site": "X2051606", "intervenant": "CONSTRUCTION DJL INC.", "nature": "NATU", "secteur": "autre", "volume_annuel_moyen_m3": 129750, "volumes_annuels": "{\"labels\": [\"2001\", \"2002\", \"2003\", \"2004\", \"2005\", \"2006\", \"2007\", \"2008\", \"2009\", \"2010\", \"2011\", \"2012\", \"2013\", \"2014\", \"2015\", \"2016\", \"2017\", \"2018\", \"2019\", \"2020\", \"2021\", \"2022\", \"2023\", \"2024\"], \"values\": [135625, 139931, 136175, 130500, 139004, 134986, 134456, 131183, 116130, 122032, 122628, 116785, 118582, 128326, 125401, 132872, 129500, 130283, 129147, 125965, 133898, 134908, 133233, 132459]}", "profil_mensuel": "{\"labels\": [\"Jan\", \"F\\u00e9v\", \"Mar\", \"Avr\", \"Mai\", \"Jun\", \"Jul\", \"Ao\\u00fb\", \"Sep\", \"Oct\", \"Nov\", \"D\\u00e9c\"], \"values\": [11419.3, 10772.3, 10065.4, 9357.5, 9802.0, 9283.9, 10157.6, 23530.1, 7168.7, 8013.7, 8556.3, 11623.5]}"}}, {"type": "Feature", "geometry": {"type": "Point", "coordinates": [-72.5131684218, 45.8858657973]}, "properties": {"site": "29459906", "intervenant": "CASCADES CANADA ULC", "nature": "EGOU", "secteur": "population", "volume_annuel_moyen_m3": 5399, "volumes_annuels": "{\"labels\": [\"2001\", \"2002\", \"2003\", \"2004\", \"2005\", \"2006\", \"2007\", \"2008\", \"2009\", \"2010\", \"2011\", \"2012\", \"2013\", \"2014\", \"2015\", \"2016\", \"2017\", \"2018\", \"2019\", \"2020\", \"2021\", \"2022\", \"2023\", \"2024\"], \"values\": [4720, 4755, 4826, 4884, 4954, 4989, 5032, 5110, 5183, 5253, 5325, 5252, 5556, 5609, 5388, 5784, 5626, 5565, 5618, 5883, 6032, 5964, 6065, 6210]}", "profil_mensuel": "{\"labels\": [\"Jan\", \"F\\u00e9v\", \"Mar\", \"Avr\", \"Mai\", \"Jun\", \"Jul\", \"Ao\\u00fb\", \"Sep\", \"Oct\", \"Nov\", \"D\\u00e9c\"], \"values\": [337.5, 376.3, 524.5, 263.3, 402.4, 420.0, 424.0, 570.6, 424.1, 528.1, 642.8, 485.6]}"}}, {"type": "Feature", "geometry": {"type": "Point", "coordinates": [-68.4154166, 49.17519444]}, "properties": {"site": "54903323", "intervenant": "PF RÉSOLU CANADA INC.", "nature": "NATU", "secteur": "papier", "volume_annuel_moyen_m3": 80098, "volumes_annuels": "{\"labels\": [\"2001\", \"2002\", \"2003\", \"2004\", \"2005\", \"2006\", \"2007\", \"2008\", \"2009\", \"2010\", \"2011\", \"2012\", \"2013\", \"2014\", \"2015\", \"2016\", \"2017\", \"2018\", \"2019\", \"2020\", \"2021\", \"2022\", \"2023\", \"2024\"], \"values\": [114167, 118614, 112098, 98577, 113965, 105825, 105082, 96876, 74120, 82336, 79501, 70043, 65381, 75109, 71747, 74161, 67220, 64447, 56748, 51611, 53688, 57087, 60770, 53171]}", "profil_mensuel": "{\"labels\": [\"Jan\", \"F\\u00e9v\", \"Mar\", \"Avr\", \"Mai\", \"Jun\", \"Jul\", \"Ao\\u00fb\", \"Sep\", \"Oct\", \"Nov\", \"D\\u00e9c\"], \"values\": [5746.8, 5919.1, 4681.4, 7243.0, 5426.1, 6355.5, 5603.0, 8599.5, 7181.5, 8136.0, 8664.7, 6541.0]}"}}, {"type": "Feature", "geometry": {"type": "Point", "coordinates": [-73.9100777778, 45.7533806]}, "properties": {"site": "X2067338", "intervenant": "Amrize Canada Inc.", "nature": "NATU", "secteur": "metaux", "volume_annuel_moyen_m3": 39736, "volumes_annuels": "{\"labels\": [\"2001\", \"2002\", \"2003\", \"2004\", \"2005\", \"2006\", \"2007\", \"2008\", \"2009\", \"2010\", \"2011\", \"2012\", \"2013\", \"2014\", \"2015\", \"2016\", \"2017\", \"2018\", \"2019\", \"2020\", \"2021\", \"2022\", \"2023\", \"2024\"], \"values\": [40356, 40058, 36584, 40522, 43993, 42508, 44912, 44346, 37231, 38865, 41110, 38696, 37908, 41142, 39515, 38569, 38621, 38573, 40098, 39532, 39450, 36828, 37302, 36950]}", "profil_mensuel": "{\"labels\": [\"Jan\", \"F\\u00e9v\", \"Mar\", \"Avr\", \"Mai\", \"Jun\", \"Jul\", \"Ao\\u00fb\", \"Sep\", \"Oct\", \"Nov\", \"D\\u00e9c\"], \"values\": [0.0, 0.0, 0.0, 4933.0, 4974.1, 4781.7, 5200.9, 5093.0, 4797.4, 5051.7, 4904.3, 0.0]}"}}, {"type": "Feature", "geometry": {"type": "Point", "coordinates": [-72.518738, 45.881536]}, "properties": {"site": "29418084", "intervenant": "TEXTILES MONTEREY (1996) INC.", "nature": "EGOU", "secteur": "population", "volume_annuel_moyen_m3": 69156, "volumes_annuels": "{\"labels\": [\"2001\", \"2002\", \"2003\", \"2004\", \"2005\", \"2006\", \"2007\", \"2008\", \"2009\", \"2010\", \"2011\", \"2012\", \"2013\", \"2014\", \"2015\", \"2016\", \"2017\", \"2018\", \"2019\", \"2020\", \"2021\", \"2022\", \"2023\", \"2024\"], \"values\": [60585, 61040, 61954, 62691, 63592, 64048, 64590, 65601, 66535, 67437, 68358, 67063, 71041, 71742, 68782, 74152, 71648, 71027, 71873, 75075, 77207, 76248, 77728, 79718]}", "profil_mensuel": "{\"labels\": [\"Jan\", \"F\\u00e9v\", \"Mar\", \"Avr\", \"Mai\", \"Jun\", \"Jul\", \"Ao\\u00fb\", \"Sep\", \"Oct\", \"Nov\", \"D\\u00e9c\"], \"values\": [4756.7, 5615.5, 6573.2, 7467.9, 6896.8, 5963.4, 3588.2, 5572.7, 5730.8, 5988.9, 6440.9, 4560.5]}"}}, {"type": "Feature", "geometry": {"type": "Point", "coordinates": [-71.239480555, 46.886430555]}, "properties": {"site": "55408355", "intervenant": "GROUPE COLAS QUÉBEC INC.", "nature": "NATU", "secteur": "autre", "volume_annuel_moyen_m3": 593413, "volumes_annuels": "{\"labels\": [\"2001\", \"2002\", \"2003\", \"2004\", \"2005\", \"2006\", \"2007\", \"2008\", \"2009\", \"2010\", \"2011\", \"2012\", \"2013\", \"2014\", \"2015\", \"2016\", \"2017\", \"2018\", \"2019\", \"2020\", \"2021\", \"2022\", \"2023\", \"2024\"], \"values\": [620608, 640312, 623123, 597158, 636070, 617681, 615260, 600280, 531402, 558407, 561133, 533175, 543845, 588373, 571829, 611071, 590625, 595347, 589412, 574692, 610550, 614677, 610769, 606120]}", "profil_mensuel": "{\"labels\": [\"Jan\", \"F\\u00e9v\", \"Mar\", \"Avr\", \"Mai\", \"Jun\", \"Jul\", \"Ao\\u00fb\", \"Sep\", \"Oct\", \"Nov\", \"D\\u00e9c\"], \"values\": [49222.4, 49635.9, 50351.9, 48631.4, 49034.3, 48249.0, 48599.1, 49786.5, 49452.7, 49806.0, 50541.3, 50102.8]}"}}, {"type": "Feature", "geometry": {"type": "Point", "coordinates": [-73.633638, 45.58149]}, "properties": {"site": "X2144937", "intervenant": "LES ALIMENTS MAPLE LEAF INC.", "nature": "EGOU", "secteur": "population", "volume_annuel_moyen_m3": 210652, "volumes_annuels": "{\"labels\": [\"2001\", \"2002\", \"2003\", \"2004\", \"2005\", \"2006\", \"2007\", \"2008\", \"2009\", \"2010\", \"2011\", \"2012\", \"2013\", \"2014\", \"2015\", \"2016\", \"2017\", \"2018\", \"2019\", \"2020\", \"2021\", \"2022\", \"2023\", \"2024\"], \"values\": [199171, 200720, 201202, 201468, 201601, 201907, 201742, 202092, 203877, 205143, 206199, 202422, 213933, 215317, 205400, 219588, 213005, 213619, 218304, 225927, 223402, 219456, 225203, 234960]}", "profil_mensuel": "{\"labels\": [\"Jan\", \"F\\u00e9v\", \"Mar\", \"Avr\", \"Mai\", \"Jun\", \"Jul\", \"Ao\\u00fb\", \"Sep\", \"Oct\", \"Nov\", \"D\\u00e9c\"], \"values\": [17472.8, 17625.4, 17887.5, 17251.2, 17400.1, 17111.7, 17240.3, 17675.7, 17547.9, 17686.5, 17958.0, 17795.6]}"}}, {"type": "Feature", "geometry": {"type": "Point", "coordinates": [-75.424837, 45.537255]}, "properties": {"site": "90560244", "intervenant": "SOCIÉTÉ EN COMMANDITE PAPIER MASSON WB", "nature": "NATU", "secteur": "papier", "volume_annuel_moyen_m3": 10238, "volumes_annuels": "{\"labels\": [\"2001\", \"2002\", \"2003\", \"2004\", \"2005\", \"2006\", \"2007\", \"2008\", \"2009\", \"2010\", \"2011\", \"2012\", \"2013\", \"2014\", \"2015\", \"2016\", \"2017\", \"2018\", \"2019\", \"2020\", \"2021\", \"2022\", \"2023\", \"2024\"], \"values\": [14608, 15177, 14343, 12613, 14582, 13540, 13445, 12395, 9484, 10535, 10172, 8956, 8354, 9579, 9163, 9439, 8560, 8236, 7254, 6587, 6848, 7296, 7748, 6803]}", "profil_mensuel": "{\"labels\": [\"Jan\", \"F\\u00e9v\", \"Mar\", \"Avr\", \"Mai\", \"Jun\", \"Jul\", \"Ao\\u00fb\", \"Sep\", \"Oct\", \"Nov\", \"D\\u00e9c\"], \"values\": [919.5, 860.4, 919.7, 863.1, 905.1, 913.6, 854.9, 940.4, 825.1, 740.1, 727.2, 768.9]}"}}, {"type": "Feature", "geometry": {"type": "Point", "coordinates": [-78.796524, 48.432174]}, "properties": {"site": "90262965", "intervenant": "IAMGOLD CORPORATION", "nature": "NATU", "secteur": "autre", "volume_annuel_moyen_m3": 42062, "volumes_annuels": "{\"labels\": [\"2001\", \"2002\", \"2003\", \"2004\", \"2005\", \"2006\", \"2007\", \"2008\", \"2009\", \"2010\", \"2011\", \"2012\", \"2013\", \"2014\", \"2015\", \"2016\", \"2017\", \"2018\", \"2019\", \"2020\", \"2021\", \"2022\", \"2023\", \"2024\"], \"values\": [43936, 45330, 44114, 42275, 45030, 43728, 43557, 42496, 37620, 39532, 39725, 39783, 40155, 42463, 39301, 44340, 40718, 42490, 42067, 39817, 41861, 42966, 43264, 42910]}", "profil_mensuel": "{\"labels\": [\"Jan\", \"F\\u00e9v\", \"Mar\", \"Avr\", \"Mai\", \"Jun\", \"Jul\", \"Ao\\u00fb\", \"Sep\", \"Oct\", \"Nov\", \"D\\u00e9c\"], \"values\": [12333.4, 29427.8, 19.2, 94.7, 42.3, 10.2, 25.0, 11.4, 19.1, 22.2, 56.4, 0.0]}"}}, {"type": "Feature", "geometry": {"type": "Point", "coordinates": [-73.551347, 45.492008]}, "properties": {"site": "55430235", "intervenant": "ADM AGRI-INDUSTRIES COMPANY", "nature": "EGOU", "secteur": "population", "volume_annuel_moyen_m3": 16839, "volumes_annuels": "{\"labels\": [\"2001\", \"2002\", \"2003\", \"2004\", \"2005\", \"2006\", \"2007\", \"2008\", \"2009\", \"2010\", \"2011\", \"2012\", \"2013\", \"2014\", \"2015\", \"2016\", \"2017\", \"2018\", \"2019\", \"2020\", \"2021\", \"2022\", \"2023\", \"2024\"], \"values\": [15874, 15998, 16036, 16058, 16068, 16093, 16079, 16107, 16250, 16351, 16435, 16223, 17120, 17248, 16477, 17604, 17131, 17112, 17479, 18110, 17924, 17620, 18016, 18727]}", "profil_mensuel": "{\"labels\": [\"Jan\", \"F\\u00e9v\", \"Mar\", \"Avr\", \"Mai\", \"Jun\", \"Jul\", \"Ao\\u00fb\", \"Sep\", \"Oct\", \"Nov\", \"D\\u00e9c\"], \"values\": [1299.3, 1313.4, 1459.9, 1193.0, 950.9, 895.8, 928.9, 2686.6, 1389.1, 1274.5, 2060.9, 1386.9]}"}}, {"type": "Feature", "geometry": {"type": "Point", "coordinates": [-71.157093, 46.827634]}, "properties": {"site": "11592136", "intervenant": "CHANTIER DAVIE CANADA INC.", "nature": "EGOU", "secteur": "population", "volume_annuel_moyen_m3": 1314, "volumes_annuels": "{\"labels\": [\"2001\", \"2002\", \"2003\", \"2004\", \"2005\", \"2006\", \"2007\", \"2008\", \"2009\", \"2010\", \"2011\", \"2012\", \"2013\", \"2014\", \"2015\", \"2016\", \"2017\", \"2018\", \"2019\", \"2020\", \"2021\", \"2022\", \"2023\", \"2024\"], \"values\": [1170, 1180, 1188, 1199, 1216, 1236, 1257, 1274, 1291, 1306, 1317, 1273, 1343, 1352, 1309, 1389, 1345, 1327, 1344, 1406, 1444, 1426, 1444, 1493]}", "profil_mensuel": "{\"labels\": [\"Jan\", \"F\\u00e9v\", \"Mar\", \"Avr\", \"Mai\", \"Jun\", \"Jul\", \"Ao\\u00fb\", \"Sep\", \"Oct\", \"Nov\", \"D\\u00e9c\"], \"values\": [92.3, 27.5, 75.6, 185.7, 165.4, 128.2, 130.1, 113.0, 137.7, 92.6, 94.9, 70.8]}"}}, {"type": "Feature", "geometry": {"type": "Point", "coordinates": [-73.53189, 45.54656]}, "properties": {"site": "X0600173", "intervenant": "LANTIC INC.", "nature": "EGOU", "secteur": "population", "volume_annuel_moyen_m3": 9099433, "volumes_annuels": "{\"labels\": [\"2001\", \"2002\", \"2003\", \"2004\", \"2005\", \"2006\", \"2007\", \"2008\", \"2009\", \"2010\", \"2011\", \"2012\", \"2013\", \"2014\", \"2015\", \"2016\", \"2017\", \"2018\", \"2019\", \"2020\", \"2021\", \"2022\", \"2023\", \"2024\"], \"values\": [8620086, 8687147, 8707986, 8719526, 8725248, 8738517, 8731353, 8746533, 8823761, 8878580, 8924282, 8705157, 9174254, 9242814, 8923933, 9381345, 9248432, 9219174, 9434235, 9764327, 9649312, 9485013, 9686342, 10169040]}", "profil_mensuel": "{\"labels\": [\"Jan\", \"F\\u00e9v\", \"Mar\", \"Avr\", \"Mai\", \"Jun\", \"Jul\", \"Ao\\u00fb\", \"Sep\", \"Oct\", \"Nov\", \"D\\u00e9c\"], \"values\": [292131.9, 247952.8, 326780.4, 344063.2, 381383.9, 418164.8, 615549.0, 645267.8, 389632.7, 348047.8, 306718.1, 234024.3]}"}}, {"type": "Feature", "geometry": {"type": "Point", "coordinates": [-73.51454434, 45.61513965]}, "properties": {"site": "X2138760", "intervenant": "Amrize Canada Inc.", "nature": "NATU", "secteur": "metaux", "volume_annuel_moyen_m3": 146459, "volumes_annuels": "{\"labels\": [\"2001\", \"2002\", \"2003\", \"2004\", \"2005\", \"2006\", \"2007\", \"2008\", \"2009\", \"2010\", \"2011\", \"2012\", \"2013\", \"2014\", \"2015\", \"2016\", \"2017\", \"2018\", \"2019\", \"2020\", \"2021\", \"2022\", \"2023\", \"2024\"], \"values\": [148100, 147003, 134256, 148708, 161446, 155994, 164819, 162742, 136629, 142628, 150864, 143863, 141259, 153170, 146527, 145293, 143873, 142170, 147079, 144312, 144866, 135882, 137929, 135599]}", "profil_mensuel": "{\"labels\": [\"Jan\", \"F\\u00e9v\", \"Mar\", \"Avr\", \"Mai\", \"Jun\", \"Jul\", \"Ao\\u00fb\", \"Sep\", \"Oct\", \"Nov\", \"D\\u00e9c\"], \"values\": [8108.9, 10380.1, 13152.2, 11089.2, 4482.7, 11661.0, 7607.6, 10286.0, 40537.1, 10556.7, 8882.7, 9714.6]}"}}, {"type": "Feature", "geometry": {"type": "Point", "coordinates": [-74.1551673401, 45.6766721283]}, "properties": {"site": "90289463", "intervenant": "UNIROC INC.", "nature": "NATU", "secteur": "autre", "volume_annuel_moyen_m3": 5460304, "volumes_annuels": "{\"labels\": [\"2001\", \"2002\", \"2003\", \"2004\", \"2005\", \"2006\", \"2007\", \"2008\", \"2009\", \"2010\", \"2011\", \"2012\", \"2013\", \"2014\", \"2015\", \"2016\", \"2017\", \"2018\", \"2019\", \"2020\", \"2021\", \"2022\", \"2023\", \"2024\"], \"values\": [5711970, 5893317, 5735114, 5496134, 5854272, 5685029, 5662741, 5524868, 4890929, 5139481, 5164570, 4913227, 5007737, 5413076, 5255825, 5617148, 5423186, 5476153, 5425961, 5282696, 5616188, 5663890, 5615174, 5578622]}", "profil_mensuel": "{\"labels\": [\"Jan\", \"F\\u00e9v\", \"Mar\", \"Avr\", \"Mai\", \"Jun\", \"Jul\", \"Ao\\u00fb\", \"Sep\", \"Oct\", \"Nov\", \"D\\u00e9c\"], \"values\": [194765.1, 168617.8, 201660.9, 170393.8, 152659.4, 137548.7, 129636.3, 178826.4, 131915.5, 113715.7, 109512.8, 130849.3]}"}}, {"type": "Feature", "geometry": {"type": "Point", "coordinates": [-73.6242738236, 45.4435294615]}, "properties": {"site": "X2062497", "intervenant": "EMBALLAGES KRUGER S.E.C.", "nature": "EGOU", "secteur": "population", "volume_annuel_moyen_m3": 2993, "volumes_annuels": "{\"labels\": [\"2001\", \"2002\", \"2003\", \"2004\", \"2005\", \"2006\", \"2007\", \"2008\", \"2009\", \"2010\", \"2011\", \"2012\", \"2013\", \"2014\", \"2015\", \"2016\", \"2017\", \"2018\", \"2019\", \"2020\", \"2021\", \"2022\", \"2023\", \"2024\"], \"values\": [2831, 2853, 2860, 2864, 2866, 2870, 2868, 2873, 2898, 2916, 2931, 2877, 3039, 3058, 2916, 3114, 3022, 3034, 3103, 3211, 3174, 3121, 3199, 3340]}", "profil_mensuel": "{\"labels\": [\"Jan\", \"F\\u00e9v\", \"Mar\", \"Avr\", \"Mai\", \"Jun\", \"Jul\", \"Ao\\u00fb\", \"Sep\", \"Oct\", \"Nov\", \"D\\u00e9c\"], \"values\": [257.9, 260.1, 310.6, 258.2, 261.3, 251.7, 256.2, 260.9, 215.1, 247.5, 228.4, 185.4]}"}}, {"type": "Feature", "geometry": {"type": "Point", "coordinates": [-73.64905, 45.4389]}, "properties": {"site": "90271198", "intervenant": "LA CIE MATERIAUX DE CONSTRUCTION BP CANADA", "nature": "EGOU", "secteur": "population", "volume_annuel_moyen_m3": 244918, "volumes_annuels": "{\"labels\": [\"2001\", \"2002\", \"2003\", \"2004\", \"2005\", \"2006\", \"2007\", \"2008\", \"2009\", \"2010\", \"2011\", \"2012\", \"2013\", \"2014\", \"2015\", \"2016\", \"2017\", \"2018\", \"2019\", \"2020\", \"2021\", \"2022\", \"2023\", \"2024\"], \"values\": [231602, 233404, 233964, 234274, 234428, 234784, 234592, 234999, 237074, 238547, 239775, 234455, 247473, 249512, 239811, 254455, 248649, 248067, 253767, 263329, 260492, 255368, 261989, 273219]}", "profil_mensuel": "{\"labels\": [\"Jan\", \"F\\u00e9v\", \"Mar\", \"Avr\", \"Mai\", \"Jun\", \"Jul\", \"Ao\\u00fb\", \"Sep\", \"Oct\", \"Nov\", \"D\\u00e9c\"], \"values\": [5439.9, 18835.2, 17947.8, 16728.7, 22177.5, 22164.0, 24814.5, 25441.1, 22806.9, 28097.8, 19209.9, 21254.7]}"}}, {"type": "Feature", "geometry": {"type": "Point", "coordinates": [-71.5959320427, 45.6555822483]}, "properties": {"site": "X0501467", "intervenant": "GRAYMONT (QC) INC.", "nature": "NATU", "secteur": "chimie", "volume_annuel_moyen_m3": 351920, "volumes_annuels": "{\"labels\": [\"2001\", \"2002\", \"2003\", \"2004\", \"2005\", \"2006\", \"2007\", \"2008\", \"2009\", \"2010\", \"2011\", \"2012\", \"2013\", \"2014\", \"2015\", \"2016\", \"2017\", \"2018\", \"2019\", \"2020\", \"2021\", \"2022\", \"2023\", \"2024\"], \"values\": [409253, 414002, 419119, 407299, 402135, 398014, 342303, 318994, 318948, 328620, 314706, 322576, 305299, 314217, 281431, 309769, 308151, 324982, 325487, 335629, 365422, 389658, 391086, 398991]}", "profil_mensuel": "{\"labels\": [\"Jan\", \"F\\u00e9v\", \"Mar\", \"Avr\", \"Mai\", \"Jun\", \"Jul\", \"Ao\\u00fb\", \"Sep\", \"Oct\", \"Nov\", \"D\\u00e9c\"], \"values\": [31338.0, 12689.2, 48387.1, 42288.1, 23008.1, 32236.2, 32956.8, 39779.6, 18475.1, 19935.5, 19229.7, 31597.2]}"}}, {"type": "Feature", "geometry": {"type": "Point", "coordinates": [-73.9321830049, 45.6884274491]}, "properties": {"site": "53783874", "intervenant": "Bell Textron Canada limitée", "nature": "EGOU", "secteur": "population", "volume_annuel_moyen_m3": 15647, "volumes_annuels": "{\"labels\": [\"2001\", \"2002\", \"2003\", \"2004\", \"2005\", \"2006\", \"2007\", \"2008\", \"2009\", \"2010\", \"2011\", \"2012\", \"2013\", \"2014\", \"2015\", \"2016\", \"2017\", \"2018\", \"2019\", \"2020\", \"2021\", \"2022\", \"2023\", \"2024\"], \"values\": [9453, 9915, 10402, 10895, 11379, 11910, 12393, 12940, 13374, 13880, 14396, 14522, 15847, 16474, 16302, 17914, 17829, 18224, 19096, 20447, 21502, 21599, 22100, 22740]}", "profil_mensuel": "{\"labels\": [\"Jan\", \"F\\u00e9v\", \"Mar\", \"Avr\", \"Mai\", \"Jun\", \"Jul\", \"Ao\\u00fb\", \"Sep\", \"Oct\", \"Nov\", \"D\\u00e9c\"], \"values\": [1116.0, 1328.6, 1537.5, 1596.4, 1291.8, 1268.3, 1277.1, 1315.8, 1303.4, 1353.0, 1338.4, 920.9]}"}}, {"type": "Feature", "geometry": {"type": "Point", "coordinates": [-74.0281641922, 45.4164506989]}, "properties": {"site": "X0000456", "intervenant": "EXCELITAS CANADA INC.", "nature": "EGOU", "secteur": "population", "volume_annuel_moyen_m3": 49152, "volumes_annuels": "{\"labels\": [\"2001\", \"2002\", \"2003\", \"2004\", \"2005\", \"2006\", \"2007\", \"2008\", \"2009\", \"2010\", \"2011\", \"2012\", \"2013\", \"2014\", \"2015\", \"2016\", \"2017\", \"2018\", \"2019\", \"2020\", \"2021\", \"2022\", \"2023\", \"2024\"], \"values\": [29413, 30643, 31866, 33509, 35264, 37835, 39923, 42058, 44035, 46035, 48719, 49453, 54004, 54935, 52766, 57163, 55991, 56700, 58441, 62159, 64136, 63621, 64769, 66210]}", "profil_mensuel": "{\"labels\": [\"Jan\", \"F\\u00e9v\", \"Mar\", \"Avr\", \"Mai\", \"Jun\", \"Jul\", \"Ao\\u00fb\", \"Sep\", \"Oct\", \"Nov\", \"D\\u00e9c\"], \"values\": [5172.6, 4303.7, 4576.0, 3920.5, 4342.3, 3815.8, 3676.5, 3663.6, 3870.7, 4254.2, 3931.8, 3624.2]}"}}, {"type": "Feature", "geometry": {"type": "Point", "coordinates": [-73.328313, 45.661442]}, "properties": {"site": "55246169", "intervenant": "GROUPE CRH CANADA INC.", "nature": "NATU", "secteur": "autre", "volume_annuel_moyen_m3": 901384, "volumes_annuels": "{\"labels\": [\"2001\", \"2002\", \"2003\", \"2004\", \"2005\", \"2006\", \"2007\", \"2008\", \"2009\", \"2010\", \"2011\", \"2012\", \"2013\", \"2014\", \"2015\", \"2016\", \"2017\", \"2018\", \"2019\", \"2020\", \"2021\", \"2022\", \"2023\", \"2024\"], \"values\": [942742, 972672, 946561, 907119, 966228, 938295, 934617, 911861, 807232, 848254, 852395, 799484, 819746, 894251, 871002, 926659, 901664, 898857, 896087, 875394, 930977, 938888, 931494, 920733]}", "profil_mensuel": "{\"labels\": [\"Jan\", \"F\\u00e9v\", \"Mar\", \"Avr\", \"Mai\", \"Jun\", \"Jul\", \"Ao\\u00fb\", \"Sep\", \"Oct\", \"Nov\", \"D\\u00e9c\"], \"values\": [0.0, 0.0, 175043.4, 177722.7, 35576.3, 58741.3, 94053.7, 84144.3, 90761.4, 92463.1, 92877.5, 0.0]}"}}, {"type": "Feature", "geometry": {"type": "Point", "coordinates": [-73.452222, 45.576667]}, "properties": {"site": "28327179", "intervenant": "Delpharm Boucherville Canada inc.", "nature": "EGOU", "secteur": "population", "volume_annuel_moyen_m3": 87411, "volumes_annuels": "{\"labels\": [\"2001\", \"2002\", \"2003\", \"2004\", \"2005\", \"2006\", \"2007\", \"2008\", \"2009\", \"2010\", \"2011\", \"2012\", \"2013\", \"2014\", \"2015\", \"2016\", \"2017\", \"2018\", \"2019\", \"2020\", \"2021\", \"2022\", \"2023\", \"2024\"], \"values\": [79815, 80745, 81970, 83047, 84132, 84755, 85627, 86043, 86939, 87607, 88600, 86349, 90528, 91014, 87384, 93347, 89422, 88588, 89254, 91921, 92028, 89457, 89140, 90151]}", "profil_mensuel": "{\"labels\": [\"Jan\", \"F\\u00e9v\", \"Mar\", \"Avr\", \"Mai\", \"Jun\", \"Jul\", \"Ao\\u00fb\", \"Sep\", \"Oct\", \"Nov\", \"D\\u00e9c\"], \"values\": [3347.2, 3449.8, 3758.3, 3898.8, 3730.7, 3973.0, 4068.8, 3363.3, 4003.5, 3706.2, 3877.3, 2528.5]}"}}, {"type": "Feature", "geometry": {"type": "Point", "coordinates": [-71.661618161, 45.4818229989]}, "properties": {"site": "29520772", "intervenant": "GRAPHIC PACKAGING INTERNATIONAL CANADA, ULC", "nature": "EGOU", "secteur": "population", "volume_annuel_moyen_m3": 253650, "volumes_annuels": "{\"labels\": [\"2001\", \"2002\", \"2003\", \"2004\", \"2005\", \"2006\", \"2007\", \"2008\", \"2009\", \"2010\", \"2011\", \"2012\", \"2013\", \"2014\", \"2015\", \"2016\", \"2017\", \"2018\", \"2019\", \"2020\", \"2021\", \"2022\", \"2023\", \"2024\"], \"values\": [247744, 245414, 240205, 237533, 235477, 231913, 236779, 241645, 248635, 253980, 257818, 252352, 263606, 262342, 250308, 259170, 256040, 253631, 254442, 266553, 272559, 269690, 270987, 278789]}", "profil_mensuel": "{\"labels\": [\"Jan\", \"F\\u00e9v\", \"Mar\", \"Avr\", \"Mai\", \"Jun\", \"Jul\", \"Ao\\u00fb\", \"Sep\", \"Oct\", \"Nov\", \"D\\u00e9c\"], \"values\": [10560.8, 9619.5, 10620.5, 9636.7, 11079.9, 9930.9, 11712.6, 11663.0, 10813.4, 11451.3, 9533.2, 10203.6]}"}}, {"type": "Feature", "geometry": {"type": "Point", "coordinates": [-71.767243, 46.214546]}, "properties": {"site": "52294329", "intervenant": "AGROPUR COOPÉRATIVE", "nature": "NATU", "secteur": "agroalimentaire", "volume_annuel_moyen_m3": 976889, "volumes_annuels": "{\"labels\": [\"2001\", \"2002\", \"2003\", \"2004\", \"2005\", \"2006\", \"2007\", \"2008\", \"2009\", \"2010\", \"2011\", \"2012\", \"2013\", \"2014\", \"2015\", \"2016\", \"2017\", \"2018\", \"2019\", \"2020\", \"2021\", \"2022\", \"2023\", \"2024\"], \"values\": [828059, 823220, 801612, 825298, 839540, 839168, 867575, 911417, 925930, 933843, 929842, 876494, 936875, 1003909, 1013443, 1077515, 1077725, 1049062, 1068091, 1083322, 1165773, 1183588, 1187416, 1196617]}", "profil_mensuel": "{\"labels\": [\"Jan\", \"F\\u00e9v\", \"Mar\", \"Avr\", \"Mai\", \"Jun\", \"Jul\", \"Ao\\u00fb\", \"Sep\", \"Oct\", \"Nov\", \"D\\u00e9c\"], \"values\": [28493.2, 25537.0, 43260.0, 31621.9, 45984.8, 44983.6, 46861.8, 67460.4, 48137.6, 38540.6, 37182.8, 30380.8]}"}}, {"type": "Feature", "geometry": {"type": "Point", "coordinates": [-73.671241, 45.612686]}, "properties": {"site": "11144466", "intervenant": "2533-4517 QUÉBEC INC.", "nature": "EGOU", "secteur": "population", "volume_annuel_moyen_m3": 331607, "volumes_annuels": "{\"labels\": [\"2001\", \"2002\", \"2003\", \"2004\", \"2005\", \"2006\", \"2007\", \"2008\", \"2009\", \"2010\", \"2011\", \"2012\", \"2013\", \"2014\", \"2015\", \"2016\", \"2017\", \"2018\", \"2019\", \"2020\", \"2021\", \"2022\", \"2023\", \"2024\"], \"values\": [285859, 289143, 292583, 296142, 299642, 303777, 308299, 313959, 319673, 325903, 331278, 326793, 346743, 349698, 335607, 359849, 348278, 345780, 349944, 363842, 367718, 360563, 363985, 373502]}", "profil_mensuel": "{\"labels\": [\"Jan\", \"F\\u00e9v\", \"Mar\", \"Avr\", \"Mai\", \"Jun\", \"Jul\", \"Ao\\u00fb\", \"Sep\", \"Oct\", \"Nov\", \"D\\u00e9c\"], \"values\": [26388.6, 24163.1, 27338.0, 23653.0, 29936.2, 27478.4, 29236.3, 25722.4, 30111.6, 29094.3, 31431.0, 27054.0]}"}}, {"type": "Feature", "geometry": {"type": "Point", "coordinates": [-71.872988, 46.709463]}, "properties": {"site": "11739596", "intervenant": "MPI MOULIN À PAPIER DE PORTNEUF, INC.", "nature": "NATU", "secteur": "papier", "volume_annuel_moyen_m3": 436, "volumes_annuels": "{\"labels\": [\"2001\", \"2002\", \"2003\", \"2004\", \"2005\", \"2006\", \"2007\", \"2008\", \"2009\", \"2010\", \"2011\", \"2012\", \"2013\", \"2014\", \"2015\", \"2016\", \"2017\", \"2018\", \"2019\", \"2020\", \"2021\", \"2022\", \"2023\", \"2024\"], \"values\": [623, 647, 611, 538, 622, 577, 573, 528, 404, 449, 434, 381, 355, 407, 390, 400, 364, 351, 309, 280, 291, 310, 329, 290]}", "profil_mensuel": "{\"labels\": [\"Jan\", \"F\\u00e9v\", \"Mar\", \"Avr\", \"Mai\", \"Jun\", \"Jul\", \"Ao\\u00fb\", \"Sep\", \"Oct\", \"Nov\", \"D\\u00e9c\"], \"values\": [38.4, 33.6, 41.6, 38.0, 42.2, 45.2, 50.1, 26.4, 31.1, 27.1, 31.7, 30.8]}"}}, {"type": "Feature", "geometry": {"type": "Point", "coordinates": [-71.851442, 45.364477]}, "properties": {"site": "52133105", "intervenant": "Produits Kruger inc.", "nature": "NATU", "secteur": "papier", "volume_annuel_moyen_m3": 1547626, "volumes_annuels": "{\"labels\": [\"2001\", \"2002\", \"2003\", \"2004\", \"2005\", \"2006\", \"2007\", \"2008\", \"2009\", \"2010\", \"2011\", \"2012\", \"2013\", \"2014\", \"2015\", \"2016\", \"2017\", \"2018\", \"2019\", \"2020\", \"2021\", \"2022\", \"2023\", \"2024\"], \"values\": [2207801, 2293786, 2167789, 1906306, 2203889, 2046473, 2032110, 1873412, 1433352, 1592243, 1537420, 1353212, 1263237, 1448419, 1385304, 1427269, 1293999, 1245691, 1096913, 996438, 1035389, 1102849, 1171485, 1028238]}", "profil_mensuel": "{\"labels\": [\"Jan\", \"F\\u00e9v\", \"Mar\", \"Avr\", \"Mai\", \"Jun\", \"Jul\", \"Ao\\u00fb\", \"Sep\", \"Oct\", \"Nov\", \"D\\u00e9c\"], \"values\": [130181.7, 118028.1, 130660.2, 134122.3, 146396.0, 132915.6, 133686.5, 135761.2, 118127.5, 114750.5, 135575.8, 117420.6]}"}}, {"type": "Feature", "geometry": {"type": "Point", "coordinates": [-72.975589, 45.52885]}, "properties": {"site": "13382320", "intervenant": "EXCELDOR COOPÉRATIVE", "nature": "NATU", "secteur": "agroalimentaire", "volume_annuel_moyen_m3": 480535, "volumes_annuels": "{\"labels\": [\"2001\", \"2002\", \"2003\", \"2004\", \"2005\", \"2006\", \"2007\", \"2008\", \"2009\", \"2010\", \"2011\", \"2012\", \"2013\", \"2014\", \"2015\", \"2016\", \"2017\", \"2018\", \"2019\", \"2020\", \"2021\", \"2022\", \"2023\", \"2024\"], \"values\": [391913, 390282, 378478, 392410, 401581, 401581, 417950, 442920, 451014, 454740, 452539, 425846, 457999, 496503, 501194, 539417, 537881, 526877, 537235, 541321, 586606, 599100, 602054, 605396]}", "profil_mensuel": "{\"labels\": [\"Jan\", \"F\\u00e9v\", \"Mar\", \"Avr\", \"Mai\", \"Jun\", \"Jul\", \"Ao\\u00fb\", \"Sep\", \"Oct\", \"Nov\", \"D\\u00e9c\"], \"values\": [43178.7, 40914.0, 39655.3, 39589.0, 41175.5, 36615.7, 43227.0, 47538.7, 41287.8, 37835.5, 36215.6, 33302.2]}"}}, {"type": "Feature", "geometry": {"type": "Point", "coordinates": [-72.626338, 48.723974]}, "properties": {"site": "52645553", "intervenant": "PF RÉSOLU CANADA INC.", "nature": "EGOU", "secteur": "population", "volume_annuel_moyen_m3": 18235, "volumes_annuels": "{\"labels\": [\"2001\", \"2002\", \"2003\", \"2004\", \"2005\", \"2006\", \"2007\", \"2008\", \"2009\", \"2010\", \"2011\", \"2012\", \"2013\", \"2014\", \"2015\", \"2016\", \"2017\", \"2018\", \"2019\", \"2020\", \"2021\", \"2022\", \"2023\", \"2024\"], \"values\": [20166, 20051, 19847, 19272, 18927, 18671, 18249, 18275, 18211, 18633, 18735, 17787, 18064, 17888, 17098, 17883, 17785, 17094, 17051, 17756, 17777, 17316, 17578, 17521]}", "profil_mensuel": "{\"labels\": [\"Jan\", \"F\\u00e9v\", \"Mar\", \"Avr\", \"Mai\", \"Jun\", \"Jul\", \"Ao\\u00fb\", \"Sep\", \"Oct\", \"Nov\", \"D\\u00e9c\"], \"values\": [1251.6, 761.9, 1188.7, 1325.3, 1424.1, 2473.0, 2319.2, 1458.0, 1787.6, 2219.9, 1574.0, 451.4]}"}}, {"type": "Feature", "geometry": {"type": "Point", "coordinates": [-64.49262479, 48.39273253]}, "properties": {"site": "55007710", "intervenant": "POISSON SALE GASPESIEN LTÉE", "nature": "EGOU", "secteur": "population", "volume_annuel_moyen_m3": 90909, "volumes_annuels": "{\"labels\": [\"2001\", \"2002\", \"2003\", \"2004\", \"2005\", \"2006\", \"2007\", \"2008\", \"2009\", \"2010\", \"2011\", \"2012\", \"2013\", \"2014\", \"2015\", \"2016\", \"2017\", \"2018\", \"2019\", \"2020\", \"2021\", \"2022\", \"2023\", \"2024\"], \"values\": [96047, 94443, 93802, 93000, 92359, 91076, 91263, 92012, 92225, 92493, 92573, 87130, 90406, 91386, 90336, 89584, 90561, 87709, 87208, 90466, 92320, 88173, 86272, 88965]}", "profil_mensuel": "{\"labels\": [\"Jan\", \"F\\u00e9v\", \"Mar\", \"Avr\", \"Mai\", \"Jun\", \"Jul\", \"Ao\\u00fb\", \"Sep\", \"Oct\", \"Nov\", \"D\\u00e9c\"], \"values\": [75.0, 132.6, 158.6, 1303.3, 19960.4, 19090.7, 19456.7, 19375.9, 8753.7, 2288.0, 241.5, 72.1]}"}}, {"type": "Feature", "geometry": {"type": "Point", "coordinates": [-77.7680277778, 49.7194166667]}, "properties": {"site": "X2010159", "intervenant": "GLENCORE CANADA CORPORATION", "nature": "NATU", "secteur": "autre", "volume_annuel_moyen_m3": 266534, "volumes_annuels": "{\"labels\": [\"2001\", \"2002\", \"2003\", \"2004\", \"2005\", \"2006\", \"2007\", \"2008\", \"2009\", \"2010\", \"2011\", \"2012\", \"2013\", \"2014\", \"2015\", \"2016\", \"2017\", \"2018\", \"2019\", \"2020\", \"2021\", \"2022\", \"2023\", \"2024\"], \"values\": [279973, 288862, 281107, 269394, 286948, 278653, 277560, 270802, 239730, 251912, 253142, 236633, 241677, 261946, 256773, 272081, 262642, 267492, 264581, 258803, 274750, 274782, 273137, 273437]}", "profil_mensuel": "{\"labels\": [\"Jan\", \"F\\u00e9v\", \"Mar\", \"Avr\", \"Mai\", \"Jun\", \"Jul\", \"Ao\\u00fb\", \"Sep\", \"Oct\", \"Nov\", \"D\\u00e9c\"], \"values\": [8786.2, 6014.1, 12473.8, 23394.3, 54917.3, 49107.8, 25501.3, 306.5, 21535.5, 3658.3, 39252.3, 21586.6]}"}}, {"type": "Feature", "geometry": {"type": "Point", "coordinates": [-73.170241, 45.430456]}, "properties": {"site": "51932317", "intervenant": "Sivaco Wire Group 2004 L.P.", "nature": "NATU", "secteur": "autre", "volume_annuel_moyen_m3": 207838, "volumes_annuels": "{\"labels\": [\"2001\", \"2002\", \"2003\", \"2004\", \"2005\", \"2006\", \"2007\", \"2008\", \"2009\", \"2010\", \"2011\", \"2012\", \"2013\", \"2014\", \"2015\", \"2016\", \"2017\", \"2018\", \"2019\", \"2020\", \"2021\", \"2022\", \"2023\", \"2024\"], \"values\": [216410, 223227, 217299, 208356, 221802, 215523, 214800, 209828, 186269, 195818, 196948, 186947, 190761, 206365, 200728, 214335, 207510, 208656, 206625, 202063, 214605, 215687, 214556, 212994]}", "profil_mensuel": "{\"labels\": [\"Jan\", \"F\\u00e9v\", \"Mar\", \"Avr\", \"Mai\", \"Jun\", \"Jul\", \"Ao\\u00fb\", \"Sep\", \"Oct\", \"Nov\", \"D\\u00e9c\"], \"values\": [5061.9, 5103.9, 5778.0, 4922.6, 5314.2, 6641.1, 5966.1, 5383.1, 6625.2, 7188.8, 5492.8, 5801.5]}"}}, {"type": "Feature", "geometry": {"type": "Point", "coordinates": [-72.533282, 45.89645]}, "properties": {"site": "X0000020", "intervenant": "Soucy International inc.", "nature": "EGOU", "secteur": "population", "volume_annuel_moyen_m3": 27502, "volumes_annuels": "{\"labels\": [\"2001\", \"2002\", \"2003\", \"2004\", \"2005\", \"2006\", \"2007\", \"2008\", \"2009\", \"2010\", \"2011\", \"2012\", \"2013\", \"2014\", \"2015\", \"2016\", \"2017\", \"2018\", \"2019\", \"2020\", \"2021\", \"2022\", \"2023\", \"2024\"], \"values\": [24090, 24271, 24635, 24927, 25286, 25467, 25683, 26085, 26456, 26815, 27181, 26723, 28285, 28535, 27394, 29421, 28569, 28290, 28592, 29853, 30633, 30294, 30856, 31698]}", "profil_mensuel": "{\"labels\": [\"Jan\", \"F\\u00e9v\", \"Mar\", \"Avr\", \"Mai\", \"Jun\", \"Jul\", \"Ao\\u00fb\", \"Sep\", \"Oct\", \"Nov\", \"D\\u00e9c\"], \"values\": [2333.5, 2183.7, 2291.6, 2162.9, 2259.4, 2199.1, 2293.9, 2359.1, 2252.3, 2376.3, 2359.2, 2430.7]}"}}, {"type": "Feature", "geometry": {"type": "Point", "coordinates": [-64.340614, 48.418758]}, "properties": {"site": "90492075", "intervenant": "E.GAGNON ET FILS LTÉE", "nature": "EGOU", "secteur": "population", "volume_annuel_moyen_m3": 657, "volumes_annuels": "{\"labels\": [\"2001\", \"2002\", \"2003\", \"2004\", \"2005\", \"2006\", \"2007\", \"2008\", \"2009\", \"2010\", \"2011\", \"2012\", \"2013\", \"2014\", \"2015\", \"2016\", \"2017\", \"2018\", \"2019\", \"2020\", \"2021\", \"2022\", \"2023\", \"2024\"], \"values\": [741, 724, 713, 708, 702, 690, 678, 674, 674, 675, 671, 638, 635, 632, 629, 618, 625, 594, 601, 625, 644, 635, 611, 633]}", "profil_mensuel": "{\"labels\": [\"Jan\", \"F\\u00e9v\", \"Mar\", \"Avr\", \"Mai\", \"Jun\", \"Jul\", \"Ao\\u00fb\", \"Sep\", \"Oct\", \"Nov\", \"D\\u00e9c\"], \"values\": [0.0, 0.0, 0.0, 2.1, 63.1, 86.6, 143.6, 288.7, 73.0, 0.0, 0.0, 0.0]}"}}, {"type": "Feature", "geometry": {"type": "Point", "coordinates": [-78.4349893262, 48.253194165]}, "properties": {"site": "90156969", "intervenant": "MINES AGNICO EAGLE LIMITÉE", "nature": "NATU", "secteur": "mines", "volume_annuel_moyen_m3": 3395008, "volumes_annuels": "{\"labels\": [\"2001\", \"2002\", \"2003\", \"2004\", \"2005\", \"2006\", \"2007\", \"2008\", \"2009\", \"2010\", \"2011\", \"2012\", \"2013\", \"2014\", \"2015\", \"2016\", \"2017\", \"2018\", \"2019\", \"2020\", \"2021\", \"2022\", \"2023\", \"2024\"], \"values\": [2872294, 2768241, 2977508, 2580497, 2353733, 2334687, 2468780, 2555181, 2475670, 2565865, 2788913, 2687049, 3163084, 3691699, 3810684, 4069381, 4193671, 4354695, 4306169, 4285529, 4576751, 4313444, 4518189, 4768473]}", "profil_mensuel": "{\"labels\": [\"Jan\", \"F\\u00e9v\", \"Mar\", \"Avr\", \"Mai\", \"Jun\", \"Jul\", \"Ao\\u00fb\", \"Sep\", \"Oct\", \"Nov\", \"D\\u00e9c\"], \"values\": [217838.0, 183335.2, 250360.9, 291827.9, 318998.9, 348304.0, 327282.9, 302428.5, 247008.0, 298476.7, 349444.9, 259701.9]}"}}, {"type": "Feature", "geometry": {"type": "Point", "coordinates": [-73.923618, 45.619706]}, "properties": {"site": "90248691", "intervenant": "GROUPE CRH CANADA INC.", "nature": "NATU", "secteur": "autre", "volume_annuel_moyen_m3": 37937, "volumes_annuels": "{\"labels\": [\"2001\", \"2002\", \"2003\", \"2004\", \"2005\", \"2006\", \"2007\", \"2008\", \"2009\", \"2010\", \"2011\", \"2012\", \"2013\", \"2014\", \"2015\", \"2016\", \"2017\", \"2018\", \"2019\", \"2020\", \"2021\", \"2022\", \"2023\", \"2024\"], \"values\": [38966, 40203, 39124, 37493, 39936, 38782, 38630, 37689, 33365, 35060, 35231, 34548, 35523, 38578, 36549, 39725, 37668, 38374, 38126, 37870, 39959, 41264, 39767, 38056]}", "profil_mensuel": "{\"labels\": [\"Jan\", \"F\\u00e9v\", \"Mar\", \"Avr\", \"Mai\", \"Jun\", \"Jul\", \"Ao\\u00fb\", \"Sep\", \"Oct\", \"Nov\", \"D\\u00e9c\"], \"values\": [0.0, 0.0, 37936.9, 0.0, 0.0, 0.0, 0.0, 0.0, 0.0, 0.0, 0.0, 0.0]}"}}, {"type": "Feature", "geometry": {"type": "Point", "coordinates": [-73.8013055556, 45.48375]}, "properties": {"site": "X2130528", "intervenant": "LES PLATS DU CHEF ULC", "nature": "EGOU", "secteur": "population", "volume_annuel_moyen_m3": 127956, "volumes_annuels": "{\"labels\": [\"2001\", \"2002\", \"2003\", \"2004\", \"2005\", \"2006\", \"2007\", \"2008\", \"2009\", \"2010\", \"2011\", \"2012\", \"2013\", \"2014\", \"2015\", \"2016\", \"2017\", \"2018\", \"2019\", \"2020\", \"2021\", \"2022\", \"2023\", \"2024\"], \"values\": [126819, 127751, 128381, 128523, 127913, 127415, 127929, 129088, 129168, 129424, 129313, 125687, 131565, 130619, 123569, 131495, 126067, 124980, 126263, 129843, 127995, 125227, 126426, 129478]}", "profil_mensuel": "{\"labels\": [\"Jan\", \"F\\u00e9v\", \"Mar\", \"Avr\", \"Mai\", \"Jun\", \"Jul\", \"Ao\\u00fb\", \"Sep\", \"Oct\", \"Nov\", \"D\\u00e9c\"], \"values\": [11633.0, 12232.7, 10256.6, 11099.9, 12875.5, 8438.9, 10447.2, 10676.8, 10289.7, 10012.4, 10533.9, 9459.1]}"}}, {"type": "Feature", "geometry": {"type": "Point", "coordinates": [-72.995611, 45.124985]}, "properties": {"site": "11363595", "intervenant": "ALIMENTS NORTERA INC.", "nature": "EGOU", "secteur": "population", "volume_annuel_moyen_m3": 155527, "volumes_annuels": "{\"labels\": [\"2001\", \"2002\", \"2003\", \"2004\", \"2005\", \"2006\", \"2007\", \"2008\", \"2009\", \"2010\", \"2011\", \"2012\", \"2013\", \"2014\", \"2015\", \"2016\", \"2017\", \"2018\", \"2019\", \"2020\", \"2021\", \"2022\", \"2023\", \"2024\"], \"values\": [159214, 157098, 154747, 156981, 155864, 154982, 156040, 157627, 156863, 157333, 158568, 152288, 160946, 155783, 149451, 157699, 154543, 148217, 146193, 152966, 156691, 155911, 156378, 160272]}", "profil_mensuel": "{\"labels\": [\"Jan\", \"F\\u00e9v\", \"Mar\", \"Avr\", \"Mai\", \"Jun\", \"Jul\", \"Ao\\u00fb\", \"Sep\", \"Oct\", \"Nov\", \"D\\u00e9c\"], \"values\": [13.4, 2.9, 273.0, 113.8, 112.8, 2887.6, 19426.1, 27810.0, 24021.1, 31763.0, 36174.8, 12928.8]}"}}, {"type": "Feature", "geometry": {"type": "Point", "coordinates": [-65.2547022222, 48.0197677778]}, "properties": {"site": "90146184", "intervenant": "UNIPÊCHE M.D.M. LTÉE", "nature": "NATU", "secteur": "autre", "volume_annuel_moyen_m3": 938792, "volumes_annuels": "{\"labels\": [\"2001\", \"2002\", \"2003\", \"2004\", \"2005\", \"2006\", \"2007\", \"2008\", \"2009\", \"2010\", \"2011\", \"2012\", \"2013\", \"2014\", \"2015\", \"2016\", \"2017\", \"2018\", \"2019\", \"2020\", \"2021\", \"2022\", \"2023\", \"2024\"], \"values\": [992029, 1023525, 996049, 954544, 1016744, 987350, 983479, 959534, 849435, 892602, 896959, 823789, 835397, 907877, 913998, 933944, 932799, 933891, 931906, 907123, 966401, 969087, 953677, 968870]}", "profil_mensuel": "{\"labels\": [\"Jan\", \"F\\u00e9v\", \"Mar\", \"Avr\", \"Mai\", \"Jun\", \"Jul\", \"Ao\\u00fb\", \"Sep\", \"Oct\", \"Nov\", \"D\\u00e9c\"], \"values\": [0.0, 0.0, 27226.5, 149927.4, 183353.0, 165441.3, 176992.5, 153008.6, 79530.6, 3312.2, 0.0, 0.0]}"}}, {"type": "Feature", "geometry": {"type": "Point", "coordinates": [-73.5640948, 45.6195529]}, "properties": {"site": "X2130967", "intervenant": "Lavergne Groupe inc.", "nature": "EGOU", "secteur": "population", "volume_annuel_moyen_m3": 350, "volumes_annuels": "{\"labels\": [\"2001\", \"2002\", \"2003\", \"2004\", \"2005\", \"2006\", \"2007\", \"2008\", \"2009\", \"2010\", \"2011\", \"2012\", \"2013\", \"2014\", \"2015\", \"2016\", \"2017\", \"2018\", \"2019\", \"2020\", \"2021\", \"2022\", \"2023\", \"2024\"], \"values\": [331, 333, 334, 334, 335, 335, 335, 335, 338, 341, 342, 336, 355, 357, 341, 364, 354, 355, 362, 375, 371, 364, 374, 390]}", "profil_mensuel": "{\"labels\": [\"Jan\", \"F\\u00e9v\", \"Mar\", \"Avr\", \"Mai\", \"Jun\", \"Jul\", \"Ao\\u00fb\", \"Sep\", \"Oct\", \"Nov\", \"D\\u00e9c\"], \"values\": [29.4, 27.9, 30.1, 28.2, 29.3, 28.0, 29.1, 29.8, 28.7, 29.8, 29.3, 30.0]}"}}, {"type": "Feature", "geometry": {"type": "Point", "coordinates": [-73.710363319, 45.4955096409]}, "properties": {"site": "X0007798", "intervenant": "GROUPE D'EMBOUTEILLAGE PEPSI (CANADA), SRI", "nature": "EGOU", "secteur": "population", "volume_annuel_moyen_m3": 96031, "volumes_annuels": "{\"labels\": [\"2001\", \"2002\", \"2003\", \"2004\", \"2005\", \"2006\", \"2007\", \"2008\", \"2009\", \"2010\", \"2011\", \"2012\", \"2013\", \"2014\", \"2015\", \"2016\", \"2017\", \"2018\", \"2019\", \"2020\", \"2021\", \"2022\", \"2023\", \"2024\"], \"values\": [90790, 91496, 91716, 91837, 91897, 92037, 91962, 92122, 92935, 93512, 93994, 92025, 97170, 97666, 94412, 99675, 97657, 97424, 99409, 103079, 102126, 100204, 102497, 107104]}", "profil_mensuel": "{\"labels\": [\"Jan\", \"F\\u00e9v\", \"Mar\", \"Avr\", \"Mai\", \"Jun\", \"Jul\", \"Ao\\u00fb\", \"Sep\", \"Oct\", \"Nov\", \"D\\u00e9c\"], \"values\": [4595.7, 5832.2, 7883.1, 3740.1, 11328.7, 7203.9, 9837.9, 9932.0, 10477.6, 8897.4, 4329.0, 11973.4]}"}}, {"type": "Feature", "geometry": {"type": "Point", "coordinates": [-73.6868611111, 45.5113056]}, "properties": {"site": "31460744", "intervenant": "PF Soins de santé SRI", "nature": "EGOU", "secteur": "population", "volume_annuel_moyen_m3": 113523, "volumes_annuels": "{\"labels\": [\"2001\", \"2002\", \"2003\", \"2004\", \"2005\", \"2006\", \"2007\", \"2008\", \"2009\", \"2010\", \"2011\", \"2012\", \"2013\", \"2014\", \"2015\", \"2016\", \"2017\", \"2018\", \"2019\", \"2020\", \"2021\", \"2022\", \"2023\", \"2024\"], \"values\": [107438, 108274, 108534, 108678, 108749, 108914, 108825, 109014, 109977, 110660, 111230, 108944, 115052, 115785, 110824, 117921, 114883, 115039, 117637, 121666, 120334, 118238, 121190, 126744]}", "profil_mensuel": "{\"labels\": [\"Jan\", \"F\\u00e9v\", \"Mar\", \"Avr\", \"Mai\", \"Jun\", \"Jul\", \"Ao\\u00fb\", \"Sep\", \"Oct\", \"Nov\", \"D\\u00e9c\"], \"values\": [3195.9, 2929.2, 2898.1, 3311.9, 3239.5, 3102.5, 3651.8, 3837.9, 3114.0, 3154.9, 2751.2, 2654.2]}"}}, {"type": "Feature", "geometry": {"type": "Point", "coordinates": [-70.6151129, 46.45530969]}, "properties": {"site": "90284548", "intervenant": "PAVAGES ABENAKIS LTEE", "nature": "NATU", "secteur": "autre", "volume_annuel_moyen_m3": 132942, "volumes_annuels": "{\"labels\": [\"2001\", \"2002\", \"2003\", \"2004\", \"2005\", \"2006\", \"2007\", \"2008\", \"2009\", \"2010\", \"2011\", \"2012\", \"2013\", \"2014\", \"2015\", \"2016\", \"2017\", \"2018\", \"2019\", \"2020\", \"2021\", \"2022\", \"2023\", \"2024\"], \"values\": [139333, 143756, 139897, 134068, 142804, 138676, 138132, 134769, 119305, 125368, 125980, 117857, 119849, 129348, 131171, 135186, 135498, 132613, 130736, 128134, 137845, 137850, 136343, 136080]}", "profil_mensuel": "{\"labels\": [\"Jan\", \"F\\u00e9v\", \"Mar\", \"Avr\", \"Mai\", \"Jun\", \"Jul\", \"Ao\\u00fb\", \"Sep\", \"Oct\", \"Nov\", \"D\\u00e9c\"], \"values\": [0.0, 0.0, 0.0, 0.0, 19815.6, 8665.9, 17457.6, 26826.2, 28866.8, 31309.5, 0.0, 0.0]}"}}, {"type": "Feature", "geometry": {"type": "Point", "coordinates": [-66.876081, 50.021475]}, "properties": {"site": "X2152621", "intervenant": "ARBEC, BOIS D'OEUVRE INC.", "nature": "NATU", "secteur": "autre", "volume_annuel_moyen_m3": 47199, "volumes_annuels": "{\"labels\": [\"2001\", \"2002\", \"2003\", \"2004\", \"2005\", \"2006\", \"2007\", \"2008\", \"2009\", \"2010\", \"2011\", \"2012\", \"2013\", \"2014\", \"2015\", \"2016\", \"2017\", \"2018\", \"2019\", \"2020\", \"2021\", \"2022\", \"2023\", \"2024\"], \"values\": [49335, 50901, 49535, 47471, 50564, 49102, 48910, 47719, 42243, 44390, 44607, 42642, 43507, 46914, 45277, 48563, 46985, 47338, 46836, 45692, 48452, 48922, 48680, 48183]}", "profil_mensuel": "{\"labels\": [\"Jan\", \"F\\u00e9v\", \"Mar\", \"Avr\", \"Mai\", \"Jun\", \"Jul\", \"Ao\\u00fb\", \"Sep\", \"Oct\", \"Nov\", \"D\\u00e9c\"], \"values\": [5828.5, 4452.6, 5128.9, 2917.3, 2312.4, 2275.4, 5316.0, 4019.6, 2332.1, 8673.4, 2671.7, 1270.7]}"}}, {"type": "Feature", "geometry": {"type": "Point", "coordinates": [-73.6904797, 45.480508]}, "properties": {"site": "X2113099", "intervenant": "Amrize Canada Inc.", "nature": "EGOU", "secteur": "population", "volume_annuel_moyen_m3": 28475, "volumes_annuels": "{\"labels\": [\"2001\", \"2002\", \"2003\", \"2004\", \"2005\", \"2006\", \"2007\", \"2008\", \"2009\", \"2010\", \"2011\", \"2012\", \"2013\", \"2014\", \"2015\", \"2016\", \"2017\", \"2018\", \"2019\", \"2020\", \"2021\", \"2022\", \"2023\", \"2024\"], \"values\": [26945, 27155, 27220, 27256, 27274, 27315, 27293, 27340, 27582, 27753, 27896, 27281, 28837, 29027, 27797, 29640, 28789, 28838, 29483, 30537, 30239, 29664, 30451, 31787]}", "profil_mensuel": "{\"labels\": [\"Jan\", \"F\\u00e9v\", \"Mar\", \"Avr\", \"Mai\", \"Jun\", \"Jul\", \"Ao\\u00fb\", \"Sep\", \"Oct\", \"Nov\", \"D\\u00e9c\"], \"values\": [1584.0, 2324.2, 2371.6, 2458.2, 3082.8, 2617.4, 2342.1, 2255.0, 2642.9, 2858.9, 2473.6, 1464.2]}"}}, {"type": "Feature", "geometry": {"type": "Point", "coordinates": [-74.0023888889, 45.781]}, "properties": {"site": "90482639", "intervenant": "Soucy Baron inc.", "nature": "NATU", "secteur": "papier", "volume_annuel_moyen_m3": 285165, "volumes_annuels": "{\"labels\": [\"2001\", \"2002\", \"2003\", \"2004\", \"2005\", \"2006\", \"2007\", \"2008\", \"2009\", \"2010\", \"2011\", \"2012\", \"2013\", \"2014\", \"2015\", \"2016\", \"2017\", \"2018\", \"2019\", \"2020\", \"2021\", \"2022\", \"2023\", \"2024\"], \"values\": [399227, 414349, 392494, 346959, 399248, 371776, 369488, 341869, 265025, 293075, 283614, 249094, 233214, 266121, 257893, 262318, 242564, 232478, 207130, 190556, 198002, 209229, 220608, 197627]}", "profil_mensuel": "{\"labels\": [\"Jan\", \"F\\u00e9v\", \"Mar\", \"Avr\", \"Mai\", \"Jun\", \"Jul\", \"Ao\\u00fb\", \"Sep\", \"Oct\", \"Nov\", \"D\\u00e9c\"], \"values\": [5955.9, 6261.7, 6111.7, 6084.3, 8499.9, 13054.0, 12108.3, 12685.7, 9761.2, 6489.8, 4806.2, 3236.3]}"}}, {"type": "Feature", "geometry": {"type": "Point", "coordinates": [-72.5264798708, 45.8705305432]}, "properties": {"site": "21677661", "intervenant": "Les aliments trans gras inc.", "nature": "EGOU", "secteur": "population", "volume_annuel_moyen_m3": 11815, "volumes_annuels": "{\"labels\": [\"2001\", \"2002\", \"2003\", \"2004\", \"2005\", \"2006\", \"2007\", \"2008\", \"2009\", \"2010\", \"2011\", \"2012\", \"2013\", \"2014\", \"2015\", \"2016\", \"2017\", \"2018\", \"2019\", \"2020\", \"2021\", \"2022\", \"2023\", \"2024\"], \"values\": [10342, 10420, 10576, 10701, 10855, 10933, 11026, 11198, 11358, 11512, 11669, 11520, 12196, 12265, 11778, 12657, 12280, 12175, 12282, 12809, 13143, 13016, 13250, 13608]}", "profil_mensuel": "{\"labels\": [\"Jan\", \"F\\u00e9v\", \"Mar\", \"Avr\", \"Mai\", \"Jun\", \"Jul\", \"Ao\\u00fb\", \"Sep\", \"Oct\", \"Nov\", \"D\\u00e9c\"], \"values\": [1200.8, 1165.4, 980.0, 629.8, 1096.2, 740.4, 978.4, 971.6, 1001.7, 1057.9, 1025.5, 967.7]}"}}, {"type": "Feature", "geometry": {"type": "Point", "coordinates": [-72.3771565533, 46.3909851229]}, "properties": {"site": "X2097474", "intervenant": "BUNGE CANADA INC.", "nature": "NATU", "secteur": "autre", "volume_annuel_moyen_m3": 117, "volumes_annuels": "{\"labels\": [\"2001\", \"2002\", \"2003\", \"2004\", \"2005\", \"2006\", \"2007\", \"2008\", \"2009\", \"2010\", \"2011\", \"2012\", \"2013\", \"2014\", \"2015\", \"2016\", \"2017\", \"2018\", \"2019\", \"2020\", \"2021\", \"2022\", \"2023\", \"2024\"], \"values\": [122, 126, 123, 118, 125, 122, 121, 118, 105, 110, 110, 106, 109, 118, 112, 123, 115, 118, 117, 114, 121, 122, 122, 119]}", "profil_mensuel": "{\"labels\": [\"Jan\", \"F\\u00e9v\", \"Mar\", \"Avr\", \"Mai\", \"Jun\", \"Jul\", \"Ao\\u00fb\", \"Sep\", \"Oct\", \"Nov\", \"D\\u00e9c\"], \"values\": [15.4, 13.8, 17.1, 13.5, 14.8, 0.0, 0.0, 0.0, 2.0, 14.5, 10.7, 15.7]}"}}, {"type": "Feature", "geometry": {"type": "Point", "coordinates": [-73.17568, 46.0839]}, "properties": {"site": "26876821", "intervenant": "Les Textiles Coraltex inc.", "nature": "EGOU", "secteur": "population", "volume_annuel_moyen_m3": 185011, "volumes_annuels": "{\"labels\": [\"2001\", \"2002\", \"2003\", \"2004\", \"2005\", \"2006\", \"2007\", \"2008\", \"2009\", \"2010\", \"2011\", \"2012\", \"2013\", \"2014\", \"2015\", \"2016\", \"2017\", \"2018\", \"2019\", \"2020\", \"2021\", \"2022\", \"2023\", \"2024\"], \"values\": [176590, 176458, 174427, 176414, 174957, 177915, 176944, 178136, 180388, 182066, 181669, 178092, 188967, 189520, 180659, 193718, 187213, 187157, 189745, 197114, 200632, 195092, 195679, 200701]}", "profil_mensuel": "{\"labels\": [\"Jan\", \"F\\u00e9v\", \"Mar\", \"Avr\", \"Mai\", \"Jun\", \"Jul\", \"Ao\\u00fb\", \"Sep\", \"Oct\", \"Nov\", \"D\\u00e9c\"], \"values\": [17933.9, 17581.6, 14649.3, 13682.9, 16706.5, 13368.9, 10224.8, 12819.2, 15894.7, 17909.0, 18834.4, 15405.4]}"}}, {"type": "Feature", "geometry": {"type": "Point", "coordinates": [-72.43772, 48.645898]}, "properties": {"site": "90294182", "intervenant": "PF RÉSOLU CANADA INC.", "nature": "EGOU", "secteur": "population", "volume_annuel_moyen_m3": 8766, "volumes_annuels": "{\"labels\": [\"2001\", \"2002\", \"2003\", \"2004\", \"2005\", \"2006\", \"2007\", \"2008\", \"2009\", \"2010\", \"2011\", \"2012\", \"2013\", \"2014\", \"2015\", \"2016\", \"2017\", \"2018\", \"2019\", \"2020\", \"2021\", \"2022\", \"2023\", \"2024\"], \"values\": [9123, 9059, 8936, 8882, 8920, 8881, 8910, 8876, 8846, 8804, 8723, 8507, 8912, 8962, 8337, 9090, 8489, 8338, 8452, 8615, 8790, 8666, 8598, 8658]}", "profil_mensuel": "{\"labels\": [\"Jan\", \"F\\u00e9v\", \"Mar\", \"Avr\", \"Mai\", \"Jun\", \"Jul\", \"Ao\\u00fb\", \"Sep\", \"Oct\", \"Nov\", \"D\\u00e9c\"], \"values\": [449.9, 955.9, 1471.3, 1771.8, 413.8, 482.0, 34.8, 550.3, 486.0, 920.1, 925.5, 304.1]}"}}, {"type": "Feature", "geometry": {"type": "Point", "coordinates": [-73.71047, 45.45448]}, "properties": {"site": "X2116019", "intervenant": "COMPAGNIE D'EMBOUTEILLAGE COCA-COLA CANADA LIMITÉE", "nature": "EGOU", "secteur": "population", "volume_annuel_moyen_m3": 178658, "volumes_annuels": "{\"labels\": [\"2001\", \"2002\", \"2003\", \"2004\", \"2005\", \"2006\", \"2007\", \"2008\", \"2009\", \"2010\", \"2011\", \"2012\", \"2013\", \"2014\", \"2015\", \"2016\", \"2017\", \"2018\", \"2019\", \"2020\", \"2021\", \"2022\", \"2023\", \"2024\"], \"values\": [168815, 170128, 170536, 170762, 170874, 171134, 170994, 171291, 172803, 173877, 174772, 171578, 181342, 182518, 174615, 186358, 180879, 181225, 185132, 191747, 189807, 186409, 191038, 199149]}", "profil_mensuel": "{\"labels\": [\"Jan\", \"F\\u00e9v\", \"Mar\", \"Avr\", \"Mai\", \"Jun\", \"Jul\", \"Ao\\u00fb\", \"Sep\", \"Oct\", \"Nov\", \"D\\u00e9c\"], \"values\": [12425.5, 14003.1, 17917.6, 13006.2, 16696.2, 14032.8, 12989.2, 15578.6, 16741.3, 13299.2, 13686.8, 18280.9]}"}}, {"type": "Feature", "geometry": {"type": "Point", "coordinates": [-71.12169, 48.40276]}, "properties": {"site": "X0200791", "intervenant": "Les produits industriels de haute température Pyrotek Inc.", "nature": "EGOU", "secteur": "population", "volume_annuel_moyen_m3": 790, "volumes_annuels": "{\"labels\": [\"2001\", \"2002\", \"2003\", \"2004\", \"2005\", \"2006\", \"2007\", \"2008\", \"2009\", \"2010\", \"2011\", \"2012\", \"2013\", \"2014\", \"2015\", \"2016\", \"2017\", \"2018\", \"2019\", \"2020\", \"2021\", \"2022\", \"2023\", \"2024\"], \"values\": [807, 799, 793, 789, 782, 779, 779, 782, 782, 784, 788, 771, 810, 809, 771, 817, 782, 767, 769, 795, 802, 789, 797, 816]}", "profil_mensuel": "{\"labels\": [\"Jan\", \"F\\u00e9v\", \"Mar\", \"Avr\", \"Mai\", \"Jun\", \"Jul\", \"Ao\\u00fb\", \"Sep\", \"Oct\", \"Nov\", \"D\\u00e9c\"], \"values\": [66.5, 67.1, 65.1, 65.7, 70.1, 59.5, 69.5, 71.2, 63.9, 71.2, 68.3, 52.0]}"}}, {"type": "Feature", "geometry": {"type": "Point", "coordinates": [-71.253719087, 46.8034049371]}, "properties": {"site": "X0301023", "intervenant": "Boulangerie Canada Bread, Limitée", "nature": "EGOU", "secteur": "population", "volume_annuel_moyen_m3": 12419, "volumes_annuels": "{\"labels\": [\"2001\", \"2002\", \"2003\", \"2004\", \"2005\", \"2006\", \"2007\", \"2008\", \"2009\", \"2010\", \"2011\", \"2012\", \"2013\", \"2014\", \"2015\", \"2016\", \"2017\", \"2018\", \"2019\", \"2020\", \"2021\", \"2022\", \"2023\", \"2024\"], \"values\": [11515, 11572, 11613, 11652, 11684, 11758, 11862, 11999, 12133, 12264, 12393, 12063, 12704, 12770, 12259, 13007, 12624, 12483, 12685, 13167, 13331, 13194, 13395, 13918]}", "profil_mensuel": "{\"labels\": [\"Jan\", \"F\\u00e9v\", \"Mar\", \"Avr\", \"Mai\", \"Jun\", \"Jul\", \"Ao\\u00fb\", \"Sep\", \"Oct\", \"Nov\", \"D\\u00e9c\"], \"values\": [1319.6, 993.2, 1355.7, 1300.0, 1202.2, 1245.7, 1266.6, 1259.2, 1056.0, 952.5, 468.0, 0.0]}"}}, {"type": "Feature", "geometry": {"type": "Point", "coordinates": [-73.55746, 45.61858]}, "properties": {"site": "X2204015", "intervenant": "LES ALIMENTS MULTIBAR INC.", "nature": "EGOU", "secteur": "population", "volume_annuel_moyen_m3": 58250, "volumes_annuels": "{\"labels\": [\"2001\", \"2002\", \"2003\", \"2004\", \"2005\", \"2006\", \"2007\", \"2008\", \"2009\", \"2010\", \"2011\", \"2012\", \"2013\", \"2014\", \"2015\", \"2016\", \"2017\", \"2018\", \"2019\", \"2020\", \"2021\", \"2022\", \"2023\", \"2024\"], \"values\": [55074, 55502, 55635, 55709, 55746, 55830, 55785, 55882, 56375, 56725, 57017, 55963, 59151, 59530, 56812, 60698, 58912, 59075, 60362, 62485, 61790, 60697, 62268, 64970]}", "profil_mensuel": "{\"labels\": [\"Jan\", \"F\\u00e9v\", \"Mar\", \"Avr\", \"Mai\", \"Jun\", \"Jul\", \"Ao\\u00fb\", \"Sep\", \"Oct\", \"Nov\", \"D\\u00e9c\"], \"values\": [4924.1, 4486.5, 5041.0, 4704.9, 4903.7, 4666.8, 4858.6, 4981.3, 4785.8, 4984.4, 4897.6, 5015.1]}"}}, {"type": "Feature", "geometry": {"type": "Point", "coordinates": [-71.8561938144, 45.3636668015]}, "properties": {"site": "12663902", "intervenant": "TECHNOLOGIES DE FIBRES AIKAWA (AFT) INC.", "nature": "EGOU", "secteur": "population", "volume_annuel_moyen_m3": 36, "volumes_annuels": "{\"labels\": [\"2001\", \"2002\", \"2003\", \"2004\", \"2005\", \"2006\", \"2007\", \"2008\", \"2009\", \"2010\", \"2011\", \"2012\", \"2013\", \"2014\", \"2015\", \"2016\", \"2017\", \"2018\", \"2019\", \"2020\", \"2021\", \"2022\", \"2023\", \"2024\"], \"values\": [32, 33, 33, 33, 34, 34, 34, 34, 35, 35, 36, 35, 37, 37, 36, 38, 37, 37, 38, 40, 41, 40, 41, 42]}", "profil_mensuel": "{\"labels\": [\"Jan\", \"F\\u00e9v\", \"Mar\", \"Avr\", \"Mai\", \"Jun\", \"Jul\", \"Ao\\u00fb\", \"Sep\", \"Oct\", \"Nov\", \"D\\u00e9c\"], \"values\": [0.5, 0.5, 0.5, 0.5, 0.5, 0.5, 0.5, 0.5, 0.5, 0.5, 0.5, 0.5]}"}}, {"type": "Feature", "geometry": {"type": "Point", "coordinates": [-73.4083055556, 45.7317777778]}, "properties": {"site": "51782654", "intervenant": "3313045 Nova Scotia Company", "nature": "NATU", "secteur": "autre", "volume_annuel_moyen_m3": 1483, "volumes_annuels": "{\"labels\": [\"2001\", \"2002\", \"2003\", \"2004\", \"2005\", \"2006\", \"2007\", \"2008\", \"2009\", \"2010\", \"2011\", \"2012\", \"2013\", \"2014\", \"2015\", \"2016\", \"2017\", \"2018\", \"2019\", \"2020\", \"2021\", \"2022\", \"2023\", \"2024\"], \"values\": [1549, 1598, 1555, 1491, 1588, 1542, 1536, 1498, 1326, 1394, 1401, 1342, 1369, 1478, 1421, 1532, 1466, 1489, 1479, 1436, 1525, 1544, 1529, 1513]}", "profil_mensuel": "{\"labels\": [\"Jan\", \"F\\u00e9v\", \"Mar\", \"Avr\", \"Mai\", \"Jun\", \"Jul\", \"Ao\\u00fb\", \"Sep\", \"Oct\", \"Nov\", \"D\\u00e9c\"], \"values\": [186.1, 200.5, 242.2, 191.6, 97.1, 51.6, 70.2, 155.7, 40.1, 74.9, 73.0, 100.2]}"}}, {"type": "Feature", "geometry": {"type": "Point", "coordinates": [-74.3061799836, 45.4852455876]}, "properties": {"site": "27841204", "intervenant": "Fleury Michon Amérique inc.\n", "nature": "EGOU", "secteur": "population", "volume_annuel_moyen_m3": 84438, "volumes_annuels": "{\"labels\": [\"2001\", \"2002\", \"2003\", \"2004\", \"2005\", \"2006\", \"2007\", \"2008\", \"2009\", \"2010\", \"2011\", \"2012\", \"2013\", \"2014\", \"2015\", \"2016\", \"2017\", \"2018\", \"2019\", \"2020\", \"2021\", \"2022\", \"2023\", \"2024\"], \"values\": [72058, 72340, 73221, 74734, 75896, 77183, 80751, 82105, 82354, 84160, 84431, 83942, 88166, 89862, 86430, 94402, 89038, 89011, 89473, 91772, 92331, 90219, 90431, 92209]}", "profil_mensuel": "{\"labels\": [\"Jan\", \"F\\u00e9v\", \"Mar\", \"Avr\", \"Mai\", \"Jun\", \"Jul\", \"Ao\\u00fb\", \"Sep\", \"Oct\", \"Nov\", \"D\\u00e9c\"], \"values\": [7203.9, 6960.7, 8434.6, 6973.1, 7840.9, 6896.2, 6575.8, 6744.8, 5951.1, 7095.0, 8143.5, 5618.7]}"}}, {"type": "Feature", "geometry": {"type": "Point", "coordinates": [-72.00709528, 45.38697353]}, "properties": {"site": "22213920", "intervenant": "NORTH WEST RUBBER LTD.", "nature": "NATU", "secteur": "autre", "volume_annuel_moyen_m3": 14138, "volumes_annuels": "{\"labels\": [\"2001\", \"2002\", \"2003\", \"2004\", \"2005\", \"2006\", \"2007\", \"2008\", \"2009\", \"2010\", \"2011\", \"2012\", \"2013\", \"2014\", \"2015\", \"2016\", \"2017\", \"2018\", \"2019\", \"2020\", \"2021\", \"2022\", \"2023\", \"2024\"], \"values\": [14870, 15342, 14930, 14308, 15241, 14800, 14742, 14383, 12733, 13380, 13445, 12488, 12657, 13678, 13965, 14148, 14335, 14131, 13988, 13639, 14575, 14640, 14363, 14523]}", "profil_mensuel": "{\"labels\": [\"Jan\", \"F\\u00e9v\", \"Mar\", \"Avr\", \"Mai\", \"Jun\", \"Jul\", \"Ao\\u00fb\", \"Sep\", \"Oct\", \"Nov\", \"D\\u00e9c\"], \"values\": [0.0, 0.0, 64.8, 449.6, 2403.7, 1477.8, 2860.5, 3206.4, 2409.5, 1109.3, 156.1, 0.0]}"}}, {"type": "Feature", "geometry": {"type": "Point", "coordinates": [-72.986737, 45.629515]}, "properties": {"site": "X2084938", "intervenant": "YOPLAIT LIBERTÉ CANADA CIE", "nature": "EGOU", "secteur": "population", "volume_annuel_moyen_m3": 415390, "volumes_annuels": "{\"labels\": [\"2001\", \"2002\", \"2003\", \"2004\", \"2005\", \"2006\", \"2007\", \"2008\", \"2009\", \"2010\", \"2011\", \"2012\", \"2013\", \"2014\", \"2015\", \"2016\", \"2017\", \"2018\", \"2019\", \"2020\", \"2021\", \"2022\", \"2023\", \"2024\"], \"values\": [389899, 391265, 392199, 392442, 393967, 394514, 397815, 400630, 401625, 406057, 407764, 401370, 424621, 428602, 409869, 438879, 422946, 416867, 421419, 439328, 446966, 442291, 448767, 459264]}", "profil_mensuel": "{\"labels\": [\"Jan\", \"F\\u00e9v\", \"Mar\", \"Avr\", \"Mai\", \"Jun\", \"Jul\", \"Ao\\u00fb\", \"Sep\", \"Oct\", \"Nov\", \"D\\u00e9c\"], \"values\": [34568.6, 32569.2, 32434.8, 32883.4, 36025.8, 32245.4, 37445.9, 37873.6, 28053.3, 39839.2, 35233.2, 36217.8]}"}}, {"type": "Feature", "geometry": {"type": "Point", "coordinates": [-75.4258524196, 45.5955003809]}, "properties": {"site": "55133557", "intervenant": "Société en commandite ERCO Worldwide", "nature": "NATU", "secteur": "autre", "volume_annuel_moyen_m3": 1930, "volumes_annuels": "{\"labels\": [\"2001\", \"2002\", \"2003\", \"2004\", \"2005\", \"2006\", \"2007\", \"2008\", \"2009\", \"2010\", \"2011\", \"2012\", \"2013\", \"2014\", \"2015\", \"2016\", \"2017\", \"2018\", \"2019\", \"2020\", \"2021\", \"2022\", \"2023\", \"2024\"], \"values\": [2019, 2083, 2027, 1943, 2069, 2010, 2002, 1953, 1729, 1817, 1826, 1730, 1765, 1911, 1862, 1985, 1923, 1935, 1916, 1871, 1988, 1998, 1986, 1972]}", "profil_mensuel": "{\"labels\": [\"Jan\", \"F\\u00e9v\", \"Mar\", \"Avr\", \"Mai\", \"Jun\", \"Jul\", \"Ao\\u00fb\", \"Sep\", \"Oct\", \"Nov\", \"D\\u00e9c\"], \"values\": [69.2, 57.0, 70.3, 79.0, 84.9, 88.4, 83.2, 80.3, 84.7, 87.8, 82.6, 97.7]}"}}, {"type": "Feature", "geometry": {"type": "Point", "coordinates": [-77.5930929303, 48.0385064189]}, "properties": {"site": "X2099244", "intervenant": "MINES AGNICO EAGLE LIMITÉE", "nature": "NATU", "secteur": "mines", "volume_annuel_moyen_m3": 649945, "volumes_annuels": "{\"labels\": [\"2001\", \"2002\", \"2003\", \"2004\", \"2005\", \"2006\", \"2007\", \"2008\", \"2009\", \"2010\", \"2011\", \"2012\", \"2013\", \"2014\", \"2015\", \"2016\", \"2017\", \"2018\", \"2019\", \"2020\", \"2021\", \"2022\", \"2023\", \"2024\"], \"values\": [549898, 529977, 570041, 494034, 450620, 446974, 472646, 489187, 473965, 491233, 533935, 511032, 603484, 707895, 729335, 782610, 803804, 830006, 823163, 819654, 877982, 826405, 867890, 912920]}", "profil_mensuel": "{\"labels\": [\"Jan\", \"F\\u00e9v\", \"Mar\", \"Avr\", \"Mai\", \"Jun\", \"Jul\", \"Ao\\u00fb\", \"Sep\", \"Oct\", \"Nov\", \"D\\u00e9c\"], \"values\": [21766.2, 15045.3, 71008.4, 100214.1, 44066.2, 67879.3, 46066.7, 46256.5, 69875.4, 61094.7, 69346.4, 37326.1]}"}}, {"type": "Feature", "geometry": {"type": "Point", "coordinates": [-73.257008, 45.844742]}, "properties": {"site": "90512179", "intervenant": "ArcelorMittal Produits longs Canada s.e.n.c.", "nature": "NATU", "secteur": "mines", "volume_annuel_moyen_m3": 9901446, "volumes_annuels": "{\"labels\": [\"2001\", \"2002\", \"2003\", \"2004\", \"2005\", \"2006\", \"2007\", \"2008\", \"2009\", \"2010\", \"2011\", \"2012\", \"2013\", \"2014\", \"2015\", \"2016\", \"2017\", \"2018\", \"2019\", \"2020\", \"2021\", \"2022\", \"2023\", \"2024\"], \"values\": [8368823, 8065650, 8675379, 7518631, 6857923, 6802432, 7193127, 7444869, 7213203, 7475998, 8125879, 7886641, 9283095, 10798323, 11113096, 11912554, 12241720, 12716885, 12561019, 12449561, 13292532, 12575798, 13167977, 13893599]}", "profil_mensuel": "{\"labels\": [\"Jan\", \"F\\u00e9v\", \"Mar\", \"Avr\", \"Mai\", \"Jun\", \"Jul\", \"Ao\\u00fb\", \"Sep\", \"Oct\", \"Nov\", \"D\\u00e9c\"], \"values\": [531308.1, 502652.3, 422065.6, 351678.8, 350541.1, 341961.5, 452157.4, 426188.0, 419188.5, 337797.0, 362267.6, 452917.1]}"}}, {"type": "Feature", "geometry": {"type": "Point", "coordinates": [-72.523671, 48.739788]}, "properties": {"site": "90459082", "intervenant": "FIBREK S.E.N.C.", "nature": "NATU", "secteur": "papier", "volume_annuel_moyen_m3": 341, "volumes_annuels": "{\"labels\": [\"2001\", \"2002\", \"2003\", \"2004\", \"2005\", \"2006\", \"2007\", \"2008\", \"2009\", \"2010\", \"2011\", \"2012\", \"2013\", \"2014\", \"2015\", \"2016\", \"2017\", \"2018\", \"2019\", \"2020\", \"2021\", \"2022\", \"2023\", \"2024\"], \"values\": [486, 505, 477, 420, 485, 450, 447, 412, 315, 350, 338, 298, 279, 320, 305, 315, 285, 274, 241, 219, 228, 243, 258, 226]}", "profil_mensuel": "{\"labels\": [\"Jan\", \"F\\u00e9v\", \"Mar\", \"Avr\", \"Mai\", \"Jun\", \"Jul\", \"Ao\\u00fb\", \"Sep\", \"Oct\", \"Nov\", \"D\\u00e9c\"], \"values\": [29.5, 26.8, 29.9, 27.1, 24.5, 27.9, 28.7, 29.0, 28.6, 29.7, 29.2, 29.9]}"}}, {"type": "Feature", "geometry": {"type": "Point", "coordinates": [-72.7565919792, 45.2884572304]}, "properties": {"site": "X0000444", "intervenant": "Aviation GEC Inc.", "nature": "EGOU", "secteur": "population", "volume_annuel_moyen_m3": 83922, "volumes_annuels": "{\"labels\": [\"2001\", \"2002\", \"2003\", \"2004\", \"2005\", \"2006\", \"2007\", \"2008\", \"2009\", \"2010\", \"2011\", \"2012\", \"2013\", \"2014\", \"2015\", \"2016\", \"2017\", \"2018\", \"2019\", \"2020\", \"2021\", \"2022\", \"2023\", \"2024\"], \"values\": [49654, 51974, 54152, 56543, 58883, 61344, 64803, 68626, 71833, 75515, 78087, 80607, 87611, 90242, 87531, 95019, 94040, 96237, 100632, 110822, 118700, 118874, 119383, 123010]}", "profil_mensuel": "{\"labels\": [\"Jan\", \"F\\u00e9v\", \"Mar\", \"Avr\", \"Mai\", \"Jun\", \"Jul\", \"Ao\\u00fb\", \"Sep\", \"Oct\", \"Nov\", \"D\\u00e9c\"], \"values\": [8006.3, 7605.5, 7582.2, 7089.5, 7546.6, 6318.7, 6821.1, 6708.8, 6711.1, 6972.2, 6834.5, 5725.0]}"}}, {"type": "Feature", "geometry": {"type": "Point", "coordinates": [-73.495567, 45.537183]}, "properties": {"site": "23230758", "intervenant": "Héroux-Devtek inc.", "nature": "EGOU", "secteur": "population", "volume_annuel_moyen_m3": 63402, "volumes_annuels": "{\"labels\": [\"2001\", \"2002\", \"2003\", \"2004\", \"2005\", \"2006\", \"2007\", \"2008\", \"2009\", \"2010\", \"2011\", \"2012\", \"2013\", \"2014\", \"2015\", \"2016\", \"2017\", \"2018\", \"2019\", \"2020\", \"2021\", \"2022\", \"2023\", \"2024\"], \"values\": [60588, 60761, 60896, 60961, 60899, 60785, 60645, 60606, 60760, 61017, 61511, 60420, 64039, 64490, 61278, 66112, 63666, 63794, 65189, 68281, 69041, 67300, 68288, 70312]}", "profil_mensuel": "{\"labels\": [\"Jan\", \"F\\u00e9v\", \"Mar\", \"Avr\", \"Mai\", \"Jun\", \"Jul\", \"Ao\\u00fb\", \"Sep\", \"Oct\", \"Nov\", \"D\\u00e9c\"], \"values\": [5931.6, 5271.9, 5493.3, 5146.5, 5302.5, 4713.7, 3752.4, 5361.3, 4270.5, 5219.2, 7156.0, 5782.5]}"}}, {"type": "Feature", "geometry": {"type": "Point", "coordinates": [-72.639435, 46.627538]}, "properties": {"site": "29101334", "intervenant": "PRODUITS FORESTIERS ARBEC INC.", "nature": "NATU", "secteur": "bois", "volume_annuel_moyen_m3": 109097, "volumes_annuels": "{\"labels\": [\"2001\", \"2002\", \"2003\", \"2004\", \"2005\", \"2006\", \"2007\", \"2008\", \"2009\", \"2010\", \"2011\", \"2012\", \"2013\", \"2014\", \"2015\", \"2016\", \"2017\", \"2018\", \"2019\", \"2020\", \"2021\", \"2022\", \"2023\", \"2024\"], \"values\": [111921, 123548, 120141, 115274, 126251, 123471, 111733, 106533, 92792, 94237, 92192, 88359, 95408, 99139, 102030, 115968, 108357, 111068, 113536, 104006, 117264, 120079, 109056, 115966]}", "profil_mensuel": "{\"labels\": [\"Jan\", \"F\\u00e9v\", \"Mar\", \"Avr\", \"Mai\", \"Jun\", \"Jul\", \"Ao\\u00fb\", \"Sep\", \"Oct\", \"Nov\", \"D\\u00e9c\"], \"values\": [6927.2, 6985.4, 7088.1, 6847.8, 6904.8, 10334.9, 11136.7, 11254.0, 11785.6, 7910.9, 10459.6, 11462.1]}"}}, {"type": "Feature", "geometry": {"type": "Point", "coordinates": [-72.727703, 45.297559]}, "properties": {"site": "X2125579", "intervenant": "CENTRE DE COLLABORATION MIQRO INNOVATION", "nature": "EGOU", "secteur": "population", "volume_annuel_moyen_m3": 83162, "volumes_annuels": "{\"labels\": [\"2001\", \"2002\", \"2003\", \"2004\", \"2005\", \"2006\", \"2007\", \"2008\", \"2009\", \"2010\", \"2011\", \"2012\", \"2013\", \"2014\", \"2015\", \"2016\", \"2017\", \"2018\", \"2019\", \"2020\", \"2021\", \"2022\", \"2023\", \"2024\"], \"values\": [49202, 51500, 53659, 56028, 58346, 60785, 64213, 68001, 71179, 74827, 77376, 79851, 86648, 89318, 86802, 93928, 93243, 95354, 99815, 109996, 117758, 117908, 118262, 121890]}", "profil_mensuel": "{\"labels\": [\"Jan\", \"F\\u00e9v\", \"Mar\", \"Avr\", \"Mai\", \"Jun\", \"Jul\", \"Ao\\u00fb\", \"Sep\", \"Oct\", \"Nov\", \"D\\u00e9c\"], \"values\": [3227.3, 3993.2, 3590.9, 3405.9, 3682.1, 3279.8, 3620.0, 4399.8, 2827.2, 3443.1, 3276.2, 2835.8]}"}}, {"type": "Feature", "geometry": {"type": "Point", "coordinates": [-71.9179166667, 48.3094888889]}, "properties": {"site": "52176989", "intervenant": "RIO TINTO ALCAN INC.", "nature": "NATU", "secteur": "mines", "volume_annuel_moyen_m3": 224, "volumes_annuels": "{\"labels\": [\"2001\", \"2002\", \"2003\", \"2004\", \"2005\", \"2006\", \"2007\", \"2008\", \"2009\", \"2010\", \"2011\", \"2012\", \"2013\", \"2014\", \"2015\", \"2016\", \"2017\", \"2018\", \"2019\", \"2020\", \"2021\", \"2022\", \"2023\", \"2024\"], \"values\": [189, 182, 196, 170, 155, 154, 163, 168, 163, 169, 184, 177, 208, 243, 252, 269, 278, 286, 283, 282, 302, 284, 298, 314]}", "profil_mensuel": "{\"labels\": [\"Jan\", \"F\\u00e9v\", \"Mar\", \"Avr\", \"Mai\", \"Jun\", \"Jul\", \"Ao\\u00fb\", \"Sep\", \"Oct\", \"Nov\", \"D\\u00e9c\"], \"values\": [11.8, 9.4, 14.2, 17.6, 16.5, 26.6, 14.1, 28.8, 26.3, 19.2, 26.4, 12.9]}"}}, {"type": "Feature", "geometry": {"type": "Point", "coordinates": [-72.8072889, 45.3421111]}, "properties": {"site": "16751729", "intervenant": "ContiTech Canada inc.", "nature": "NATU", "secteur": "autre", "volume_annuel_moyen_m3": 25400, "volumes_annuels": "{\"labels\": [\"2001\", \"2002\", \"2003\", \"2004\", \"2005\", \"2006\", \"2007\", \"2008\", \"2009\", \"2010\", \"2011\", \"2012\", \"2013\", \"2014\", \"2015\", \"2016\", \"2017\", \"2018\", \"2019\", \"2020\", \"2021\", \"2022\", \"2023\", \"2024\"], \"values\": [26598, 27442, 26706, 25593, 27261, 26472, 26369, 25727, 22775, 23932, 24049, 22781, 23227, 25128, 24459, 26099, 25243, 25454, 25205, 24578, 26130, 26277, 26125, 25977]}", "profil_mensuel": "{\"labels\": [\"Jan\", \"F\\u00e9v\", \"Mar\", \"Avr\", \"Mai\", \"Jun\", \"Jul\", \"Ao\\u00fb\", \"Sep\", \"Oct\", \"Nov\", \"D\\u00e9c\"], \"values\": [2085.4, 2069.6, 1820.3, 2190.4, 2489.1, 2486.5, 2161.0, 2012.8, 2158.8, 2354.7, 2130.3, 1441.3]}"}}, {"type": "Feature", "geometry": {"type": "Point", "coordinates": [-71.57703, 46.704539]}, "properties": {"site": "54386677", "intervenant": "CONSTRUCTION ET PAVAGE PORTNEUF INC.", "nature": "NATU", "secteur": "autre", "volume_annuel_moyen_m3": 206, "volumes_annuels": "{\"labels\": [\"2001\", \"2002\", \"2003\", \"2004\", \"2005\", \"2006\", \"2007\", \"2008\", \"2009\", \"2010\", \"2011\", \"2012\", \"2013\", \"2014\", \"2015\", \"2016\", \"2017\", \"2018\", \"2019\", \"2020\", \"2021\", \"2022\", \"2023\", \"2024\"], \"values\": [217, 224, 218, 209, 222, 216, 215, 210, 186, 195, 196, 181, 185, 198, 201, 206, 202, 206, 203, 198, 213, 213, 210, 212]}", "profil_mensuel": "{\"labels\": [\"Jan\", \"F\\u00e9v\", \"Mar\", \"Avr\", \"Mai\", \"Jun\", \"Jul\", \"Ao\\u00fb\", \"Sep\", \"Oct\", \"Nov\", \"D\\u00e9c\"], \"values\": [0.0, 0.0, 0.0, 25.6, 93.7, 18.6, 20.0, 18.5, 14.0, 15.3, 0.0, 0.0]}"}}, {"type": "Feature", "geometry": {"type": "Point", "coordinates": [-73.8873393694, 45.3107801821]}, "properties": {"site": "90405432", "intervenant": "Chemtrade Electrochem Inc.", "nature": "NATU", "secteur": "autre", "volume_annuel_moyen_m3": 1194, "volumes_annuels": "{\"labels\": [\"2001\", \"2002\", \"2003\", \"2004\", \"2005\", \"2006\", \"2007\", \"2008\", \"2009\", \"2010\", \"2011\", \"2012\", \"2013\", \"2014\", \"2015\", \"2016\", \"2017\", \"2018\", \"2019\", \"2020\", \"2021\", \"2022\", \"2023\", \"2024\"], \"values\": [1249, 1289, 1254, 1202, 1280, 1243, 1238, 1208, 1070, 1124, 1129, 1073, 1093, 1182, 1154, 1226, 1193, 1198, 1186, 1156, 1227, 1237, 1227, 1220]}", "profil_mensuel": "{\"labels\": [\"Jan\", \"F\\u00e9v\", \"Mar\", \"Avr\", \"Mai\", \"Jun\", \"Jul\", \"Ao\\u00fb\", \"Sep\", \"Oct\", \"Nov\", \"D\\u00e9c\"], \"values\": [53.2, 44.5, 46.3, 39.3, 41.5, 45.6, 63.4, 64.3, 56.1, 47.4, 41.3, 54.4]}"}}, {"type": "Feature", "geometry": {"type": "Point", "coordinates": [-67.352872, 52.757507]}, "properties": {"site": "X0900848", "intervenant": "ArcelorMittal Exploitation Minière Canada s.e.n.c.", "nature": "NATU", "secteur": "mines", "volume_annuel_moyen_m3": 65157004, "volumes_annuels": "{\"labels\": [\"2001\", \"2002\", \"2003\", \"2004\", \"2005\", \"2006\", \"2007\", \"2008\", \"2009\", \"2010\", \"2011\", \"2012\", \"2013\", \"2014\", \"2015\", \"2016\", \"2017\", \"2018\", \"2019\", \"2020\", \"2021\", \"2022\", \"2023\", \"2024\"], \"values\": [55493420, 53483092, 57526184, 49855827, 45474689, 45106727, 47697417, 49366707, 47830542, 49573125, 53882466, 51089082, 59800033, 69933788, 72952687, 77015973, 79543026, 83361242, 82471224, 82646902, 88491269, 82595702, 86448911, 92128052]}", "profil_mensuel": "{\"labels\": [\"Jan\", \"F\\u00e9v\", \"Mar\", \"Avr\", \"Mai\", \"Jun\", \"Jul\", \"Ao\\u00fb\", \"Sep\", \"Oct\", \"Nov\", \"D\\u00e9c\"], \"values\": [770291.0, 621126.9, 955054.6, 1997587.7, 7134097.7, 7824714.9, 2916739.2, 2214332.9, 1411903.0, 2857671.4, 2559958.5, 1315023.9]}"}}, {"type": "Feature", "geometry": {"type": "Point", "coordinates": [-72.04546, 46.66887]}, "properties": {"site": "54575196", "intervenant": "GRAYMONT (PORTNEUF) INC.", "nature": "NATU", "secteur": "chimie", "volume_annuel_moyen_m3": 3486752, "volumes_annuels": "{\"labels\": [\"2001\", \"2002\", \"2003\", \"2004\", \"2005\", \"2006\", \"2007\", \"2008\", \"2009\", \"2010\", \"2011\", \"2012\", \"2013\", \"2014\", \"2015\", \"2016\", \"2017\", \"2018\", \"2019\", \"2020\", \"2021\", \"2022\", \"2023\", \"2024\"], \"values\": [4069093, 4116307, 4167188, 4049657, 3998318, 3957338, 3403425, 3171665, 3171206, 3267376, 3129035, 3193114, 3002235, 3102177, 2771599, 3045589, 3042489, 3209154, 3219879, 3316299, 3613656, 3842717, 3855475, 3967056]}", "profil_mensuel": "{\"labels\": [\"Jan\", \"F\\u00e9v\", \"Mar\", \"Avr\", \"Mai\", \"Jun\", \"Jul\", \"Ao\\u00fb\", \"Sep\", \"Oct\", \"Nov\", \"D\\u00e9c\"], \"values\": [193380.6, 31389.0, 67334.5, 170206.7, 22608.1, 180612.0, 96601.7, 214738.1, 41834.0, 33582.2, 50974.8, 58989.0]}"}}, {"type": "Feature", "geometry": {"type": "Point", "coordinates": [-73.3108333333, 45.30275]}, "properties": {"site": "55134522", "intervenant": "BAILLARGEON MATÉRIAUX INC.", "nature": "NATU", "secteur": "autre", "volume_annuel_moyen_m3": 417333, "volumes_annuels": "{\"labels\": [\"2001\", \"2002\", \"2003\", \"2004\", \"2005\", \"2006\", \"2007\", \"2008\", \"2009\", \"2010\", \"2011\", \"2012\", \"2013\", \"2014\", \"2015\", \"2016\", \"2017\", \"2018\", \"2019\", \"2020\", \"2021\", \"2022\", \"2023\", \"2024\"], \"values\": [438494, 452408, 440290, 421977, 449446, 436478, 434778, 424215, 375615, 394678, 396605, 367453, 376702, 409837, 403362, 424837, 413422, 414155, 414990, 403100, 431229, 434072, 429452, 428399]}", "profil_mensuel": "{\"labels\": [\"Jan\", \"F\\u00e9v\", \"Mar\", \"Avr\", \"Mai\", \"Jun\", \"Jul\", \"Ao\\u00fb\", \"Sep\", \"Oct\", \"Nov\", \"D\\u00e9c\"], \"values\": [112.8, 166.2, 20631.0, 41599.9, 20533.9, 7833.8, 11734.8, 17793.0, 9368.2, 6564.1, 2551.8, 221.5]}"}}, {"type": "Feature", "geometry": {"type": "Point", "coordinates": [-76.9543272002, 49.0256772901]}, "properties": {"site": "52861945", "intervenant": "KRAFT NORDIC, S.E.C.", "nature": "NATU", "secteur": "papier", "volume_annuel_moyen_m3": 46331589, "volumes_annuels": "{\"labels\": [\"2001\", \"2002\", \"2003\", \"2004\", \"2005\", \"2006\", \"2007\", \"2008\", \"2009\", \"2010\", \"2011\", \"2012\", \"2013\", \"2014\", \"2015\", \"2016\", \"2017\", \"2018\", \"2019\", \"2020\", \"2021\", \"2022\", \"2023\", \"2024\"], \"values\": [66120056, 68695189, 64921783, 57090766, 66002917, 61288560, 60858411, 56105648, 42926572, 47685096, 46043232, 40430576, 37715834, 43278348, 41612741, 42634753, 38888864, 37258596, 32816224, 29792860, 30975624, 33001464, 35019951, 30794064]}", "profil_mensuel": "{\"labels\": [\"Jan\", \"F\\u00e9v\", \"Mar\", \"Avr\", \"Mai\", \"Jun\", \"Jul\", \"Ao\\u00fb\", \"Sep\", \"Oct\", \"Nov\", \"D\\u00e9c\"], \"values\": [1737798.9, 1630643.2, 1774324.3, 1943604.2, 1935504.2, 1999549.0, 2362837.5, 2435416.1, 2315261.8, 1594014.9, 1799064.6, 1637775.7]}"}}, {"type": "Feature", "geometry": {"type": "Point", "coordinates": [-77.186356, 48.351712]}, "properties": {"site": "90453523", "intervenant": "PF RÉSOLU CANADA INC.", "nature": "NATU", "secteur": "papier", "volume_annuel_moyen_m3": 14472, "volumes_annuels": "{\"labels\": [\"2001\", \"2002\", \"2003\", \"2004\", \"2005\", \"2006\", \"2007\", \"2008\", \"2009\", \"2010\", \"2011\", \"2012\", \"2013\", \"2014\", \"2015\", \"2016\", \"2017\", \"2018\", \"2019\", \"2020\", \"2021\", \"2022\", \"2023\", \"2024\"], \"values\": [20664, 21469, 20290, 17842, 20628, 19154, 19020, 17535, 13416, 14903, 14390, 12626, 11798, 13535, 12918, 13334, 12056, 11620, 10257, 9305, 9677, 10304, 10961, 9624]}", "profil_mensuel": "{\"labels\": [\"Jan\", \"F\\u00e9v\", \"Mar\", \"Avr\", \"Mai\", \"Jun\", \"Jul\", \"Ao\\u00fb\", \"Sep\", \"Oct\", \"Nov\", \"D\\u00e9c\"], \"values\": [1184.8, 1104.9, 1192.9, 1924.7, 1481.3, 1155.8, 1182.1, 1192.2, 872.6, 1164.4, 996.5, 1019.6]}"}}, {"type": "Feature", "geometry": {"type": "Point", "coordinates": [-73.5871, 45.406]}, "properties": {"site": "54604582", "intervenant": "Darling International Canada inc.", "nature": "EGOU", "secteur": "population", "volume_annuel_moyen_m3": 59174, "volumes_annuels": "{\"labels\": [\"2001\", \"2002\", \"2003\", \"2004\", \"2005\", \"2006\", \"2007\", \"2008\", \"2009\", \"2010\", \"2011\", \"2012\", \"2013\", \"2014\", \"2015\", \"2016\", \"2017\", \"2018\", \"2019\", \"2020\", \"2021\", \"2022\", \"2023\", \"2024\"], \"values\": [57033, 57298, 57595, 57689, 57539, 57323, 57246, 57106, 57679, 58567, 59147, 57746, 61106, 61165, 58175, 62213, 59501, 58863, 59925, 61634, 62321, 60581, 60955, 61764]}", "profil_mensuel": "{\"labels\": [\"Jan\", \"F\\u00e9v\", \"Mar\", \"Avr\", \"Mai\", \"Jun\", \"Jul\", \"Ao\\u00fb\", \"Sep\", \"Oct\", \"Nov\", \"D\\u00e9c\"], \"values\": [4711.3, 4621.1, 6094.5, 5852.5, 4750.8, 5407.8, 4237.9, 3340.7, 4825.2, 3644.1, 4280.0, 7407.8]}"}}, {"type": "Feature", "geometry": {"type": "Point", "coordinates": [-74.11285001, 45.26924547]}, "properties": {"site": "26328195", "intervenant": "NATIONAL SILICATES PARTNERSHIP", "nature": "EGOU", "secteur": "population", "volume_annuel_moyen_m3": 31353, "volumes_annuels": "{\"labels\": [\"2001\", \"2002\", \"2003\", \"2004\", \"2005\", \"2006\", \"2007\", \"2008\", \"2009\", \"2010\", \"2011\", \"2012\", \"2013\", \"2014\", \"2015\", \"2016\", \"2017\", \"2018\", \"2019\", \"2020\", \"2021\", \"2022\", \"2023\", \"2024\"], \"values\": [30298, 30331, 30423, 30405, 30369, 30325, 30445, 30461, 30536, 30566, 30757, 29942, 31570, 31716, 30308, 32285, 31142, 30733, 31202, 32638, 33653, 33342, 33959, 35076]}", "profil_mensuel": "{\"labels\": [\"Jan\", \"F\\u00e9v\", \"Mar\", \"Avr\", \"Mai\", \"Jun\", \"Jul\", \"Ao\\u00fb\", \"Sep\", \"Oct\", \"Nov\", \"D\\u00e9c\"], \"values\": [2600.7, 2623.2, 2662.0, 2568.2, 2590.1, 2547.6, 2566.1, 2630.7, 2611.9, 2632.5, 2672.1, 2648.3]}"}}, {"type": "Feature", "geometry": {"type": "Point", "coordinates": [-77.7805556, 48.1158333]}, "properties": {"site": "90383993", "intervenant": "UNIBOARD CANADA INC.", "nature": "EGOU", "secteur": "population", "volume_annuel_moyen_m3": 155313, "volumes_annuels": "{\"labels\": [\"2001\", \"2002\", \"2003\", \"2004\", \"2005\", \"2006\", \"2007\", \"2008\", \"2009\", \"2010\", \"2011\", \"2012\", \"2013\", \"2014\", \"2015\", \"2016\", \"2017\", \"2018\", \"2019\", \"2020\", \"2021\", \"2022\", \"2023\", \"2024\"], \"values\": [153485, 152111, 151583, 151501, 150766, 150526, 152328, 153548, 154172, 154288, 155119, 152285, 160306, 160334, 152285, 162150, 155730, 153217, 154434, 160142, 161837, 157512, 157612, 160236]}", "profil_mensuel": "{\"labels\": [\"Jan\", \"F\\u00e9v\", \"Mar\", \"Avr\", \"Mai\", \"Jun\", \"Jul\", \"Ao\\u00fb\", \"Sep\", \"Oct\", \"Nov\", \"D\\u00e9c\"], \"values\": [11864.0, 13551.2, 10989.5, 14398.7, 12865.9, 13774.6, 13580.7, 13122.2, 12650.6, 13459.6, 11666.2, 13389.5]}"}}, {"type": "Feature", "geometry": {"type": "Point", "coordinates": [-79.30436, 47.4257]}, "properties": {"site": "X0800897", "intervenant": "LACTALIS CANADA INC.", "nature": "EGOU", "secteur": "population", "volume_annuel_moyen_m3": 212068, "volumes_annuels": "{\"labels\": [\"2001\", \"2002\", \"2003\", \"2004\", \"2005\", \"2006\", \"2007\", \"2008\", \"2009\", \"2010\", \"2011\", \"2012\", \"2013\", \"2014\", \"2015\", \"2016\", \"2017\", \"2018\", \"2019\", \"2020\", \"2021\", \"2022\", \"2023\", \"2024\"], \"values\": [232963, 227055, 226422, 221779, 220091, 219669, 217348, 217981, 216926, 215871, 216715, 204808, 213688, 209075, 201080, 209584, 196585, 198155, 198067, 203427, 205449, 205646, 204866, 206375]}", "profil_mensuel": "{\"labels\": [\"Jan\", \"F\\u00e9v\", \"Mar\", \"Avr\", \"Mai\", \"Jun\", \"Jul\", \"Ao\\u00fb\", \"Sep\", \"Oct\", \"Nov\", \"D\\u00e9c\"], \"values\": [12852.0, 13204.0, 14937.0, 21250.5, 22866.3, 22327.7, 18278.4, 14612.7, 15231.0, 18257.5, 18977.8, 19272.9]}"}}, {"type": "Feature", "geometry": {"type": "Point", "coordinates": [-72.78709174, 45.33864103]}, "properties": {"site": "15033988", "intervenant": "Abattoir Ducharme inc.", "nature": "NATU", "secteur": "agroalimentaire", "volume_annuel_moyen_m3": 25677, "volumes_annuels": "{\"labels\": [\"2001\", \"2002\", \"2003\", \"2004\", \"2005\", \"2006\", \"2007\", \"2008\", \"2009\", \"2010\", \"2011\", \"2012\", \"2013\", \"2014\", \"2015\", \"2016\", \"2017\", \"2018\", \"2019\", \"2020\", \"2021\", \"2022\", \"2023\", \"2024\"], \"values\": [20942, 20855, 20224, 20969, 21459, 21459, 22334, 23668, 24100, 24300, 24182, 22711, 24445, 26543, 26768, 28834, 28745, 28129, 28697, 28956, 31361, 31999, 32211, 32350]}", "profil_mensuel": "{\"labels\": [\"Jan\", \"F\\u00e9v\", \"Mar\", \"Avr\", \"Mai\", \"Jun\", \"Jul\", \"Ao\\u00fb\", \"Sep\", \"Oct\", \"Nov\", \"D\\u00e9c\"], \"values\": [1815.8, 1904.9, 2281.5, 2233.9, 1994.7, 2176.4, 2507.6, 2045.3, 2287.2, 2442.1, 1972.8, 2014.6]}"}}, {"type": "Feature", "geometry": {"type": "Point", "coordinates": [-73.4504941921, 46.0072582343]}, "properties": {"site": "X2000526", "intervenant": "PLASTREC INC.", "nature": "EGOU", "secteur": "population", "volume_annuel_moyen_m3": 165624, "volumes_annuels": "{\"labels\": [\"2001\", \"2002\", \"2003\", \"2004\", \"2005\", \"2006\", \"2007\", \"2008\", \"2009\", \"2010\", \"2011\", \"2012\", \"2013\", \"2014\", \"2015\", \"2016\", \"2017\", \"2018\", \"2019\", \"2020\", \"2021\", \"2022\", \"2023\", \"2024\"], \"values\": [150095, 151299, 153393, 155363, 157095, 157845, 157936, 158480, 159518, 161992, 163344, 161023, 171910, 173360, 165385, 175278, 168039, 165330, 168315, 177028, 181656, 178034, 179636, 183633]}", "profil_mensuel": "{\"labels\": [\"Jan\", \"F\\u00e9v\", \"Mar\", \"Avr\", \"Mai\", \"Jun\", \"Jul\", \"Ao\\u00fb\", \"Sep\", \"Oct\", \"Nov\", \"D\\u00e9c\"], \"values\": [14472.8, 12151.3, 11313.2, 14684.5, 12840.6, 14523.9, 13553.8, 14563.0, 14581.9, 14515.7, 14664.9, 13759.0]}"}}, {"type": "Feature", "geometry": {"type": "Point", "coordinates": [-71.20515, 46.98776]}, "properties": {"site": "X2137966", "intervenant": "Coulombe Québec limitée", "nature": "NATU", "secteur": "autre", "volume_annuel_moyen_m3": 9845, "volumes_annuels": "{\"labels\": [\"2001\", \"2002\", \"2003\", \"2004\", \"2005\", \"2006\", \"2007\", \"2008\", \"2009\", \"2010\", \"2011\", \"2012\", \"2013\", \"2014\", \"2015\", \"2016\", \"2017\", \"2018\", \"2019\", \"2020\", \"2021\", \"2022\", \"2023\", \"2024\"], \"values\": [10341, 10670, 10383, 9951, 10599, 10293, 10252, 10003, 8855, 9305, 9350, 8836, 8985, 9686, 9481, 10017, 9741, 9873, 9781, 9496, 10073, 10144, 10064, 10100]}", "profil_mensuel": "{\"labels\": [\"Jan\", \"F\\u00e9v\", \"Mar\", \"Avr\", \"Mai\", \"Jun\", \"Jul\", \"Ao\\u00fb\", \"Sep\", \"Oct\", \"Nov\", \"D\\u00e9c\"], \"values\": [1050.5, 1101.6, 242.2, 769.3, 1341.6, 1084.2, 1281.6, 807.3, 590.4, 444.7, 429.3, 702.3]}"}}, {"type": "Feature", "geometry": {"type": "Point", "coordinates": [-73.5587728, 45.4727498]}, "properties": {"site": "55411771", "intervenant": "O-I CANADA CORP.", "nature": "EGOU", "secteur": "population", "volume_annuel_moyen_m3": 39301, "volumes_annuels": "{\"labels\": [\"2001\", \"2002\", \"2003\", \"2004\", \"2005\", \"2006\", \"2007\", \"2008\", \"2009\", \"2010\", \"2011\", \"2012\", \"2013\", \"2014\", \"2015\", \"2016\", \"2017\", \"2018\", \"2019\", \"2020\", \"2021\", \"2022\", \"2023\", \"2024\"], \"values\": [37159, 37448, 37538, 37588, 37612, 37669, 37639, 37704, 38037, 38273, 38470, 37765, 39913, 40171, 38321, 40968, 39740, 39855, 40729, 42151, 41680, 40943, 42016, 43836]}", "profil_mensuel": "{\"labels\": [\"Jan\", \"F\\u00e9v\", \"Mar\", \"Avr\", \"Mai\", \"Jun\", \"Jul\", \"Ao\\u00fb\", \"Sep\", \"Oct\", \"Nov\", \"D\\u00e9c\"], \"values\": [3259.9, 3288.3, 3337.2, 3218.5, 3246.3, 3192.5, 3216.5, 3297.7, 3273.9, 3299.7, 3350.4, 3320.1]}"}}, {"type": "Feature", "geometry": {"type": "Point", "coordinates": [-70.816587, 46.243242]}, "properties": {"site": "54690359", "intervenant": "AGROPUR COOPÉRATIVE", "nature": "NATU", "secteur": "agroalimentaire", "volume_annuel_moyen_m3": 409864, "volumes_annuels": "{\"labels\": [\"2001\", \"2002\", \"2003\", \"2004\", \"2005\", \"2006\", \"2007\", \"2008\", \"2009\", \"2010\", \"2011\", \"2012\", \"2013\", \"2014\", \"2015\", \"2016\", \"2017\", \"2018\", \"2019\", \"2020\", \"2021\", \"2022\", \"2023\", \"2024\"], \"values\": [334457, 333065, 322992, 334881, 342707, 342707, 356677, 377985, 384894, 388073, 386194, 362359, 389593, 422963, 427432, 459627, 459674, 448329, 457214, 461932, 501259, 510741, 514333, 516642]}", "profil_mensuel": "{\"labels\": [\"Jan\", \"F\\u00e9v\", \"Mar\", \"Avr\", \"Mai\", \"Jun\", \"Jul\", \"Ao\\u00fb\", \"Sep\", \"Oct\", \"Nov\", \"D\\u00e9c\"], \"values\": [16205.8, 13114.0, 14842.1, 16174.7, 15101.7, 17623.6, 19787.7, 20907.9, 19314.1, 28578.6, 11570.3, 11711.4]}"}}, {"type": "Feature", "geometry": {"type": "Point", "coordinates": [-79.1265133794, 48.281553275]}, "properties": {"site": "90336942", "intervenant": "MINES ABCOURT INC.", "nature": "NATU", "secteur": "mines", "volume_annuel_moyen_m3": 0, "volumes_annuels": "{\"labels\": [\"2001\", \"2002\", \"2003\", \"2004\", \"2005\", \"2006\", \"2007\", \"2008\", \"2009\", \"2010\", \"2011\", \"2012\", \"2013\", \"2014\", \"2015\", \"2016\", \"2017\", \"2018\", \"2019\", \"2020\", \"2021\", \"2022\", \"2023\", \"2024\"], \"values\": [0, 0, 0, 0, 0, 0, 0, 0, 0, 0, 0, 0, 0, 0, 0, 0, 0, 0, 0, 0, 0, 0, 0, 0]}", "profil_mensuel": "{\"labels\": [\"Jan\", \"F\\u00e9v\", \"Mar\", \"Avr\", \"Mai\", \"Jun\", \"Jul\", \"Ao\\u00fb\", \"Sep\", \"Oct\", \"Nov\", \"D\\u00e9c\"], \"values\": [0.0, 0.0, 0.0, 0.0, 0.0, 0.0, 0.0, 0.0, 0.0, 0.0, 0.0, 0.0]}"}}, {"type": "Feature", "geometry": {"type": "Point", "coordinates": [-71.0386111111, 46.4616666667]}, "properties": {"site": "X2140681", "intervenant": "COMPAGNIE WESTROCK DU CANADA CORP.", "nature": "EGOU", "secteur": "population", "volume_annuel_moyen_m3": 31600, "volumes_annuels": "{\"labels\": [\"2001\", \"2002\", \"2003\", \"2004\", \"2005\", \"2006\", \"2007\", \"2008\", \"2009\", \"2010\", \"2011\", \"2012\", \"2013\", \"2014\", \"2015\", \"2016\", \"2017\", \"2018\", \"2019\", \"2020\", \"2021\", \"2022\", \"2023\", \"2024\"], \"values\": [28436, 28608, 28444, 28513, 28451, 28682, 29402, 30070, 30966, 31689, 32349, 31814, 33994, 34232, 32782, 34970, 33488, 33192, 32720, 32686, 33440, 32790, 32852, 33834]}", "profil_mensuel": "{\"labels\": [\"Jan\", \"F\\u00e9v\", \"Mar\", \"Avr\", \"Mai\", \"Jun\", \"Jul\", \"Ao\\u00fb\", \"Sep\", \"Oct\", \"Nov\", \"D\\u00e9c\"], \"values\": [2903.2, 3098.7, 3373.6, 2752.3, 2833.2, 2905.0, 2357.5, 2150.8, 1833.4, 2671.1, 2106.2, 2615.2]}"}}, {"type": "Feature", "geometry": {"type": "Point", "coordinates": [-67.5792, 48.8341944444]}, "properties": {"site": "13437835", "intervenant": "ENTREPRISES SAPPI CANADA INC.", "nature": "NATU", "secteur": "papier", "volume_annuel_moyen_m3": 10143323, "volumes_annuels": "{\"labels\": [\"2001\", \"2002\", \"2003\", \"2004\", \"2005\", \"2006\", \"2007\", \"2008\", \"2009\", \"2010\", \"2011\", \"2012\", \"2013\", \"2014\", \"2015\", \"2016\", \"2017\", \"2018\", \"2019\", \"2020\", \"2021\", \"2022\", \"2023\", \"2024\"], \"values\": [14466144, 15029548, 14203979, 12490662, 14440516, 13409081, 13314970, 12275132, 9391734, 10432833, 10073616, 8874424, 8283515, 9503836, 9079666, 9360378, 8492129, 8163599, 7189854, 6532749, 6783748, 7227847, 7682487, 6737311]}", "profil_mensuel": "{\"labels\": [\"Jan\", \"F\\u00e9v\", \"Mar\", \"Avr\", \"Mai\", \"Jun\", \"Jul\", \"Ao\\u00fb\", \"Sep\", \"Oct\", \"Nov\", \"D\\u00e9c\"], \"values\": [842756.0, 790125.8, 878925.0, 841917.2, 763430.3, 839272.3, 942568.3, 882715.6, 797247.3, 838409.4, 822680.3, 903275.8]}"}}, {"type": "Feature", "geometry": {"type": "Point", "coordinates": [-73.856812, 45.450786]}, "properties": {"site": "X0600390", "intervenant": "GROUPE COLAS QUÉBEC INC.", "nature": "EGOU", "secteur": "population", "volume_annuel_moyen_m3": 131365, "volumes_annuels": "{\"labels\": [\"2001\", \"2002\", \"2003\", \"2004\", \"2005\", \"2006\", \"2007\", \"2008\", \"2009\", \"2010\", \"2011\", \"2012\", \"2013\", \"2014\", \"2015\", \"2016\", \"2017\", \"2018\", \"2019\", \"2020\", \"2021\", \"2022\", \"2023\", \"2024\"], \"values\": [132878, 133676, 134616, 134392, 133184, 131906, 133063, 133689, 134692, 135517, 136667, 131893, 136437, 135687, 127920, 134171, 127897, 125182, 125695, 128452, 127587, 125761, 125882, 125925]}", "profil_mensuel": "{\"labels\": [\"Jan\", \"F\\u00e9v\", \"Mar\", \"Avr\", \"Mai\", \"Jun\", \"Jul\", \"Ao\\u00fb\", \"Sep\", \"Oct\", \"Nov\", \"D\\u00e9c\"], \"values\": [7362.9, 7423.5, 13314.0, 12858.2, 12965.0, 9981.0, 10059.2, 10299.0, 13075.2, 13170.6, 13367.3, 7489.4]}"}}, {"type": "Feature", "geometry": {"type": "Point", "coordinates": [-71.9771664966, 46.0513332909]}, "properties": {"site": "90211335", "intervenant": "Laboratoires Abbott cie", "nature": "EGOU", "secteur": "population", "volume_annuel_moyen_m3": 633449, "volumes_annuels": "{\"labels\": [\"2001\", \"2002\", \"2003\", \"2004\", \"2005\", \"2006\", \"2007\", \"2008\", \"2009\", \"2010\", \"2011\", \"2012\", \"2013\", \"2014\", \"2015\", \"2016\", \"2017\", \"2018\", \"2019\", \"2020\", \"2021\", \"2022\", \"2023\", \"2024\"], \"values\": [565368, 567866, 573690, 575203, 577900, 582625, 591432, 599325, 607047, 615569, 626531, 619143, 656561, 666630, 638014, 683738, 660878, 656347, 662338, 688012, 700321, 687714, 691912, 708605]}", "profil_mensuel": "{\"labels\": [\"Jan\", \"F\\u00e9v\", \"Mar\", \"Avr\", \"Mai\", \"Jun\", \"Jul\", \"Ao\\u00fb\", \"Sep\", \"Oct\", \"Nov\", \"D\\u00e9c\"], \"values\": [49925.8, 46162.8, 52374.4, 47503.5, 51517.7, 52400.4, 55695.2, 55872.2, 56324.1, 56811.1, 55560.5, 53301.0]}"}}, {"type": "Feature", "geometry": {"type": "Point", "coordinates": [-72.390212, 46.371747]}, "properties": {"site": "X2123406", "intervenant": "SILICIUM QUÉBEC SOCIÉTÉ EN COMMANDITE", "nature": "NATU", "secteur": "autre", "volume_annuel_moyen_m3": 5073, "volumes_annuels": "{\"labels\": [\"2001\", \"2002\", \"2003\", \"2004\", \"2005\", \"2006\", \"2007\", \"2008\", \"2009\", \"2010\", \"2011\", \"2012\", \"2013\", \"2014\", \"2015\", \"2016\", \"2017\", \"2018\", \"2019\", \"2020\", \"2021\", \"2022\", \"2023\", \"2024\"], \"values\": [5313, 5480, 5334, 5113, 5443, 5288, 5268, 5142, 4560, 4791, 4815, 4527, 4614, 4995, 4914, 5181, 5059, 5075, 5035, 4910, 5227, 5254, 5209, 5208]}", "profil_mensuel": "{\"labels\": [\"Jan\", \"F\\u00e9v\", \"Mar\", \"Avr\", \"Mai\", \"Jun\", \"Jul\", \"Ao\\u00fb\", \"Sep\", \"Oct\", \"Nov\", \"D\\u00e9c\"], \"values\": [97.9, 92.4, 100.2, 183.3, 190.9, 181.8, 180.5, 184.9, 177.7, 100.9, 99.1, 101.5]}"}}, {"type": "Feature", "geometry": {"type": "Point", "coordinates": [-73.610152, 45.570461]}, "properties": {"site": "X2140683", "intervenant": "KEURIG CANADA INC.", "nature": "EGOU", "secteur": "population", "volume_annuel_moyen_m3": 27426, "volumes_annuels": "{\"labels\": [\"2001\", \"2002\", \"2003\", \"2004\", \"2005\", \"2006\", \"2007\", \"2008\", \"2009\", \"2010\", \"2011\", \"2012\", \"2013\", \"2014\", \"2015\", \"2016\", \"2017\", \"2018\", \"2019\", \"2020\", \"2021\", \"2022\", \"2023\", \"2024\"], \"values\": [25970, 26172, 26235, 26270, 26287, 26327, 26306, 26351, 26584, 26749, 26887, 26349, 27813, 27886, 26846, 28542, 27739, 27805, 28396, 29277, 29048, 28505, 29242, 30637]}", "profil_mensuel": "{\"labels\": [\"Jan\", \"F\\u00e9v\", \"Mar\", \"Avr\", \"Mai\", \"Jun\", \"Jul\", \"Ao\\u00fb\", \"Sep\", \"Oct\", \"Nov\", \"D\\u00e9c\"], \"values\": [2104.2, 3436.9, 559.1, 2169.2, 3786.6, 1941.0, 1967.9, 2870.7, 2860.7, 1863.5, 1892.1, 1974.1]}"}}, {"type": "Feature", "geometry": {"type": "Point", "coordinates": [-72.341066, 48.591778]}, "properties": {"site": "27518588", "intervenant": "ALBERT PERRON INC.", "nature": "EGOU", "secteur": "population", "volume_annuel_moyen_m3": 8518, "volumes_annuels": "{\"labels\": [\"2001\", \"2002\", \"2003\", \"2004\", \"2005\", \"2006\", \"2007\", \"2008\", \"2009\", \"2010\", \"2011\", \"2012\", \"2013\", \"2014\", \"2015\", \"2016\", \"2017\", \"2018\", \"2019\", \"2020\", \"2021\", \"2022\", \"2023\", \"2024\"], \"values\": [8536, 8399, 8430, 8384, 8337, 8328, 8340, 8443, 8452, 8511, 8620, 8237, 8719, 8701, 8398, 8948, 8329, 8186, 8328, 8659, 8895, 8737, 8748, 8775]}", "profil_mensuel": "{\"labels\": [\"Jan\", \"F\\u00e9v\", \"Mar\", \"Avr\", \"Mai\", \"Jun\", \"Jul\", \"Ao\\u00fb\", \"Sep\", \"Oct\", \"Nov\", \"D\\u00e9c\"], \"values\": [0.0, 785.6, 1413.3, 803.4, 648.0, 601.4, 599.3, 717.4, 678.7, 698.4, 855.4, 717.3]}"}}, {"type": "Feature", "geometry": {"type": "Point", "coordinates": [-73.524308016, 45.398928676]}, "properties": {"site": "52784139", "intervenant": "CASCADES CANADA ULC", "nature": "EGOU", "secteur": "population", "volume_annuel_moyen_m3": 721923, "volumes_annuels": "{\"labels\": [\"2001\", \"2002\", \"2003\", \"2004\", \"2005\", \"2006\", \"2007\", \"2008\", \"2009\", \"2010\", \"2011\", \"2012\", \"2013\", \"2014\", \"2015\", \"2016\", \"2017\", \"2018\", \"2019\", \"2020\", \"2021\", \"2022\", \"2023\", \"2024\"], \"values\": [480904, 495153, 514361, 537455, 567359, 599631, 626204, 666138, 698854, 728388, 740379, 734832, 785261, 792274, 758743, 813034, 785256, 792268, 808046, 854429, 877039, 875737, 887300, 907108]}", "profil_mensuel": "{\"labels\": [\"Jan\", \"F\\u00e9v\", \"Mar\", \"Avr\", \"Mai\", \"Jun\", \"Jul\", \"Ao\\u00fb\", \"Sep\", \"Oct\", \"Nov\", \"D\\u00e9c\"], \"values\": [62335.7, 50515.7, 60385.2, 60527.9, 62918.8, 40595.6, 60218.1, 58309.8, 67535.0, 65704.7, 65625.0, 67251.5]}"}}, {"type": "Feature", "geometry": {"type": "Point", "coordinates": [-67.6502726, 48.5581309]}, "properties": {"site": "90366345", "intervenant": "UNIBOARD CANADA INC.", "nature": "EGOU", "secteur": "population", "volume_annuel_moyen_m3": 9478, "volumes_annuels": "{\"labels\": [\"2001\", \"2002\", \"2003\", \"2004\", \"2005\", \"2006\", \"2007\", \"2008\", \"2009\", \"2010\", \"2011\", \"2012\", \"2013\", \"2014\", \"2015\", \"2016\", \"2017\", \"2018\", \"2019\", \"2020\", \"2021\", \"2022\", \"2023\", \"2024\"], \"values\": [10287, 10231, 10077, 9841, 9872, 10051, 10010, 9888, 9734, 9503, 9601, 9242, 9784, 9751, 9066, 9705, 9057, 8780, 8543, 8718, 8934, 8727, 9011, 9058]}", "profil_mensuel": "{\"labels\": [\"Jan\", \"F\\u00e9v\", \"Mar\", \"Avr\", \"Mai\", \"Jun\", \"Jul\", \"Ao\\u00fb\", \"Sep\", \"Oct\", \"Nov\", \"D\\u00e9c\"], \"values\": [2457.8, 442.3, 446.1, 545.5, 510.5, 537.0, 757.2, 351.6, 213.5, 1507.8, 630.7, 1077.8]}"}}, {"type": "Feature", "geometry": {"type": "Point", "coordinates": [-71.294215871, 46.1104722345]}, "properties": {"site": "25754581", "intervenant": "E.I. Dupont Canada-Thetford inc.", "nature": "EGOU", "secteur": "population", "volume_annuel_moyen_m3": 2409, "volumes_annuels": "{\"labels\": [\"2001\", \"2002\", \"2003\", \"2004\", \"2005\", \"2006\", \"2007\", \"2008\", \"2009\", \"2010\", \"2011\", \"2012\", \"2013\", \"2014\", \"2015\", \"2016\", \"2017\", \"2018\", \"2019\", \"2020\", \"2021\", \"2022\", \"2023\", \"2024\"], \"values\": [2487, 2464, 2437, 2425, 2412, 2393, 2389, 2383, 2389, 2396, 2398, 2324, 2431, 2419, 2289, 2447, 2348, 2325, 2341, 2432, 2489, 2428, 2459, 2505]}", "profil_mensuel": "{\"labels\": [\"Jan\", \"F\\u00e9v\", \"Mar\", \"Avr\", \"Mai\", \"Jun\", \"Jul\", \"Ao\\u00fb\", \"Sep\", \"Oct\", \"Nov\", \"D\\u00e9c\"], \"values\": [282.7, 182.7, 209.8, 237.6, 267.2, 237.5, 87.0, 200.6, 222.3, 166.8, 178.1, 136.6]}"}}, {"type": "Feature", "geometry": {"type": "Point", "coordinates": [-68.8625, 47.67]}, "properties": {"site": "13687348", "intervenant": "CASCADES CANADA ULC", "nature": "NATU", "secteur": "papier", "volume_annuel_moyen_m3": 4753736, "volumes_annuels": "{\"labels\": [\"2001\", \"2002\", \"2003\", \"2004\", \"2005\", \"2006\", \"2007\", \"2008\", \"2009\", \"2010\", \"2011\", \"2012\", \"2013\", \"2014\", \"2015\", \"2016\", \"2017\", \"2018\", \"2019\", \"2020\", \"2021\", \"2022\", \"2023\", \"2024\"], \"values\": [6777899, 7041788, 6655070, 5852503, 6765849, 6282695, 6238591, 5751511, 4400896, 4888537, 4720267, 4158569, 3881987, 4453369, 4258516, 4390225, 3984102, 3827218, 3367776, 3062796, 3182734, 3387599, 3601634, 3157526]}", "profil_mensuel": "{\"labels\": [\"Jan\", \"F\\u00e9v\", \"Mar\", \"Avr\", \"Mai\", \"Jun\", \"Jul\", \"Ao\\u00fb\", \"Sep\", \"Oct\", \"Nov\", \"D\\u00e9c\"], \"values\": [200225.7, 163569.1, 181720.2, 174910.3, 187939.6, 201001.2, 207637.5, 210891.8, 203071.4, 216930.6, 205545.1, 223425.2]}"}}, {"type": "Feature", "geometry": {"type": "Point", "coordinates": [-73.630557, 45.170937]}, "properties": {"site": "X2089742", "intervenant": "CONSTRUCTION DJL INC.", "nature": "NATU", "secteur": "autre", "volume_annuel_moyen_m3": 2319556, "volumes_annuels": "{\"labels\": [\"2001\", \"2002\", \"2003\", \"2004\", \"2005\", \"2006\", \"2007\", \"2008\", \"2009\", \"2010\", \"2011\", \"2012\", \"2013\", \"2014\", \"2015\", \"2016\", \"2017\", \"2018\", \"2019\", \"2020\", \"2021\", \"2022\", \"2023\", \"2024\"], \"values\": [2425838, 2502855, 2435667, 2334174, 2486273, 2414396, 2404931, 2346377, 2077147, 2182706, 2193361, 2084481, 2127269, 2299790, 2237345, 2389893, 2311367, 2328193, 2303022, 2243671, 2384521, 2400932, 2385918, 2369206]}", "profil_mensuel": "{\"labels\": [\"Jan\", \"F\\u00e9v\", \"Mar\", \"Avr\", \"Mai\", \"Jun\", \"Jul\", \"Ao\\u00fb\", \"Sep\", \"Oct\", \"Nov\", \"D\\u00e9c\"], \"values\": [215821.2, 184993.1, 164551.4, 185866.1, 194923.7, 172262.6, 192258.3, 196956.0, 214395.0, 187077.7, 214269.6, 196180.7]}"}}, {"type": "Feature", "geometry": {"type": "Point", "coordinates": [-73.572201, 45.611516]}, "properties": {"site": "X2153200", "intervenant": "OLYMEL S.E.C.", "nature": "EGOU", "secteur": "population", "volume_annuel_moyen_m3": 12656, "volumes_annuels": "{\"labels\": [\"2001\", \"2002\", \"2003\", \"2004\", \"2005\", \"2006\", \"2007\", \"2008\", \"2009\", \"2010\", \"2011\", \"2012\", \"2013\", \"2014\", \"2015\", \"2016\", \"2017\", \"2018\", \"2019\", \"2020\", \"2021\", \"2022\", \"2023\", \"2024\"], \"values\": [12021, 12114, 12144, 12160, 12168, 12186, 12176, 12197, 12305, 12381, 12445, 12086, 12673, 12849, 12307, 13068, 12748, 12768, 13094, 13595, 13449, 13146, 13489, 14181]}", "profil_mensuel": "{\"labels\": [\"Jan\", \"F\\u00e9v\", \"Mar\", \"Avr\", \"Mai\", \"Jun\", \"Jul\", \"Ao\\u00fb\", \"Sep\", \"Oct\", \"Nov\", \"D\\u00e9c\"], \"values\": [770.1, 1174.7, 837.7, 976.2, 799.8, 2572.0, 1058.4, 1281.9, 1230.5, 664.8, 552.1, 738.0]}"}}, {"type": "Feature", "geometry": {"type": "Point", "coordinates": [-75.486508, 45.560836]}, "properties": {"site": "90353723", "intervenant": "CARRIÈRE-SABLIÈRE DAGENAIS INC.", "nature": "NATU", "secteur": "autre", "volume_annuel_moyen_m3": 260974, "volumes_annuels": "{\"labels\": [\"2001\", \"2002\", \"2003\", \"2004\", \"2005\", \"2006\", \"2007\", \"2008\", \"2009\", \"2010\", \"2011\", \"2012\", \"2013\", \"2014\", \"2015\", \"2016\", \"2017\", \"2018\", \"2019\", \"2020\", \"2021\", \"2022\", \"2023\", \"2024\"], \"values\": [273700, 282389, 274809, 263357, 280518, 272409, 271341, 264734, 234358, 246268, 247470, 232003, 235520, 256004, 253687, 264326, 261796, 261292, 259218, 253816, 269463, 270304, 267287, 267310]}", "profil_mensuel": "{\"labels\": [\"Jan\", \"F\\u00e9v\", \"Mar\", \"Avr\", \"Mai\", \"Jun\", \"Jul\", \"Ao\\u00fb\", \"Sep\", \"Oct\", \"Nov\", \"D\\u00e9c\"], \"values\": [2514.2, 4736.6, 8622.9, 16897.3, 24739.5, 33933.8, 40446.6, 43007.1, 23179.4, 24922.7, 22833.1, 15141.0]}"}}, {"type": "Feature", "geometry": {"type": "Point", "coordinates": [-71.778588, 46.209248]}, "properties": {"site": "90463050", "intervenant": "SAPUTO PRODUITS LAITIERS CANADA S.E.N.C.", "nature": "EGOU", "secteur": "population", "volume_annuel_moyen_m3": 93, "volumes_annuels": "{\"labels\": [\"2001\", \"2002\", \"2003\", \"2004\", \"2005\", \"2006\", \"2007\", \"2008\", \"2009\", \"2010\", \"2011\", \"2012\", \"2013\", \"2014\", \"2015\", \"2016\", \"2017\", \"2018\", \"2019\", \"2020\", \"2021\", \"2022\", \"2023\", \"2024\"], \"values\": [96, 95, 94, 94, 93, 93, 93, 93, 93, 94, 94, 92, 96, 95, 91, 96, 91, 88, 89, 92, 94, 92, 94, 95]}", "profil_mensuel": "{\"labels\": [\"Jan\", \"F\\u00e9v\", \"Mar\", \"Avr\", \"Mai\", \"Jun\", \"Jul\", \"Ao\\u00fb\", \"Sep\", \"Oct\", \"Nov\", \"D\\u00e9c\"], \"values\": [3.6, 3.8, 4.2, 3.9, 4.0, 3.4, 3.7, 3.8, 4.1, 3.9, 3.9, 4.4]}"}}, {"type": "Feature", "geometry": {"type": "Point", "coordinates": [-72.49208, 45.8613]}, "properties": {"site": "19279694", "intervenant": "Les produits industriels de haute température Pyrotek Inc.", "nature": "EGOU", "secteur": "population", "volume_annuel_moyen_m3": 63862, "volumes_annuels": "{\"labels\": [\"2001\", \"2002\", \"2003\", \"2004\", \"2005\", \"2006\", \"2007\", \"2008\", \"2009\", \"2010\", \"2011\", \"2012\", \"2013\", \"2014\", \"2015\", \"2016\", \"2017\", \"2018\", \"2019\", \"2020\", \"2021\", \"2022\", \"2023\", \"2024\"], \"values\": [55957, 56378, 57222, 57902, 58734, 59156, 59656, 60590, 61453, 62286, 63137, 62049, 65684, 66215, 63623, 68265, 66336, 65680, 66396, 69269, 71091, 70345, 71628, 73629]}", "profil_mensuel": "{\"labels\": [\"Jan\", \"F\\u00e9v\", \"Mar\", \"Avr\", \"Mai\", \"Jun\", \"Jul\", \"Ao\\u00fb\", \"Sep\", \"Oct\", \"Nov\", \"D\\u00e9c\"], \"values\": [5404.2, 5452.6, 5273.1, 5334.8, 5638.2, 4787.0, 5584.1, 5730.0, 5170.6, 5733.6, 5558.3, 4195.4]}"}}, {"type": "Feature", "geometry": {"type": "Point", "coordinates": [-73.7466698, 45.4925062]}, "properties": {"site": "23287170", "intervenant": "FINITION ULTRASPEC INC.", "nature": "EGOU", "secteur": "population", "volume_annuel_moyen_m3": 20863, "volumes_annuels": "{\"labels\": [\"2001\", \"2002\", \"2003\", \"2004\", \"2005\", \"2006\", \"2007\", \"2008\", \"2009\", \"2010\", \"2011\", \"2012\", \"2013\", \"2014\", \"2015\", \"2016\", \"2017\", \"2018\", \"2019\", \"2020\", \"2021\", \"2022\", \"2023\", \"2024\"], \"values\": [19725, 19878, 19926, 19952, 19965, 19996, 19979, 20014, 20191, 20316, 20421, 20057, 21202, 21322, 20346, 21739, 21099, 21163, 21623, 22368, 22116, 21735, 22299, 23269]}", "profil_mensuel": "{\"labels\": [\"Jan\", \"F\\u00e9v\", \"Mar\", \"Avr\", \"Mai\", \"Jun\", \"Jul\", \"Ao\\u00fb\", \"Sep\", \"Oct\", \"Nov\", \"D\\u00e9c\"], \"values\": [1818.7, 1754.4, 1688.3, 1706.6, 1795.1, 1523.3, 1787.4, 1831.7, 1649.9, 1836.4, 1781.1, 1689.6]}"}}, {"type": "Feature", "geometry": {"type": "Point", "coordinates": [-73.715976, 45.589694]}, "properties": {"site": "90511148", "intervenant": "Amrize Canada Inc.", "nature": "EGOU", "secteur": "population", "volume_annuel_moyen_m3": 5212, "volumes_annuels": "{\"labels\": [\"2001\", \"2002\", \"2003\", \"2004\", \"2005\", \"2006\", \"2007\", \"2008\", \"2009\", \"2010\", \"2011\", \"2012\", \"2013\", \"2014\", \"2015\", \"2016\", \"2017\", \"2018\", \"2019\", \"2020\", \"2021\", \"2022\", \"2023\", \"2024\"], \"values\": [4506, 4557, 4612, 4668, 4723, 4788, 4859, 4949, 5039, 5137, 5221, 5087, 5382, 5449, 5312, 5600, 5513, 5412, 5485, 5726, 5803, 5659, 5712, 5887]}", "profil_mensuel": "{\"labels\": [\"Jan\", \"F\\u00e9v\", \"Mar\", \"Avr\", \"Mai\", \"Jun\", \"Jul\", \"Ao\\u00fb\", \"Sep\", \"Oct\", \"Nov\", \"D\\u00e9c\"], \"values\": [101.6, 95.4, 109.5, 347.0, 526.1, 600.1, 673.6, 658.1, 612.4, 754.2, 291.7, 442.1]}"}}, {"type": "Feature", "geometry": {"type": "Point", "coordinates": [-73.0370717651, 45.3994845571]}, "properties": {"site": "X1600654", "intervenant": "LES BETONS DU COTEAU LTEE", "nature": "NATU", "secteur": "autre", "volume_annuel_moyen_m3": 1302, "volumes_annuels": "{\"labels\": [\"2001\", \"2002\", \"2003\", \"2004\", \"2005\", \"2006\", \"2007\", \"2008\", \"2009\", \"2010\", \"2011\", \"2012\", \"2013\", \"2014\", \"2015\", \"2016\", \"2017\", \"2018\", \"2019\", \"2020\", \"2021\", \"2022\", \"2023\", \"2024\"], \"values\": [1346, 1385, 1353, 1304, 1381, 1346, 1343, 1315, 1181, 1238, 1246, 1177, 1200, 1295, 1252, 1330, 1289, 1305, 1301, 1279, 1341, 1345, 1340, 1344]}", "profil_mensuel": "{\"labels\": [\"Jan\", \"F\\u00e9v\", \"Mar\", \"Avr\", \"Mai\", \"Jun\", \"Jul\", \"Ao\\u00fb\", \"Sep\", \"Oct\", \"Nov\", \"D\\u00e9c\"], \"values\": [15.3, 53.1, 42.2, 37.7, 22.3, 89.6, 67.8, 10.0, 20.0, 10.5, 28.7, 36.6]}"}}, {"type": "Feature", "geometry": {"type": "Point", "coordinates": [-74.155452, 45.271106]}, "properties": {"site": "X1600622", "intervenant": "BAU-VAL INC.", "nature": "NATU", "secteur": "autre", "volume_annuel_moyen_m3": 2751238, "volumes_annuels": "{\"labels\": [\"2001\", \"2002\", \"2003\", \"2004\", \"2005\", \"2006\", \"2007\", \"2008\", \"2009\", \"2010\", \"2011\", \"2012\", \"2013\", \"2014\", \"2015\", \"2016\", \"2017\", \"2018\", \"2019\", \"2020\", \"2021\", \"2022\", \"2023\", \"2024\"], \"values\": [2879249, 2970661, 2890915, 2770452, 2950980, 2865669, 2854434, 2784936, 2465385, 2590673, 2603319, 2471704, 2517207, 2723434, 2651089, 2824892, 2734966, 2757421, 2734731, 2663186, 2830769, 2853134, 2828480, 2812032]}", "profil_mensuel": "{\"labels\": [\"Jan\", \"F\\u00e9v\", \"Mar\", \"Avr\", \"Mai\", \"Jun\", \"Jul\", \"Ao\\u00fb\", \"Sep\", \"Oct\", \"Nov\", \"D\\u00e9c\"], \"values\": [232857.6, 266491.8, 274831.1, 264192.4, 233491.1, 226407.3, 221638.0, 298370.3, 202574.8, 177416.3, 166259.9, 186707.7]}"}}, {"type": "Feature", "geometry": {"type": "Point", "coordinates": [-73.719842752, 45.4918973147]}, "properties": {"site": "X2160263", "intervenant": "5N PLUS INC.", "nature": "EGOU", "secteur": "population", "volume_annuel_moyen_m3": 567, "volumes_annuels": "{\"labels\": [\"2001\", \"2002\", \"2003\", \"2004\", \"2005\", \"2006\", \"2007\", \"2008\", \"2009\", \"2010\", \"2011\", \"2012\", \"2013\", \"2014\", \"2015\", \"2016\", \"2017\", \"2018\", \"2019\", \"2020\", \"2021\", \"2022\", \"2023\", \"2024\"], \"values\": [535, 539, 540, 541, 541, 542, 542, 543, 548, 551, 554, 543, 576, 581, 556, 591, 579, 579, 589, 612, 601, 591, 605, 631]}", "profil_mensuel": "{\"labels\": [\"Jan\", \"F\\u00e9v\", \"Mar\", \"Avr\", \"Mai\", \"Jun\", \"Jul\", \"Ao\\u00fb\", \"Sep\", \"Oct\", \"Nov\", \"D\\u00e9c\"], \"values\": [17.8, 15.3, 32.9, 19.4, 37.3, 53.3, 75.7, 49.7, 57.4, 36.1, 145.8, 26.4]}"}}, {"type": "Feature", "geometry": {"type": "Point", "coordinates": [-71.15534, 48.321877]}, "properties": {"site": "54177746", "intervenant": "NIOBEC INC.", "nature": "NATU", "secteur": "mines", "volume_annuel_moyen_m3": 4871333, "volumes_annuels": "{\"labels\": [\"2001\", \"2002\", \"2003\", \"2004\", \"2005\", \"2006\", \"2007\", \"2008\", \"2009\", \"2010\", \"2011\", \"2012\", \"2013\", \"2014\", \"2015\", \"2016\", \"2017\", \"2018\", \"2019\", \"2020\", \"2021\", \"2022\", \"2023\", \"2024\"], \"values\": [4116749, 3967614, 4267548, 3698527, 3373515, 3346218, 3538407, 3662242, 3548282, 3677555, 3997241, 3870331, 4560017, 5313127, 5460010, 5860129, 6010710, 6250563, 6183248, 6138706, 6553779, 6193857, 6489142, 6834469]}", "profil_mensuel": "{\"labels\": [\"Jan\", \"F\\u00e9v\", \"Mar\", \"Avr\", \"Mai\", \"Jun\", \"Jul\", \"Ao\\u00fb\", \"Sep\", \"Oct\", \"Nov\", \"D\\u00e9c\"], \"values\": [394508.6, 422091.9, 493974.0, 452089.7, 387228.2, 360765.2, 421241.0, 380941.2, 337704.0, 379813.5, 394745.1, 446230.4]}"}}, {"type": "Feature", "geometry": {"type": "Point", "coordinates": [-71.96737, 45.40628]}, "properties": {"site": "X2140368", "intervenant": "Les produits industriels de haute température Pyrotek Inc.", "nature": "EGOU", "secteur": "population", "volume_annuel_moyen_m3": 761, "volumes_annuels": "{\"labels\": [\"2001\", \"2002\", \"2003\", \"2004\", \"2005\", \"2006\", \"2007\", \"2008\", \"2009\", \"2010\", \"2011\", \"2012\", \"2013\", \"2014\", \"2015\", \"2016\", \"2017\", \"2018\", \"2019\", \"2020\", \"2021\", \"2022\", \"2023\", \"2024\"], \"values\": [676, 684, 693, 700, 705, 711, 715, 721, 729, 738, 747, 734, 776, 782, 747, 803, 779, 777, 793, 831, 851, 845, 853, 874]}", "profil_mensuel": "{\"labels\": [\"Jan\", \"F\\u00e9v\", \"Mar\", \"Avr\", \"Mai\", \"Jun\", \"Jul\", \"Ao\\u00fb\", \"Sep\", \"Oct\", \"Nov\", \"D\\u00e9c\"], \"values\": [64.1, 64.7, 63.0, 63.3, 67.3, 56.9, 66.7, 68.4, 61.8, 68.5, 65.9, 50.3]}"}}, {"type": "Feature", "geometry": {"type": "Point", "coordinates": [-71.36267618, 46.91984984]}, "properties": {"site": "X2202620", "intervenant": "Coulombe Québec limitée", "nature": "NATU", "secteur": "autre", "volume_annuel_moyen_m3": 572, "volumes_annuels": "{\"labels\": [\"2001\", \"2002\", \"2003\", \"2004\", \"2005\", \"2006\", \"2007\", \"2008\", \"2009\", \"2010\", \"2011\", \"2012\", \"2013\", \"2014\", \"2015\", \"2016\", \"2017\", \"2018\", \"2019\", \"2020\", \"2021\", \"2022\", \"2023\", \"2024\"], \"values\": [589, 607, 591, 566, 603, 586, 584, 569, 504, 530, 532, 520, 535, 584, 551, 609, 572, 585, 575, 567, 595, 595, 597, 575]}", "profil_mensuel": "{\"labels\": [\"Jan\", \"F\\u00e9v\", \"Mar\", \"Avr\", \"Mai\", \"Jun\", \"Jul\", \"Ao\\u00fb\", \"Sep\", \"Oct\", \"Nov\", \"D\\u00e9c\"], \"values\": [0.0, 0.0, 0.0, 0.0, 0.0, 0.0, 0.0, 0.0, 0.0, 0.0, 160.1, 411.7]}"}}, {"type": "Feature", "geometry": {"type": "Point", "coordinates": [-75.31573, 46.22268]}, "properties": {"site": "54265962", "intervenant": "GRAPHITE NORDIQUE INC.", "nature": "NATU", "secteur": "mines", "volume_annuel_moyen_m3": 1622217, "volumes_annuels": "{\"labels\": [\"2001\", \"2002\", \"2003\", \"2004\", \"2005\", \"2006\", \"2007\", \"2008\", \"2009\", \"2010\", \"2011\", \"2012\", \"2013\", \"2014\", \"2015\", \"2016\", \"2017\", \"2018\", \"2019\", \"2020\", \"2021\", \"2022\", \"2023\", \"2024\"], \"values\": [1375197, 1325379, 1425572, 1235491, 1126920, 1117802, 1182003, 1223370, 1185301, 1228485, 1335276, 1281081, 1501452, 1757998, 1824860, 1930014, 2009344, 2076759, 2057902, 2048622, 2187348, 2061519, 2152469, 2283050]}", "profil_mensuel": "{\"labels\": [\"Jan\", \"F\\u00e9v\", \"Mar\", \"Avr\", \"Mai\", \"Jun\", \"Jul\", \"Ao\\u00fb\", \"Sep\", \"Oct\", \"Nov\", \"D\\u00e9c\"], \"values\": [109391.7, 70488.2, 118135.8, 135345.4, 99266.2, 217813.0, 195735.1, 222513.2, 127723.4, 104503.1, 95865.7, 125436.4]}"}}, {"type": "Feature", "geometry": {"type": "Point", "coordinates": [-70.863, 46.60125]}, "properties": {"site": "21589635", "intervenant": "Soucy Belgen Sainte-Claire inc.", "nature": "EGOU", "secteur": "population", "volume_annuel_moyen_m3": 6536, "volumes_annuels": "{\"labels\": [\"2001\", \"2002\", \"2003\", \"2004\", \"2005\", \"2006\", \"2007\", \"2008\", \"2009\", \"2010\", \"2011\", \"2012\", \"2013\", \"2014\", \"2015\", \"2016\", \"2017\", \"2018\", \"2019\", \"2020\", \"2021\", \"2022\", \"2023\", \"2024\"], \"values\": [6274, 6270, 6300, 6190, 6172, 6113, 6229, 6278, 6288, 6451, 6610, 6274, 6532, 6593, 6518, 6613, 6729, 6556, 6658, 6932, 7065, 7017, 6963, 7248]}", "profil_mensuel": "{\"labels\": [\"Jan\", \"F\\u00e9v\", \"Mar\", \"Avr\", \"Mai\", \"Jun\", \"Jul\", \"Ao\\u00fb\", \"Sep\", \"Oct\", \"Nov\", \"D\\u00e9c\"], \"values\": [130.1, 70.2, 84.2, 166.9, 697.6, 708.9, 1984.8, 818.4, 909.6, 550.8, 262.0, 152.8]}"}}, {"type": "Feature", "geometry": {"type": "Point", "coordinates": [-73.4238, 45.7065]}, "properties": {"site": "52192812", "intervenant": "GREENFIELD GLOBAL QUEBEC INC.", "nature": "NATU", "secteur": "autre", "volume_annuel_moyen_m3": 63532, "volumes_annuels": "{\"labels\": [\"2001\", \"2002\", \"2003\", \"2004\", \"2005\", \"2006\", \"2007\", \"2008\", \"2009\", \"2010\", \"2011\", \"2012\", \"2013\", \"2014\", \"2015\", \"2016\", \"2017\", \"2018\", \"2019\", \"2020\", \"2021\", \"2022\", \"2023\", \"2024\"], \"values\": [66553, 68666, 66822, 64038, 68211, 66239, 65979, 64373, 56986, 59882, 60175, 56900, 58029, 62808, 61276, 65096, 63254, 63655, 63077, 61474, 65285, 65714, 65276, 64999]}", "profil_mensuel": "{\"labels\": [\"Jan\", \"F\\u00e9v\", \"Mar\", \"Avr\", \"Mai\", \"Jun\", \"Jul\", \"Ao\\u00fb\", \"Sep\", \"Oct\", \"Nov\", \"D\\u00e9c\"], \"values\": [2479.1, 2142.3, 2285.8, 2963.5, 2802.2, 2875.7, 3511.9, 2746.6, 2655.2, 2800.4, 2368.5, 2134.7]}"}}, {"type": "Feature", "geometry": {"type": "Point", "coordinates": [-74.202552, 45.272013]}, "properties": {"site": "X1606220", "intervenant": "GROUPE COLAS QUÉBEC INC.", "nature": "NATU", "secteur": "autre", "volume_annuel_moyen_m3": 1395413, "volumes_annuels": "{\"labels\": [\"2001\", \"2002\", \"2003\", \"2004\", \"2005\", \"2006\", \"2007\", \"2008\", \"2009\", \"2010\", \"2011\", \"2012\", \"2013\", \"2014\", \"2015\", \"2016\", \"2017\", \"2018\", \"2019\", \"2020\", \"2021\", \"2022\", \"2023\", \"2024\"], \"values\": [1462888, 1509332, 1468815, 1407610, 1499333, 1455988, 1450280, 1414969, 1252612, 1316268, 1322693, 1254499, 1279480, 1378736, 1342438, 1427689, 1379699, 1398611, 1386868, 1345362, 1430454, 1446324, 1430232, 1428736]}", "profil_mensuel": "{\"labels\": [\"Jan\", \"F\\u00e9v\", \"Mar\", \"Avr\", \"Mai\", \"Jun\", \"Jul\", \"Ao\\u00fb\", \"Sep\", \"Oct\", \"Nov\", \"D\\u00e9c\"], \"values\": [188283.6, 134027.7, 181690.6, 160595.3, 170044.5, 98969.2, 126309.4, 117536.1, 84124.3, 40890.0, 34163.1, 58779.3]}"}}, {"type": "Feature", "geometry": {"type": "Point", "coordinates": [-73.6170706, 46.6024634]}, "properties": {"site": "X2095223", "intervenant": "9020-2516 QUÉBEC INC.", "nature": "EGOU", "secteur": "population", "volume_annuel_moyen_m3": 237354, "volumes_annuels": "{\"labels\": [\"2001\", \"2002\", \"2003\", \"2004\", \"2005\", \"2006\", \"2007\", \"2008\", \"2009\", \"2010\", \"2011\", \"2012\", \"2013\", \"2014\", \"2015\", \"2016\", \"2017\", \"2018\", \"2019\", \"2020\", \"2021\", \"2022\", \"2023\", \"2024\"], \"values\": [189887, 189887, 189887, 189887, 189887, 189887, 189887, 189887, 189887, 189887, 189887, 184960, 194142, 194421, 184954, 196814, 226161, 259141, 297432, 345544, 388622, 378409, 339387, 417751]}", "profil_mensuel": "{\"labels\": [\"Jan\", \"F\\u00e9v\", \"Mar\", \"Avr\", \"Mai\", \"Jun\", \"Jul\", \"Ao\\u00fb\", \"Sep\", \"Oct\", \"Nov\", \"D\\u00e9c\"], \"values\": [19347.5, 19542.6, 19923.9, 22523.0, 19336.2, 19030.2, 19102.2, 19685.5, 19441.3, 19669.3, 19965.9, 19786.2]}"}}, {"type": "Feature", "geometry": {"type": "Point", "coordinates": [-73.828392, 45.622114]}, "properties": {"site": "90501867", "intervenant": "MARQUES CONAGRA CANADA INC.", "nature": "EGOU", "secteur": "population", "volume_annuel_moyen_m3": 82138, "volumes_annuels": "{\"labels\": [\"2001\", \"2002\", \"2003\", \"2004\", \"2005\", \"2006\", \"2007\", \"2008\", \"2009\", \"2010\", \"2011\", \"2012\", \"2013\", \"2014\", \"2015\", \"2016\", \"2017\", \"2018\", \"2019\", \"2020\", \"2021\", \"2022\", \"2023\", \"2024\"], \"values\": [82016, 81523, 80973, 81069, 80651, 80414, 80357, 80065, 80474, 80862, 81411, 79408, 83370, 83257, 79883, 83555, 79189, 78419, 80271, 84633, 87783, 86322, 86945, 88459]}", "profil_mensuel": "{\"labels\": [\"Jan\", \"F\\u00e9v\", \"Mar\", \"Avr\", \"Mai\", \"Jun\", \"Jul\", \"Ao\\u00fb\", \"Sep\", \"Oct\", \"Nov\", \"D\\u00e9c\"], \"values\": [7409.9, 6217.0, 7180.3, 6882.3, 9372.0, 6889.0, 7137.8, 5531.3, 6987.2, 7867.2, 5790.8, 4872.9]}"}}, {"type": "Feature", "geometry": {"type": "Point", "coordinates": [-73.181049, 46.086222]}, "properties": {"site": "X1400003", "intervenant": "OLYMEL S.E.C.", "nature": "EGOU", "secteur": "population", "volume_annuel_moyen_m3": 278768, "volumes_annuels": "{\"labels\": [\"2001\", \"2002\", \"2003\", \"2004\", \"2005\", \"2006\", \"2007\", \"2008\", \"2009\", \"2010\", \"2011\", \"2012\", \"2013\", \"2014\", \"2015\", \"2016\", \"2017\", \"2018\", \"2019\", \"2020\", \"2021\", \"2022\", \"2023\", \"2024\"], \"values\": [266430, 266230, 263166, 266164, 263965, 268429, 266963, 268762, 272160, 274692, 274092, 267448, 283549, 284713, 273010, 289880, 282833, 281731, 286168, 297111, 301982, 293979, 294178, 302807]}", "profil_mensuel": "{\"labels\": [\"Jan\", \"F\\u00e9v\", \"Mar\", \"Avr\", \"Mai\", \"Jun\", \"Jul\", \"Ao\\u00fb\", \"Sep\", \"Oct\", \"Nov\", \"D\\u00e9c\"], \"values\": [22169.4, 21216.1, 22209.0, 23786.8, 22946.5, 20335.6, 27717.9, 25928.6, 22777.9, 25019.9, 23775.5, 20885.3]}"}}, {"type": "Feature", "geometry": {"type": "Point", "coordinates": [-72.314849, 45.490995]}, "properties": {"site": "53858882", "intervenant": "BOMBARDIER PRODUITS RÉCRÉATIFS INC.", "nature": "EGOU", "secteur": "population", "volume_annuel_moyen_m3": 42321, "volumes_annuels": "{\"labels\": [\"2001\", \"2002\", \"2003\", \"2004\", \"2005\", \"2006\", \"2007\", \"2008\", \"2009\", \"2010\", \"2011\", \"2012\", \"2013\", \"2014\", \"2015\", \"2016\", \"2017\", \"2018\", \"2019\", \"2020\", \"2021\", \"2022\", \"2023\", \"2024\"], \"values\": [45731, 45096, 44517, 44031, 43993, 43937, 43975, 43676, 44311, 43302, 43788, 42218, 43038, 42782, 39780, 42034, 39749, 38985, 38792, 40134, 40947, 40364, 40331, 40199]}", "profil_mensuel": "{\"labels\": [\"Jan\", \"F\\u00e9v\", \"Mar\", \"Avr\", \"Mai\", \"Jun\", \"Jul\", \"Ao\\u00fb\", \"Sep\", \"Oct\", \"Nov\", \"D\\u00e9c\"], \"values\": [846.2, 853.0, 864.5, 835.6, 837.1, 924.1, 573.2, 874.4, 996.6, 967.6, 1000.3, 1007.5]}"}}, {"type": "Feature", "geometry": {"type": "Point", "coordinates": [-78.060719139, 48.1096704614]}, "properties": {"site": "X2108923", "intervenant": "MINES AGNICO EAGLE LIMITÉE", "nature": "NATU", "secteur": "mines", "volume_annuel_moyen_m3": 6378878, "volumes_annuels": "{\"labels\": [\"2001\", \"2002\", \"2003\", \"2004\", \"2005\", \"2006\", \"2007\", \"2008\", \"2009\", \"2010\", \"2011\", \"2012\", \"2013\", \"2014\", \"2015\", \"2016\", \"2017\", \"2018\", \"2019\", \"2020\", \"2021\", \"2022\", \"2023\", \"2024\"], \"values\": [5405112, 5209304, 5603105, 4856005, 4429278, 4393438, 4645774, 4808364, 4658740, 4828470, 5248203, 5015934, 5888962, 6877698, 7249663, 7577026, 7969397, 8155174, 8083166, 8026311, 8608167, 8127484, 8454940, 8973360]}", "profil_mensuel": "{\"labels\": [\"Jan\", \"F\\u00e9v\", \"Mar\", \"Avr\", \"Mai\", \"Jun\", \"Jul\", \"Ao\\u00fb\", \"Sep\", \"Oct\", \"Nov\", \"D\\u00e9c\"], \"values\": [126674.0, 271342.5, 511832.2, 609373.0, 616650.7, 529755.8, 837379.4, 1152372.5, 821958.4, 474226.4, 314767.7, 112545.8]}"}}, {"type": "Feature", "geometry": {"type": "Point", "coordinates": [-73.343941, 45.455233]}, "properties": {"site": "X1606497", "intervenant": "CONSTRUCTION DJL INC.", "nature": "NATU", "secteur": "autre", "volume_annuel_moyen_m3": 236465, "volumes_annuels": "{\"labels\": [\"2001\", \"2002\", \"2003\", \"2004\", \"2005\", \"2006\", \"2007\", \"2008\", \"2009\", \"2010\", \"2011\", \"2012\", \"2013\", \"2014\", \"2015\", \"2016\", \"2017\", \"2018\", \"2019\", \"2020\", \"2021\", \"2022\", \"2023\", \"2024\"], \"values\": [248080, 255956, 249085, 238705, 254260, 246909, 245941, 239953, 212420, 223215, 224305, 212337, 216487, 234231, 227710, 246215, 235035, 234939, 234397, 225132, 240907, 242797, 243862, 242288]}", "profil_mensuel": "{\"labels\": [\"Jan\", \"F\\u00e9v\", \"Mar\", \"Avr\", \"Mai\", \"Jun\", \"Jul\", \"Ao\\u00fb\", \"Sep\", \"Oct\", \"Nov\", \"D\\u00e9c\"], \"values\": [3379.1, 35191.7, 115.6, 23846.3, 6642.1, 6138.8, 2855.2, 7397.5, 21838.1, 5323.8, 1436.9, 4067.4]}"}}, {"type": "Feature", "geometry": {"type": "Point", "coordinates": [-71.962404, 45.748257]}, "properties": {"site": "X2102558", "intervenant": "9190-4805 QUÉBEC INC.", "nature": "NATU", "secteur": "autre", "volume_annuel_moyen_m3": 50981, "volumes_annuels": "{\"labels\": [\"2001\", \"2002\", \"2003\", \"2004\", \"2005\", \"2006\", \"2007\", \"2008\", \"2009\", \"2010\", \"2011\", \"2012\", \"2013\", \"2014\", \"2015\", \"2016\", \"2017\", \"2018\", \"2019\", \"2020\", \"2021\", \"2022\", \"2023\", \"2024\"], \"values\": [53302, 54995, 53518, 51288, 54630, 53051, 52843, 51556, 45641, 47960, 48194, 45730, 46671, 50560, 49142, 52444, 50736, 51132, 50682, 49474, 52519, 52910, 52509, 52058]}", "profil_mensuel": "{\"labels\": [\"Jan\", \"F\\u00e9v\", \"Mar\", \"Avr\", \"Mai\", \"Jun\", \"Jul\", \"Ao\\u00fb\", \"Sep\", \"Oct\", \"Nov\", \"D\\u00e9c\"], \"values\": [3176.9, 3579.0, 6210.5, 4621.5, 4106.4, 4260.4, 4551.0, 4061.0, 3896.7, 4062.6, 4332.7, 4122.5]}"}}, {"type": "Feature", "geometry": {"type": "Point", "coordinates": [-74.284016, 45.638804]}, "properties": {"site": "X1500194", "intervenant": "13014797 CANADA INC.", "nature": "NATU", "secteur": "autre", "volume_annuel_moyen_m3": 165232, "volumes_annuels": "{\"labels\": [\"2001\", \"2002\", \"2003\", \"2004\", \"2005\", \"2006\", \"2007\", \"2008\", \"2009\", \"2010\", \"2011\", \"2012\", \"2013\", \"2014\", \"2015\", \"2016\", \"2017\", \"2018\", \"2019\", \"2020\", \"2021\", \"2022\", \"2023\", \"2024\"], \"values\": [172678, 178161, 173378, 166153, 176980, 171864, 171190, 167022, 147857, 155371, 156130, 148545, 151841, 163952, 159336, 170827, 164403, 165857, 164005, 159783, 170058, 171286, 170247, 168647]}", "profil_mensuel": "{\"labels\": [\"Jan\", \"F\\u00e9v\", \"Mar\", \"Avr\", \"Mai\", \"Jun\", \"Jul\", \"Ao\\u00fb\", \"Sep\", \"Oct\", \"Nov\", \"D\\u00e9c\"], \"values\": [13855.5, 14810.2, 16557.0, 13958.8, 17514.9, 10646.1, 10039.2, 10739.9, 16251.5, 13900.5, 15946.9, 11011.5]}"}}, {"type": "Feature", "geometry": {"type": "Point", "coordinates": [-73.647922669, 45.6264278436]}, "properties": {"site": "X2162263", "intervenant": "Montpak International inc.", "nature": "EGOU", "secteur": "population", "volume_annuel_moyen_m3": 29725, "volumes_annuels": "{\"labels\": [\"2001\", \"2002\", \"2003\", \"2004\", \"2005\", \"2006\", \"2007\", \"2008\", \"2009\", \"2010\", \"2011\", \"2012\", \"2013\", \"2014\", \"2015\", \"2016\", \"2017\", \"2018\", \"2019\", \"2020\", \"2021\", \"2022\", \"2023\", \"2024\"], \"values\": [25625, 25919, 26227, 26546, 26860, 27231, 27636, 28144, 28656, 29214, 29696, 29313, 31089, 31360, 30052, 32257, 31190, 30983, 31382, 32615, 32964, 32333, 32635, 33481]}", "profil_mensuel": "{\"labels\": [\"Jan\", \"F\\u00e9v\", \"Mar\", \"Avr\", \"Mai\", \"Jun\", \"Jul\", \"Ao\\u00fb\", \"Sep\", \"Oct\", \"Nov\", \"D\\u00e9c\"], \"values\": [2505.6, 2365.1, 2567.2, 2392.7, 2495.0, 2372.7, 2471.1, 2535.8, 2435.4, 2537.4, 2493.9, 2553.5]}"}}, {"type": "Feature", "geometry": {"type": "Point", "coordinates": [-71.129951, 48.412331]}, "properties": {"site": "52978491", "intervenant": "ELKEM MÉTAL CANADA INC.", "nature": "NATU", "secteur": "autre", "volume_annuel_moyen_m3": 113080, "volumes_annuels": "{\"labels\": [\"2001\", \"2002\", \"2003\", \"2004\", \"2005\", \"2006\", \"2007\", \"2008\", \"2009\", \"2010\", \"2011\", \"2012\", \"2013\", \"2014\", \"2015\", \"2016\", \"2017\", \"2018\", \"2019\", \"2020\", \"2021\", \"2022\", \"2023\", \"2024\"], \"values\": [116567, 117256, 115494, 113209, 115432, 113815, 113648, 112817, 107896, 110063, 110539, 107035, 111313, 114454, 109801, 116835, 112186, 111138, 110934, 112234, 115451, 114561, 114953, 116294]}", "profil_mensuel": "{\"labels\": [\"Jan\", \"F\\u00e9v\", \"Mar\", \"Avr\", \"Mai\", \"Jun\", \"Jul\", \"Ao\\u00fb\", \"Sep\", \"Oct\", \"Nov\", \"D\\u00e9c\"], \"values\": [4800.6, 4371.9, 4910.3, 4587.9, 4547.1, 4551.2, 4738.1, 4853.9, 4665.9, 4856.9, 4770.3, 4886.0]}"}}, {"type": "Feature", "geometry": {"type": "Point", "coordinates": [-72.5165018696, 45.8869769115]}, "properties": {"site": "X1700117", "intervenant": "CASCADES CANADA ULC", "nature": "EGOU", "secteur": "population", "volume_annuel_moyen_m3": 38267, "volumes_annuels": "{\"labels\": [\"2001\", \"2002\", \"2003\", \"2004\", \"2005\", \"2006\", \"2007\", \"2008\", \"2009\", \"2010\", \"2011\", \"2012\", \"2013\", \"2014\", \"2015\", \"2016\", \"2017\", \"2018\", \"2019\", \"2020\", \"2021\", \"2022\", \"2023\", \"2024\"], \"values\": [33529, 33780, 34286, 34694, 35192, 35445, 35745, 36304, 36821, 37321, 37830, 37173, 39347, 39702, 38102, 40917, 39740, 39351, 39781, 41535, 42616, 42147, 42933, 44117]}", "profil_mensuel": "{\"labels\": [\"Jan\", \"F\\u00e9v\", \"Mar\", \"Avr\", \"Mai\", \"Jun\", \"Jul\", \"Ao\\u00fb\", \"Sep\", \"Oct\", \"Nov\", \"D\\u00e9c\"], \"values\": [3343.5, 2933.6, 3276.0, 3157.4, 3040.0, 3130.5, 3297.8, 3236.3, 3066.6, 3386.1, 3139.7, 3259.4]}"}}, {"type": "Feature", "geometry": {"type": "Point", "coordinates": [-67.37211, 52.343897]}, "properties": {"site": "90510397", "intervenant": "ArcelorMittal Exploitation Minière Canada s.e.n.c.", "nature": "NATU", "secteur": "mines", "volume_annuel_moyen_m3": 1868177, "volumes_annuels": "{\"labels\": [\"2001\", \"2002\", \"2003\", \"2004\", \"2005\", \"2006\", \"2007\", \"2008\", \"2009\", \"2010\", \"2011\", \"2012\", \"2013\", \"2014\", \"2015\", \"2016\", \"2017\", \"2018\", \"2019\", \"2020\", \"2021\", \"2022\", \"2023\", \"2024\"], \"values\": [1591493, 1533839, 1649791, 1429813, 1304166, 1293614, 1367912, 1415785, 1371730, 1421705, 1545293, 1457378, 1725892, 2007463, 2111820, 2231739, 2299318, 2381316, 2358208, 2334578, 2517057, 2361951, 2482251, 2642136]}", "profil_mensuel": "{\"labels\": [\"Jan\", \"F\\u00e9v\", \"Mar\", \"Avr\", \"Mai\", \"Jun\", \"Jul\", \"Ao\\u00fb\", \"Sep\", \"Oct\", \"Nov\", \"D\\u00e9c\"], \"values\": [12144.6, 33662.2, 30201.7, 160471.4, 225310.5, 102405.4, 85640.9, 9788.2, 139836.1, 73653.9, 40368.2, 20605.4]}"}}, {"type": "Feature", "geometry": {"type": "Point", "coordinates": [-73.695013, 45.513772]}, "properties": {"site": "53859047", "intervenant": "BOMBARDIER INC.", "nature": "EGOU", "secteur": "population", "volume_annuel_moyen_m3": 146552, "volumes_annuels": "{\"labels\": [\"2001\", \"2002\", \"2003\", \"2004\", \"2005\", \"2006\", \"2007\", \"2008\", \"2009\", \"2010\", \"2011\", \"2012\", \"2013\", \"2014\", \"2015\", \"2016\", \"2017\", \"2018\", \"2019\", \"2020\", \"2021\", \"2022\", \"2023\", \"2024\"], \"values\": [138564, 139642, 139977, 140163, 140255, 140468, 140353, 140597, 141838, 142719, 143454, 140826, 148834, 149797, 142898, 152769, 148189, 148616, 151875, 157179, 155422, 152677, 156675, 163463]}", "profil_mensuel": "{\"labels\": [\"Jan\", \"F\\u00e9v\", \"Mar\", \"Avr\", \"Mai\", \"Jun\", \"Jul\", \"Ao\\u00fb\", \"Sep\", \"Oct\", \"Nov\", \"D\\u00e9c\"], \"values\": [6077.9, 6131.0, 6222.2, 6000.9, 6052.7, 5952.4, 5997.1, 6148.5, 6104.1, 6152.3, 6246.7, 6190.2]}"}}, {"type": "Feature", "geometry": {"type": "Point", "coordinates": [-72.74913, 46.56675]}, "properties": {"site": "26241968", "intervenant": "LA COMPAGNIE COMMONWEALTH PLYWOOD LTÉE", "nature": "EGOU", "secteur": "population", "volume_annuel_moyen_m3": 6029, "volumes_annuels": "{\"labels\": [\"2001\", \"2002\", \"2003\", \"2004\", \"2005\", \"2006\", \"2007\", \"2008\", \"2009\", \"2010\", \"2011\", \"2012\", \"2013\", \"2014\", \"2015\", \"2016\", \"2017\", \"2018\", \"2019\", \"2020\", \"2021\", \"2022\", \"2023\", \"2024\"], \"values\": [6293, 6233, 6213, 6210, 6205, 6176, 6167, 6126, 6073, 6027, 5972, 5798, 6065, 6051, 5728, 6081, 5794, 5673, 5685, 5903, 6067, 6002, 6032, 6132]}", "profil_mensuel": "{\"labels\": [\"Jan\", \"F\\u00e9v\", \"Mar\", \"Avr\", \"Mai\", \"Jun\", \"Jul\", \"Ao\\u00fb\", \"Sep\", \"Oct\", \"Nov\", \"D\\u00e9c\"], \"values\": [500.4, 504.5, 511.5, 494.1, 498.2, 490.2, 493.8, 505.7, 502.4, 506.1, 513.5, 509.0]}"}}, {"type": "Feature", "geometry": {"type": "Point", "coordinates": [-61.959685, 47.3725519444]}, "properties": {"site": "90280322", "intervenant": "LES FRUITS DE MER MADELEINE INC.", "nature": "NATU", "secteur": "autre", "volume_annuel_moyen_m3": 35108, "volumes_annuels": "{\"labels\": [\"2001\", \"2002\", \"2003\", \"2004\", \"2005\", \"2006\", \"2007\", \"2008\", \"2009\", \"2010\", \"2011\", \"2012\", \"2013\", \"2014\", \"2015\", \"2016\", \"2017\", \"2018\", \"2019\", \"2020\", \"2021\", \"2022\", \"2023\", \"2024\"], \"values\": [37068, 38245, 37219, 35668, 37992, 36894, 36749, 35854, 31740, 33353, 33516, 30614, 31467, 34217, 33945, 35913, 34640, 34637, 34618, 33554, 36250, 36129, 36109, 36203]}", "profil_mensuel": "{\"labels\": [\"Jan\", \"F\\u00e9v\", \"Mar\", \"Avr\", \"Mai\", \"Jun\", \"Jul\", \"Ao\\u00fb\", \"Sep\", \"Oct\", \"Nov\", \"D\\u00e9c\"], \"values\": [0.0, 0.0, 416.7, 11718.3, 8221.6, 3778.0, 922.7, 1777.2, 5652.2, 2386.3, 235.1, 0.0]}"}}, {"type": "Feature", "geometry": {"type": "Point", "coordinates": [-74.079777, 45.277935]}, "properties": {"site": "53966255", "intervenant": "GENERAL DYNAMICS PRODUITS DE DÉFENSE ET SYSTÈMES TACTIQUES- CANADA VALLEYFIELD INC.", "nature": "EGOU", "secteur": "population", "volume_annuel_moyen_m3": 566112, "volumes_annuels": "{\"labels\": [\"2001\", \"2002\", \"2003\", \"2004\", \"2005\", \"2006\", \"2007\", \"2008\", \"2009\", \"2010\", \"2011\", \"2012\", \"2013\", \"2014\", \"2015\", \"2016\", \"2017\", \"2018\", \"2019\", \"2020\", \"2021\", \"2022\", \"2023\", \"2024\"], \"values\": [547457, 548062, 549712, 549396, 548750, 547952, 550111, 550400, 551761, 552311, 555749, 538885, 567550, 571426, 548299, 581175, 563622, 554331, 562963, 590060, 608507, 601573, 612851, 633796]}", "profil_mensuel": "{\"labels\": [\"Jan\", \"F\\u00e9v\", \"Mar\", \"Avr\", \"Mai\", \"Jun\", \"Jul\", \"Ao\\u00fb\", \"Sep\", \"Oct\", \"Nov\", \"D\\u00e9c\"], \"values\": [35856.1, 33832.7, 36702.0, 42252.7, 43539.1, 57314.3, 54729.3, 53568.6, 52274.4, 54553.8, 44867.0, 56622.5]}"}}, {"type": "Feature", "geometry": {"type": "Point", "coordinates": [-75.65059, 45.47541]}, "properties": {"site": "53968913", "intervenant": "PF RÉSOLU CANADA INC.", "nature": "NATU", "secteur": "papier", "volume_annuel_moyen_m3": 21487618, "volumes_annuels": "{\"labels\": [\"2001\", \"2002\", \"2003\", \"2004\", \"2005\", \"2006\", \"2007\", \"2008\", \"2009\", \"2010\", \"2011\", \"2012\", \"2013\", \"2014\", \"2015\", \"2016\", \"2017\", \"2018\", \"2019\", \"2020\", \"2021\", \"2022\", \"2023\", \"2024\"], \"values\": [30645858, 31839402, 30090474, 26460890, 30591566, 28406518, 28207149, 26004300, 19895955, 22101474, 21340490, 18852985, 17590789, 20140269, 19206941, 19852036, 17963303, 17300126, 15224676, 13807729, 14344096, 15299263, 16263858, 14272682]}", "profil_mensuel": "{\"labels\": [\"Jan\", \"F\\u00e9v\", \"Mar\", \"Avr\", \"Mai\", \"Jun\", \"Jul\", \"Ao\\u00fb\", \"Sep\", \"Oct\", \"Nov\", \"D\\u00e9c\"], \"values\": [2356464.7, 2218662.2, 1754489.7, 1654663.5, 1679640.8, 1645629.0, 1790512.2, 1834995.7, 1701641.2, 1677435.0, 1637295.3, 1536188.5]}"}}, {"type": "Feature", "geometry": {"type": "Point", "coordinates": [-74.632704, 47.927713]}, "properties": {"site": "54668983", "intervenant": "ARBEC, BOIS D'OEUVRE INC.", "nature": "EGOU", "secteur": "population", "volume_annuel_moyen_m3": 4129, "volumes_annuels": "{\"labels\": [\"2001\", \"2002\", \"2003\", \"2004\", \"2005\", \"2006\", \"2007\", \"2008\", \"2009\", \"2010\", \"2011\", \"2012\", \"2013\", \"2014\", \"2015\", \"2016\", \"2017\", \"2018\", \"2019\", \"2020\", \"2021\", \"2022\", \"2023\", \"2024\"], \"values\": [4564, 4447, 4368, 4334, 4302, 4267, 4205, 4149, 4115, 4092, 4061, 3927, 4096, 4091, 3892, 4109, 3937, 3887, 3898, 4048, 4137, 4049, 4053, 4068]}", "profil_mensuel": "{\"labels\": [\"Jan\", \"F\\u00e9v\", \"Mar\", \"Avr\", \"Mai\", \"Jun\", \"Jul\", \"Ao\\u00fb\", \"Sep\", \"Oct\", \"Nov\", \"D\\u00e9c\"], \"values\": [254.6, 354.5, 384.2, 359.3, 374.3, 356.5, 251.3, 379.9, 365.2, 380.1, 373.2, 296.0]}"}}, {"type": "Feature", "geometry": {"type": "Point", "coordinates": [-77.7680277778, 49.7194166667]}, "properties": {"site": "51951556", "intervenant": "GLENCORE CANADA CORPORATION", "nature": "NATU", "secteur": "autre", "volume_annuel_moyen_m3": 109, "volumes_annuels": "{\"labels\": [\"2001\", \"2002\", \"2003\", \"2004\", \"2005\", \"2006\", \"2007\", \"2008\", \"2009\", \"2010\", \"2011\", \"2012\", \"2013\", \"2014\", \"2015\", \"2016\", \"2017\", \"2018\", \"2019\", \"2020\", \"2021\", \"2022\", \"2023\", \"2024\"], \"values\": [115, 118, 115, 110, 118, 114, 114, 111, 98, 103, 104, 96, 99, 108, 104, 112, 107, 108, 108, 105, 112, 112, 113, 112]}", "profil_mensuel": "{\"labels\": [\"Jan\", \"F\\u00e9v\", \"Mar\", \"Avr\", \"Mai\", \"Jun\", \"Jul\", \"Ao\\u00fb\", \"Sep\", \"Oct\", \"Nov\", \"D\\u00e9c\"], \"values\": [6.8, 4.9, 6.0, 32.7, 4.9, 13.4, 6.7, 3.9, 7.8, 9.9, 5.0, 6.9]}"}}, {"type": "Feature", "geometry": {"type": "Point", "coordinates": [-73.6037681962, 45.5690593251]}, "properties": {"site": "X2129042", "intervenant": "CANSEW INC.", "nature": "EGOU", "secteur": "population", "volume_annuel_moyen_m3": 174255, "volumes_annuels": "{\"labels\": [\"2001\", \"2002\", \"2003\", \"2004\", \"2005\", \"2006\", \"2007\", \"2008\", \"2009\", \"2010\", \"2011\", \"2012\", \"2013\", \"2014\", \"2015\", \"2016\", \"2017\", \"2018\", \"2019\", \"2020\", \"2021\", \"2022\", \"2023\", \"2024\"], \"values\": [164672, 165953, 166351, 166572, 166681, 166934, 166797, 167087, 168563, 169610, 170483, 167438, 176976, 178115, 169817, 182117, 176037, 176593, 180495, 186925, 185267, 181800, 186586, 194262]}", "profil_mensuel": "{\"labels\": [\"Jan\", \"F\\u00e9v\", \"Mar\", \"Avr\", \"Mai\", \"Jun\", \"Jul\", \"Ao\\u00fb\", \"Sep\", \"Oct\", \"Nov\", \"D\\u00e9c\"], \"values\": [13222.4, 15560.4, 15791.8, 15955.1, 16824.2, 13668.4, 8697.7, 16347.8, 14754.4, 16357.7, 15854.0, 11221.8]}"}}, {"type": "Feature", "geometry": {"type": "Point", "coordinates": [-68.913233, 47.391633]}, "properties": {"site": "90532243", "intervenant": "Glendyne inc.", "nature": "NATU", "secteur": "autre", "volume_annuel_moyen_m3": 166846, "volumes_annuels": "{\"labels\": [\"2001\", \"2002\", \"2003\", \"2004\", \"2005\", \"2006\", \"2007\", \"2008\", \"2009\", \"2010\", \"2011\", \"2012\", \"2013\", \"2014\", \"2015\", \"2016\", \"2017\", \"2018\", \"2019\", \"2020\", \"2021\", \"2022\", \"2023\", \"2024\"], \"values\": [174395, 179932, 175102, 167806, 178740, 173573, 172892, 168683, 149328, 156916, 157682, 148930, 152017, 165015, 161590, 171450, 166682, 167211, 165845, 162312, 172554, 173302, 172024, 170324]}", "profil_mensuel": "{\"labels\": [\"Jan\", \"F\\u00e9v\", \"Mar\", \"Avr\", \"Mai\", \"Jun\", \"Jul\", \"Ao\\u00fb\", \"Sep\", \"Oct\", \"Nov\", \"D\\u00e9c\"], \"values\": [0.0, 8060.1, 16313.8, 15212.4, 16847.0, 14294.2, 15318.7, 16171.0, 14986.6, 16347.9, 15906.8, 17387.7]}"}}, {"type": "Feature", "geometry": {"type": "Point", "coordinates": [-72.77388, 45.44563]}, "properties": {"site": "NULL", "intervenant": "Groupe AllaireGince infrastructures inc.", "nature": "NATU", "secteur": "autre", "volume_annuel_moyen_m3": 84784625, "volumes_annuels": "{\"labels\": [\"2001\", \"2002\", \"2003\", \"2004\", \"2005\", \"2006\", \"2007\", \"2008\", \"2009\", \"2010\", \"2011\", \"2012\", \"2013\", \"2014\", \"2015\", \"2016\", \"2017\", \"2018\", \"2019\", \"2020\", \"2021\", \"2022\", \"2023\", \"2024\"], \"values\": [75793933, 73995921, 77422930, 69655934, 66195536, 65292268, 67844995, 69068988, 65438350, 67941612, 72636205, 69129206, 78023621, 89610387, 91860190, 96794612, 98977209, 103108845, 102351731, 102315317, 109026306, 102840023, 106872024, 112634851]}", "profil_mensuel": "{\"labels\": [\"Jan\", \"F\\u00e9v\", \"Mar\", \"Avr\", \"Mai\", \"Jun\", \"Jul\", \"Ao\\u00fb\", \"Sep\", \"Oct\", \"Nov\", \"D\\u00e9c\"], \"values\": [32531.1, 28413.9, 42121.0, 69058.1, 184924.9, 196280.7, 84652.7, 70600.3, 50694.8, 84427.7, 73988.9, 46994.1]}"}}, {"type": "Feature", "geometry": {"type": "Point", "coordinates": [-73.807137, 45.474284]}, "properties": {"site": "19436559", "intervenant": "DELPHARM MONTRÉAL INC.", "nature": "EGOU", "secteur": "population", "volume_annuel_moyen_m3": 38431, "volumes_annuels": "{\"labels\": [\"2001\", \"2002\", \"2003\", \"2004\", \"2005\", \"2006\", \"2007\", \"2008\", \"2009\", \"2010\", \"2011\", \"2012\", \"2013\", \"2014\", \"2015\", \"2016\", \"2017\", \"2018\", \"2019\", \"2020\", \"2021\", \"2022\", \"2023\", \"2024\"], \"values\": [36175, 36524, 36521, 36553, 36552, 36825, 36838, 37258, 37600, 37514, 37582, 36515, 38320, 38225, 36822, 39479, 38285, 38204, 39428, 41169, 41529, 41402, 42563, 44451]}", "profil_mensuel": "{\"labels\": [\"Jan\", \"F\\u00e9v\", \"Mar\", \"Avr\", \"Mai\", \"Jun\", \"Jul\", \"Ao\\u00fb\", \"Sep\", \"Oct\", \"Nov\", \"D\\u00e9c\"], \"values\": [2882.7, 2370.0, 3602.6, 4236.2, 3471.1, 3330.5, 3498.1, 3721.3, 3339.0, 2668.2, 2927.3, 2383.4]}"}}, {"type": "Feature", "geometry": {"type": "Point", "coordinates": [-71.2908100654, 46.7210360829]}, "properties": {"site": "11560620", "intervenant": "SANIMAX ACI INC.", "nature": "NATU", "secteur": "autre", "volume_annuel_moyen_m3": 321511, "volumes_annuels": "{\"labels\": [\"2001\", \"2002\", \"2003\", \"2004\", \"2005\", \"2006\", \"2007\", \"2008\", \"2009\", \"2010\", \"2011\", \"2012\", \"2013\", \"2014\", \"2015\", \"2016\", \"2017\", \"2018\", \"2019\", \"2020\", \"2021\", \"2022\", \"2023\", \"2024\"], \"values\": [336451, 347132, 337814, 323737, 344833, 334864, 333551, 325430, 288089, 302729, 304207, 288742, 294228, 318357, 309827, 330104, 320015, 322637, 319364, 311544, 330706, 332808, 330509, 328596]}", "profil_mensuel": "{\"labels\": [\"Jan\", \"F\\u00e9v\", \"Mar\", \"Avr\", \"Mai\", \"Jun\", \"Jul\", \"Ao\\u00fb\", \"Sep\", \"Oct\", \"Nov\", \"D\\u00e9c\"], \"values\": [27795.9, 24236.2, 22721.7, 23510.8, 27003.3, 29684.0, 30888.4, 29723.1, 24361.1, 27503.3, 28383.6, 25700.1]}"}}, {"type": "Feature", "geometry": {"type": "Point", "coordinates": [-72.4828862466, 45.8833633938]}, "properties": {"site": "X2003586", "intervenant": "Felix Schoeller Inc.", "nature": "EGOU", "secteur": "population", "volume_annuel_moyen_m3": 518770, "volumes_annuels": "{\"labels\": [\"2001\", \"2002\", \"2003\", \"2004\", \"2005\", \"2006\", \"2007\", \"2008\", \"2009\", \"2010\", \"2011\", \"2012\", \"2013\", \"2014\", \"2015\", \"2016\", \"2017\", \"2018\", \"2019\", \"2020\", \"2021\", \"2022\", \"2023\", \"2024\"], \"values\": [454280, 457693, 464548, 470068, 476824, 480245, 484308, 491891, 498895, 505658, 512563, 504554, 532907, 537197, 517512, 554944, 539453, 534020, 538479, 563720, 579182, 571894, 581909, 597744]}", "profil_mensuel": "{\"labels\": [\"Jan\", \"F\\u00e9v\", \"Mar\", \"Avr\", \"Mai\", \"Jun\", \"Jul\", \"Ao\\u00fb\", \"Sep\", \"Oct\", \"Nov\", \"D\\u00e9c\"], \"values\": [40270.6, 45908.3, 45765.7, 14267.6, 51947.1, 55499.8, 36511.3, 45762.0, 51839.2, 51799.7, 46750.3, 32448.8]}"}}, {"type": "Feature", "geometry": {"type": "Point", "coordinates": [-73.515589, 45.123108]}, "properties": {"site": "X2195721", "intervenant": "VEGPRO INTERNATIONAL INC.", "nature": "NATU", "secteur": "autre", "volume_annuel_moyen_m3": 307880, "volumes_annuels": "{\"labels\": [\"2001\", \"2002\", \"2003\", \"2004\", \"2005\", \"2006\", \"2007\", \"2008\", \"2009\", \"2010\", \"2011\", \"2012\", \"2013\", \"2014\", \"2015\", \"2016\", \"2017\", \"2018\", \"2019\", \"2020\", \"2021\", \"2022\", \"2023\", \"2024\"], \"values\": [322140, 332367, 323445, 309967, 330165, 320620, 319363, 311587, 275835, 289853, 291268, 276446, 282050, 305233, 296268, 317035, 305858, 308721, 305686, 298096, 316846, 318761, 316899, 314619]}", "profil_mensuel": "{\"labels\": [\"Jan\", \"F\\u00e9v\", \"Mar\", \"Avr\", \"Mai\", \"Jun\", \"Jul\", \"Ao\\u00fb\", \"Sep\", \"Oct\", \"Nov\", \"D\\u00e9c\"], \"values\": [28409.5, 23140.7, 25637.3, 28223.9, 26989.9, 27147.6, 23024.9, 23520.5, 24352.1, 25227.6, 24664.6, 27541.6]}"}}, {"type": "Feature", "geometry": {"type": "Point", "coordinates": [-73.489117, 45.842305]}, "properties": {"site": "90552795", "intervenant": "BAU-VAL INC.", "nature": "NATU", "secteur": "autre", "volume_annuel_moyen_m3": 264757, "volumes_annuels": "{\"labels\": [\"2001\", \"2002\", \"2003\", \"2004\", \"2005\", \"2006\", \"2007\", \"2008\", \"2009\", \"2010\", \"2011\", \"2012\", \"2013\", \"2014\", \"2015\", \"2016\", \"2017\", \"2018\", \"2019\", \"2020\", \"2021\", \"2022\", \"2023\", \"2024\"], \"values\": [277068, 285865, 278191, 266599, 283971, 275761, 274680, 267993, 237242, 249299, 250516, 235179, 240254, 261045, 256900, 271006, 265006, 264930, 262758, 257446, 274100, 275096, 272667, 270600]}", "profil_mensuel": "{\"labels\": [\"Jan\", \"F\\u00e9v\", \"Mar\", \"Avr\", \"Mai\", \"Jun\", \"Jul\", \"Ao\\u00fb\", \"Sep\", \"Oct\", \"Nov\", \"D\\u00e9c\"], \"values\": [0.0, 0.0, 27633.2, 27959.9, 29473.0, 25218.2, 27941.3, 28624.1, 27139.7, 29936.9, 27737.2, 13093.6]}"}}, {"type": "Feature", "geometry": {"type": "Point", "coordinates": [-74.440022, 45.387958]}, "properties": {"site": "90143371", "intervenant": "CONSTRUCTION DJL INC.", "nature": "NATU", "secteur": "autre", "volume_annuel_moyen_m3": 170003, "volumes_annuels": "{\"labels\": [\"2001\", \"2002\", \"2003\", \"2004\", \"2005\", \"2006\", \"2007\", \"2008\", \"2009\", \"2010\", \"2011\", \"2012\", \"2013\", \"2014\", \"2015\", \"2016\", \"2017\", \"2018\", \"2019\", \"2020\", \"2021\", \"2022\", \"2023\", \"2024\"], \"values\": [178262, 183921, 178984, 171526, 182703, 177421, 176725, 172422, 152638, 160395, 161178, 152888, 155841, 168175, 163526, 174203, 168565, 170182, 168633, 163539, 174065, 176004, 174187, 174100]}", "profil_mensuel": "{\"labels\": [\"Jan\", \"F\\u00e9v\", \"Mar\", \"Avr\", \"Mai\", \"Jun\", \"Jul\", \"Ao\\u00fb\", \"Sep\", \"Oct\", \"Nov\", \"D\\u00e9c\"], \"values\": [28638.8, 14450.5, 21839.4, 19111.7, 13589.0, 13365.7, 14633.6, 15194.2, 15086.4, 5704.4, 1922.2, 6467.4]}"}}, {"type": "Feature", "geometry": {"type": "Point", "coordinates": [-73.4570486111, 45.5773852778]}, "properties": {"site": "13416672", "intervenant": "DANONE INC.", "nature": "EGOU", "secteur": "population", "volume_annuel_moyen_m3": 811348, "volumes_annuels": "{\"labels\": [\"2001\", \"2002\", \"2003\", \"2004\", \"2005\", \"2006\", \"2007\", \"2008\", \"2009\", \"2010\", \"2011\", \"2012\", \"2013\", \"2014\", \"2015\", \"2016\", \"2017\", \"2018\", \"2019\", \"2020\", \"2021\", \"2022\", \"2023\", \"2024\"], \"values\": [739828, 748447, 759806, 769785, 779844, 785624, 793703, 797563, 805862, 812061, 821260, 803092, 842365, 846417, 811028, 868174, 830487, 823402, 828990, 854520, 855026, 831086, 828332, 835639]}", "profil_mensuel": "{\"labels\": [\"Jan\", \"F\\u00e9v\", \"Mar\", \"Avr\", \"Mai\", \"Jun\", \"Jul\", \"Ao\\u00fb\", \"Sep\", \"Oct\", \"Nov\", \"D\\u00e9c\"], \"values\": [63353.1, 60699.7, 67424.2, 63764.1, 66161.0, 59763.1, 71669.8, 65183.9, 63771.8, 77679.3, 74175.9, 77701.6]}"}}, {"type": "Feature", "geometry": {"type": "Point", "coordinates": [-73.4211166667, 45.7110583333]}, "properties": {"site": "90485459", "intervenant": "AIR LIQUIDE CANADA INC.", "nature": "NATU", "secteur": "autre", "volume_annuel_moyen_m3": 116294, "volumes_annuels": "{\"labels\": [\"2001\", \"2002\", \"2003\", \"2004\", \"2005\", \"2006\", \"2007\", \"2008\", \"2009\", \"2010\", \"2011\", \"2012\", \"2013\", \"2014\", \"2015\", \"2016\", \"2017\", \"2018\", \"2019\", \"2020\", \"2021\", \"2022\", \"2023\", \"2024\"], \"values\": [122461, 126349, 122957, 117834, 125512, 121883, 121405, 118450, 104858, 110187, 110725, 103461, 104809, 113483, 112690, 116880, 115499, 116150, 115526, 112285, 119369, 120307, 118386, 119602]}", "profil_mensuel": "{\"labels\": [\"Jan\", \"F\\u00e9v\", \"Mar\", \"Avr\", \"Mai\", \"Jun\", \"Jul\", \"Ao\\u00fb\", \"Sep\", \"Oct\", \"Nov\", \"D\\u00e9c\"], \"values\": [8371.0, 8077.7, 9699.5, 11868.5, 15975.2, 17371.9, 17982.9, 17567.7, 9358.9, 3.9, 16.0, 1.0]}"}}, {"type": "Feature", "geometry": {"type": "Point", "coordinates": [-74.104577, 45.965743]}, "properties": {"site": "90461765", "intervenant": "Amrize Canada Inc.", "nature": "NATU", "secteur": "metaux", "volume_annuel_moyen_m3": 281426, "volumes_annuels": "{\"labels\": [\"2001\", \"2002\", \"2003\", \"2004\", \"2005\", \"2006\", \"2007\", \"2008\", \"2009\", \"2010\", \"2011\", \"2012\", \"2013\", \"2014\", \"2015\", \"2016\", \"2017\", \"2018\", \"2019\", \"2020\", \"2021\", \"2022\", \"2023\", \"2024\"], \"values\": [284164, 282060, 257602, 285332, 309772, 299311, 316243, 312258, 262153, 273664, 289468, 276577, 270840, 292285, 281465, 276305, 274445, 275311, 283806, 281553, 282000, 262368, 265073, 260178]}", "profil_mensuel": "{\"labels\": [\"Jan\", \"F\\u00e9v\", \"Mar\", \"Avr\", \"Mai\", \"Jun\", \"Jul\", \"Ao\\u00fb\", \"Sep\", \"Oct\", \"Nov\", \"D\\u00e9c\"], \"values\": [0.0, 0.0, 0.0, 0.0, 53535.4, 25277.2, 13755.5, 38595.4, 36263.2, 39655.5, 38765.5, 35578.6]}"}}, {"type": "Feature", "geometry": {"type": "Point", "coordinates": [-73.422259, 46.034603]}, "properties": {"site": "55280283", "intervenant": "Bridgestone Canada inc.", "nature": "EGOU", "secteur": "population", "volume_annuel_moyen_m3": 197, "volumes_annuels": "{\"labels\": [\"2001\", \"2002\", \"2003\", \"2004\", \"2005\", \"2006\", \"2007\", \"2008\", \"2009\", \"2010\", \"2011\", \"2012\", \"2013\", \"2014\", \"2015\", \"2016\", \"2017\", \"2018\", \"2019\", \"2020\", \"2021\", \"2022\", \"2023\", \"2024\"], \"values\": [178, 180, 182, 185, 187, 188, 188, 188, 190, 192, 194, 192, 205, 206, 197, 208, 200, 197, 200, 211, 216, 212, 214, 218]}", "profil_mensuel": "{\"labels\": [\"Jan\", \"F\\u00e9v\", \"Mar\", \"Avr\", \"Mai\", \"Jun\", \"Jul\", \"Ao\\u00fb\", \"Sep\", \"Oct\", \"Nov\", \"D\\u00e9c\"], \"values\": [2.4, 2.2, 2.4, 2.3, 2.4, 2.2, 2.3, 2.4, 2.3, 2.4, 2.4, 2.4]}"}}, {"type": "Feature", "geometry": {"type": "Point", "coordinates": [-73.5129952496, 45.5771394444]}, "properties": {"site": "X2128685", "intervenant": "CATELLI MONTREAL INC.", "nature": "EGOU", "secteur": "population", "volume_annuel_moyen_m3": 81715, "volumes_annuels": "{\"labels\": [\"2001\", \"2002\", \"2003\", \"2004\", \"2005\", \"2006\", \"2007\", \"2008\", \"2009\", \"2010\", \"2011\", \"2012\", \"2013\", \"2014\", \"2015\", \"2016\", \"2017\", \"2018\", \"2019\", \"2020\", \"2021\", \"2022\", \"2023\", \"2024\"], \"values\": [77258, 77859, 78045, 78149, 78200, 78319, 78255, 78391, 79083, 79574, 79984, 78483, 82883, 83466, 79973, 85071, 83015, 82801, 84729, 87510, 86502, 85192, 87277, 91140]}", "profil_mensuel": "{\"labels\": [\"Jan\", \"F\\u00e9v\", \"Mar\", \"Avr\", \"Mai\", \"Jun\", \"Jul\", \"Ao\\u00fb\", \"Sep\", \"Oct\", \"Nov\", \"D\\u00e9c\"], \"values\": [5056.2, 8705.6, 8361.8, 6845.0, 4749.0, 5729.5, 8386.8, 8492.1, 8868.9, 5762.1, 6288.0, 4469.8]}"}}, {"type": "Feature", "geometry": {"type": "Point", "coordinates": [-72.7688789, 45.3861796]}, "properties": {"site": "54621933", "intervenant": "EZEFLOW INC.", "nature": "EGOU", "secteur": "population", "volume_annuel_moyen_m3": 36280, "volumes_annuels": "{\"labels\": [\"2001\", \"2002\", \"2003\", \"2004\", \"2005\", \"2006\", \"2007\", \"2008\", \"2009\", \"2010\", \"2011\", \"2012\", \"2013\", \"2014\", \"2015\", \"2016\", \"2017\", \"2018\", \"2019\", \"2020\", \"2021\", \"2022\", \"2023\", \"2024\"], \"values\": [31923, 32141, 32369, 32835, 33346, 33817, 34282, 34735, 35126, 35638, 36149, 35570, 37673, 37993, 36334, 39041, 37597, 37134, 37670, 39324, 40238, 39515, 39808, 40459]}", "profil_mensuel": "{\"labels\": [\"Jan\", \"F\\u00e9v\", \"Mar\", \"Avr\", \"Mai\", \"Jun\", \"Jul\", \"Ao\\u00fb\", \"Sep\", \"Oct\", \"Nov\", \"D\\u00e9c\"], \"values\": [1857.3, 3318.8, 4132.8, 2774.5, 2892.2, 2690.5, 2583.4, 2924.7, 3232.7, 3326.4, 2776.2, 3770.4]}"}}, {"type": "Feature", "geometry": {"type": "Point", "coordinates": [-73.5231913, 45.6158971]}, "properties": {"site": "90310707", "intervenant": "Amrize Canada Inc.", "nature": "NATU", "secteur": "metaux", "volume_annuel_moyen_m3": 1614312, "volumes_annuels": "{\"labels\": [\"2001\", \"2002\", \"2003\", \"2004\", \"2005\", \"2006\", \"2007\", \"2008\", \"2009\", \"2010\", \"2011\", \"2012\", \"2013\", \"2014\", \"2015\", \"2016\", \"2017\", \"2018\", \"2019\", \"2020\", \"2021\", \"2022\", \"2023\", \"2024\"], \"values\": [1631969, 1619882, 1479421, 1638673, 1779038, 1718960, 1816200, 1793316, 1505560, 1571665, 1662427, 1594328, 1551261, 1674631, 1610045, 1562313, 1565466, 1573493, 1642809, 1614098, 1610473, 1519365, 1513880, 1494215]}", "profil_mensuel": "{\"labels\": [\"Jan\", \"F\\u00e9v\", \"Mar\", \"Avr\", \"Mai\", \"Jun\", \"Jul\", \"Ao\\u00fb\", \"Sep\", \"Oct\", \"Nov\", \"D\\u00e9c\"], \"values\": [19872.7, 158740.6, 258118.7, 167744.2, 208989.9, 57585.4, 137966.9, 433417.3, 51251.3, 39529.4, 5878.8, 75217.0]}"}}, {"type": "Feature", "geometry": {"type": "Point", "coordinates": [-69.5027705, 47.8389816]}, "properties": {"site": "X2009925", "intervenant": "Les Viandes Du Breton inc.", "nature": "EGOU", "secteur": "population", "volume_annuel_moyen_m3": 220116, "volumes_annuels": "{\"labels\": [\"2001\", \"2002\", \"2003\", \"2004\", \"2005\", \"2006\", \"2007\", \"2008\", \"2009\", \"2010\", \"2011\", \"2012\", \"2013\", \"2014\", \"2015\", \"2016\", \"2017\", \"2018\", \"2019\", \"2020\", \"2021\", \"2022\", \"2023\", \"2024\"], \"values\": [205207, 205354, 207099, 208425, 210872, 212062, 215382, 217071, 218850, 219677, 221694, 216283, 228463, 228143, 215914, 230080, 222725, 220507, 222754, 230119, 234062, 228919, 229948, 233162]}", "profil_mensuel": "{\"labels\": [\"Jan\", \"F\\u00e9v\", \"Mar\", \"Avr\", \"Mai\", \"Jun\", \"Jul\", \"Ao\\u00fb\", \"Sep\", \"Oct\", \"Nov\", \"D\\u00e9c\"], \"values\": [19000.8, 18009.3, 18954.6, 17605.8, 17060.2, 14881.4, 18008.3, 19206.7, 19806.2, 20673.0, 18885.7, 18023.5]}"}}, {"type": "Feature", "geometry": {"type": "Point", "coordinates": [-77.7780816, 48.113639]}, "properties": {"site": "53937850", "intervenant": "UNIBOARD CANADA INC.", "nature": "EGOU", "secteur": "population", "volume_annuel_moyen_m3": 383702, "volumes_annuels": "{\"labels\": [\"2001\", \"2002\", \"2003\", \"2004\", \"2005\", \"2006\", \"2007\", \"2008\", \"2009\", \"2010\", \"2011\", \"2012\", \"2013\", \"2014\", \"2015\", \"2016\", \"2017\", \"2018\", \"2019\", \"2020\", \"2021\", \"2022\", \"2023\", \"2024\"], \"values\": [375774, 372410, 371116, 370916, 369116, 368528, 372939, 375927, 377456, 377738, 379773, 381974, 403979, 403089, 373816, 408446, 384324, 382116, 383399, 398673, 400777, 391926, 392336, 392301]}", "profil_mensuel": "{\"labels\": [\"Jan\", \"F\\u00e9v\", \"Mar\", \"Avr\", \"Mai\", \"Jun\", \"Jul\", \"Ao\\u00fb\", \"Sep\", \"Oct\", \"Nov\", \"D\\u00e9c\"], \"values\": [44967.7, 39000.4, 60047.1, 18535.9, 11529.2, 5006.7, 8643.4, 20694.2, 10146.3, 31627.9, 68762.9, 64740.1]}"}}, {"type": "Feature", "geometry": {"type": "Point", "coordinates": [-73.7089789, 45.4673935]}, "properties": {"site": "X2130323", "intervenant": "Rolls-Royce Canada limitée", "nature": "EGOU", "secteur": "population", "volume_annuel_moyen_m3": 43774, "volumes_annuels": "{\"labels\": [\"2001\", \"2002\", \"2003\", \"2004\", \"2005\", \"2006\", \"2007\", \"2008\", \"2009\", \"2010\", \"2011\", \"2012\", \"2013\", \"2014\", \"2015\", \"2016\", \"2017\", \"2018\", \"2019\", \"2020\", \"2021\", \"2022\", \"2023\", \"2024\"], \"values\": [41436, 41759, 41859, 41914, 41942, 42006, 41971, 42044, 42415, 42679, 42899, 42026, 44477, 44711, 42615, 45581, 44124, 44362, 45354, 46873, 46325, 45533, 46780, 48882]}", "profil_mensuel": "{\"labels\": [\"Jan\", \"F\\u00e9v\", \"Mar\", \"Avr\", \"Mai\", \"Jun\", \"Jul\", \"Ao\\u00fb\", \"Sep\", \"Oct\", \"Nov\", \"D\\u00e9c\"], \"values\": [1884.7, 1957.4, 1973.3, 2089.4, 2197.7, 1819.1, 2059.9, 1105.9, 1730.1, 1819.2, 1645.8, 1604.1]}"}}, {"type": "Feature", "geometry": {"type": "Point", "coordinates": [-71.166475, 48.432625]}, "properties": {"site": "54477369", "intervenant": "RIO TINTO ALCAN INC.", "nature": "NATU", "secteur": "mines", "volume_annuel_moyen_m3": 12021268, "volumes_annuels": "{\"labels\": [\"2001\", \"2002\", \"2003\", \"2004\", \"2005\", \"2006\", \"2007\", \"2008\", \"2009\", \"2010\", \"2011\", \"2012\", \"2013\", \"2014\", \"2015\", \"2016\", \"2017\", \"2018\", \"2019\", \"2020\", \"2021\", \"2022\", \"2023\", \"2024\"], \"values\": [10166788, 9798482, 10539205, 9133941, 8331286, 8263873, 8738505, 9044331, 8762895, 9082148, 9871650, 9526271, 11201867, 13064164, 13532418, 14403566, 14906583, 15421630, 15238310, 15153929, 16191098, 15276496, 15982489, 16878513]}", "profil_mensuel": "{\"labels\": [\"Jan\", \"F\\u00e9v\", \"Mar\", \"Avr\", \"Mai\", \"Jun\", \"Jul\", \"Ao\\u00fb\", \"Sep\", \"Oct\", \"Nov\", \"D\\u00e9c\"], \"values\": [206600.0, 195251.0, 221649.6, 193924.0, 239274.9, 281791.5, 315338.8, 319154.2, 281043.6, 265996.2, 258869.3, 226424.0]}"}}, {"type": "Feature", "geometry": {"type": "Point", "coordinates": [-71.710555, 46.748888]}, "properties": {"site": "55261028", "intervenant": "LA CIE MATERIAUX DE CONSTRUCTION BP CANADA", "nature": "NATU", "secteur": "autre", "volume_annuel_moyen_m3": 531914, "volumes_annuels": "{\"labels\": [\"2001\", \"2002\", \"2003\", \"2004\", \"2005\", \"2006\", \"2007\", \"2008\", \"2009\", \"2010\", \"2011\", \"2012\", \"2013\", \"2014\", \"2015\", \"2016\", \"2017\", \"2018\", \"2019\", \"2020\", \"2021\", \"2022\", \"2023\", \"2024\"], \"values\": [556669, 574342, 558924, 535634, 570537, 554043, 551871, 538434, 476653, 500876, 503321, 477906, 487541, 526828, 512904, 547194, 529409, 533573, 528152, 513913, 546299, 550627, 546615, 543673]}", "profil_mensuel": "{\"labels\": [\"Jan\", \"F\\u00e9v\", \"Mar\", \"Avr\", \"Mai\", \"Jun\", \"Jul\", \"Ao\\u00fb\", \"Sep\", \"Oct\", \"Nov\", \"D\\u00e9c\"], \"values\": [52601.0, 47248.9, 44368.7, 47080.3, 47587.8, 41078.0, 45206.5, 46031.1, 49197.1, 36119.5, 44122.3, 31272.9]}"}}, {"type": "Feature", "geometry": {"type": "Point", "coordinates": [-73.633611, 45.343214]}, "properties": {"site": "X2142298", "intervenant": "GROUPE COLAS QUÉBEC INC.", "nature": "NATU", "secteur": "autre", "volume_annuel_moyen_m3": 517679, "volumes_annuels": "{\"labels\": [\"2001\", \"2002\", \"2003\", \"2004\", \"2005\", \"2006\", \"2007\", \"2008\", \"2009\", \"2010\", \"2011\", \"2012\", \"2013\", \"2014\", \"2015\", \"2016\", \"2017\", \"2018\", \"2019\", \"2020\", \"2021\", \"2022\", \"2023\", \"2024\"], \"values\": [540966, 558141, 543158, 520525, 554443, 538415, 536304, 523246, 463207, 486747, 489123, 470038, 480943, 515450, 497645, 534243, 513697, 522111, 514631, 497812, 528526, 536094, 530486, 528337]}", "profil_mensuel": "{\"labels\": [\"Jan\", \"F\\u00e9v\", \"Mar\", \"Avr\", \"Mai\", \"Jun\", \"Jul\", \"Ao\\u00fb\", \"Sep\", \"Oct\", \"Nov\", \"D\\u00e9c\"], \"values\": [122391.3, 42391.4, 47763.0, 42481.9, 48001.4, 621.9, 40998.9, 45075.0, 27832.9, 17222.6, 38192.6, 44705.7]}"}}, {"type": "Feature", "geometry": {"type": "Point", "coordinates": [-73.4572319, 45.570529]}, "properties": {"site": "55112593", "intervenant": "Bakelite Canada inc.(LRBG Chemicals inc.)", "nature": "EGOU", "secteur": "population", "volume_annuel_moyen_m3": 36832, "volumes_annuels": "{\"labels\": [\"2001\", \"2002\", \"2003\", \"2004\", \"2005\", \"2006\", \"2007\", \"2008\", \"2009\", \"2010\", \"2011\", \"2012\", \"2013\", \"2014\", \"2015\", \"2016\", \"2017\", \"2018\", \"2019\", \"2020\", \"2021\", \"2022\", \"2023\", \"2024\"], \"values\": [35273, 35374, 35452, 35490, 35454, 35387, 35306, 35283, 35373, 35523, 35811, 35043, 37117, 37345, 35616, 38239, 36961, 37002, 37840, 39546, 39998, 39015, 39578, 40934]}", "profil_mensuel": "{\"labels\": [\"Jan\", \"F\\u00e9v\", \"Mar\", \"Avr\", \"Mai\", \"Jun\", \"Jul\", \"Ao\\u00fb\", \"Sep\", \"Oct\", \"Nov\", \"D\\u00e9c\"], \"values\": [3778.8, 3382.3, 2731.0, 3332.2, 3405.6, 3051.8, 3006.0, 3030.7, 2786.1, 2821.0, 3179.1, 2327.1]}"}}, {"type": "Feature", "geometry": {"type": "Point", "coordinates": [-70.928666, 46.368144]}, "properties": {"site": "55007207", "intervenant": "CONCORBEC INC.", "nature": "NATU", "secteur": "autre", "volume_annuel_moyen_m3": 176072, "volumes_annuels": "{\"labels\": [\"2001\", \"2002\", \"2003\", \"2004\", \"2005\", \"2006\", \"2007\", \"2008\", \"2009\", \"2010\", \"2011\", \"2012\", \"2013\", \"2014\", \"2015\", \"2016\", \"2017\", \"2018\", \"2019\", \"2020\", \"2021\", \"2022\", \"2023\", \"2024\"], \"values\": [184823, 190691, 185572, 177839, 189427, 183951, 183230, 178769, 158256, 166299, 167110, 156186, 158524, 171421, 172350, 177668, 177506, 176313, 174096, 170814, 182136, 182249, 180001, 180508]}", "profil_mensuel": "{\"labels\": [\"Jan\", \"F\\u00e9v\", \"Mar\", \"Avr\", \"Mai\", \"Jun\", \"Jul\", \"Ao\\u00fb\", \"Sep\", \"Oct\", \"Nov\", \"D\\u00e9c\"], \"values\": [0.0, 0.0, 0.0, 0.0, 29170.1, 22860.7, 29651.1, 29820.7, 23141.2, 28334.5, 13094.1, 0.0]}"}}, {"type": "Feature", "geometry": {"type": "Point", "coordinates": [-73.556084, 45.651621]}, "properties": {"site": "16358459", "intervenant": "SANIMAX LOM INC.", "nature": "EGOU", "secteur": "population", "volume_annuel_moyen_m3": 529624, "volumes_annuels": "{\"labels\": [\"2001\", \"2002\", \"2003\", \"2004\", \"2005\", \"2006\", \"2007\", \"2008\", \"2009\", \"2010\", \"2011\", \"2012\", \"2013\", \"2014\", \"2015\", \"2016\", \"2017\", \"2018\", \"2019\", \"2020\", \"2021\", \"2022\", \"2023\", \"2024\"], \"values\": [500525, 504419, 505629, 506299, 506631, 507402, 506986, 507867, 512351, 515535, 518188, 509106, 538286, 541731, 517254, 552481, 537075, 537260, 548846, 567623, 561221, 551689, 566112, 590465]}", "profil_mensuel": "{\"labels\": [\"Jan\", \"F\\u00e9v\", \"Mar\", \"Avr\", \"Mai\", \"Jun\", \"Jul\", \"Ao\\u00fb\", \"Sep\", \"Oct\", \"Nov\", \"D\\u00e9c\"], \"values\": [45666.5, 42340.5, 40985.0, 42768.5, 35993.6, 35397.1, 47167.0, 49258.1, 49408.3, 45632.6, 47301.6, 47705.4]}"}}, {"type": "Feature", "geometry": {"type": "Point", "coordinates": [-71.6527704, 48.5504607]}, "properties": {"site": "90491556", "intervenant": "PF RÉSOLU CANADA INC.", "nature": "NATU", "secteur": "papier", "volume_annuel_moyen_m3": 16084369, "volumes_annuels": "{\"labels\": [\"2001\", \"2002\", \"2003\", \"2004\", \"2005\", \"2006\", \"2007\", \"2008\", \"2009\", \"2010\", \"2011\", \"2012\", \"2013\", \"2014\", \"2015\", \"2016\", \"2017\", \"2018\", \"2019\", \"2020\", \"2021\", \"2022\", \"2023\", \"2024\"], \"values\": [22944406, 23838006, 22528592, 19811141, 22903758, 21267822, 21118556, 19469293, 14896005, 16547267, 15977522, 14068301, 13114249, 15045681, 14424605, 14807660, 13494932, 12944295, 11397448, 10355652, 10755952, 11462701, 12165121, 10685888]}", "profil_mensuel": "{\"labels\": [\"Jan\", \"F\\u00e9v\", \"Mar\", \"Avr\", \"Mai\", \"Jun\", \"Jul\", \"Ao\\u00fb\", \"Sep\", \"Oct\", \"Nov\", \"D\\u00e9c\"], \"values\": [1367606.4, 1215236.1, 1299516.6, 1140679.9, 1148091.7, 1387890.0, 1644972.2, 1742708.5, 1384730.5, 1295760.7, 1224238.2, 1232938.1]}"}}, {"type": "Feature", "geometry": {"type": "Point", "coordinates": [-72.961547, 45.644804]}, "properties": {"site": "54716642", "intervenant": "AGROPUR COOPÉRATIVE", "nature": "EGOU", "secteur": "population", "volume_annuel_moyen_m3": 163683, "volumes_annuels": "{\"labels\": [\"2001\", \"2002\", \"2003\", \"2004\", \"2005\", \"2006\", \"2007\", \"2008\", \"2009\", \"2010\", \"2011\", \"2012\", \"2013\", \"2014\", \"2015\", \"2016\", \"2017\", \"2018\", \"2019\", \"2020\", \"2021\", \"2022\", \"2023\", \"2024\"], \"values\": [153339, 153877, 154244, 154339, 154939, 155154, 156452, 157560, 157951, 159694, 160365, 157746, 166976, 168971, 162514, 173696, 168380, 164260, 165702, 173299, 176735, 174398, 177187, 180619]}", "profil_mensuel": "{\"labels\": [\"Jan\", \"F\\u00e9v\", \"Mar\", \"Avr\", \"Mai\", \"Jun\", \"Jul\", \"Ao\\u00fb\", \"Sep\", \"Oct\", \"Nov\", \"D\\u00e9c\"], \"values\": [7818.0, 7550.4, 7760.3, 8983.2, 9797.8, 11427.3, 13327.5, 19546.1, 19766.5, 22630.5, 20774.4, 14301.1]}"}}, {"type": "Feature", "geometry": {"type": "Point", "coordinates": [-75.7089, 45.4272]}, "properties": {"site": "54162128", "intervenant": "Produits Kruger inc.", "nature": "NATU", "secteur": "papier", "volume_annuel_moyen_m3": 7265330, "volumes_annuels": "{\"labels\": [\"2001\", \"2002\", \"2003\", \"2004\", \"2005\", \"2006\", \"2007\", \"2008\", \"2009\", \"2010\", \"2011\", \"2012\", \"2013\", \"2014\", \"2015\", \"2016\", \"2017\", \"2018\", \"2019\", \"2020\", \"2021\", \"2022\", \"2023\", \"2024\"], \"values\": [10343375, 10745347, 10157254, 8936206, 10326624, 9591503, 9524909, 8784153, 6729136, 7472068, 7216614, 6351903, 5930199, 6803767, 6516133, 6702195, 6100996, 5855233, 5159748, 4698351, 4878047, 5188614, 5513053, 4842496]}", "profil_mensuel": "{\"labels\": [\"Jan\", \"F\\u00e9v\", \"Mar\", \"Avr\", \"Mai\", \"Jun\", \"Jul\", \"Ao\\u00fb\", \"Sep\", \"Oct\", \"Nov\", \"D\\u00e9c\"], \"values\": [173245.7, 162807.9, 176749.5, 176912.3, 181856.7, 221525.4, 242793.7, 228740.7, 207449.6, 222740.9, 222440.6, 204513.8]}"}}, {"type": "Feature", "geometry": {"type": "Point", "coordinates": [-72.5544444444, 45.6436111111]}, "properties": {"site": "11626611", "intervenant": "CARRIÈRE D'ACTON VALE LTÉE", "nature": "NATU", "secteur": "autre", "volume_annuel_moyen_m3": 183, "volumes_annuels": "{\"labels\": [\"2001\", \"2002\", \"2003\", \"2004\", \"2005\", \"2006\", \"2007\", \"2008\", \"2009\", \"2010\", \"2011\", \"2012\", \"2013\", \"2014\", \"2015\", \"2016\", \"2017\", \"2018\", \"2019\", \"2020\", \"2021\", \"2022\", \"2023\", \"2024\"], \"values\": [191, 197, 192, 184, 196, 190, 189, 185, 164, 172, 173, 165, 167, 181, 177, 187, 183, 184, 183, 179, 190, 192, 188, 187]}", "profil_mensuel": "{\"labels\": [\"Jan\", \"F\\u00e9v\", \"Mar\", \"Avr\", \"Mai\", \"Jun\", \"Jul\", \"Ao\\u00fb\", \"Sep\", \"Oct\", \"Nov\", \"D\\u00e9c\"], \"values\": [10.0, 15.0, 26.0, 9.0, 4.9, 13.3, 15.9, 45.5, 4.1, 10.0, 1.8, 27.7]}"}}, {"type": "Feature", "geometry": {"type": "Point", "coordinates": [-66.876081, 50.021475]}, "properties": {"site": "90473620", "intervenant": "ARBEC, BOIS D'OEUVRE INC.", "nature": "NATU", "secteur": "autre", "volume_annuel_moyen_m3": 151767, "volumes_annuels": "{\"labels\": [\"2001\", \"2002\", \"2003\", \"2004\", \"2005\", \"2006\", \"2007\", \"2008\", \"2009\", \"2010\", \"2011\", \"2012\", \"2013\", \"2014\", \"2015\", \"2016\", \"2017\", \"2018\", \"2019\", \"2020\", \"2021\", \"2022\", \"2023\", \"2024\"], \"values\": [158713, 163752, 159356, 152716, 162667, 157965, 157345, 153514, 135900, 142806, 143503, 136277, 139059, 150477, 146258, 156296, 151308, 152218, 150586, 147037, 156185, 157126, 156330, 155008]}", "profil_mensuel": "{\"labels\": [\"Jan\", \"F\\u00e9v\", \"Mar\", \"Avr\", \"Mai\", \"Jun\", \"Jul\", \"Ao\\u00fb\", \"Sep\", \"Oct\", \"Nov\", \"D\\u00e9c\"], \"values\": [11770.1, 11070.0, 12042.2, 10693.9, 11511.6, 12839.3, 13992.8, 11730.5, 13650.1, 18018.3, 14468.0, 9979.9]}"}}, {"type": "Feature", "geometry": {"type": "Point", "coordinates": [-72.73818, 45.40435]}, "properties": {"site": "90260373", "intervenant": "LACTALIS CANADA INC.", "nature": "EGOU", "secteur": "population", "volume_annuel_moyen_m3": 336152, "volumes_annuels": "{\"labels\": [\"2001\", \"2002\", \"2003\", \"2004\", \"2005\", \"2006\", \"2007\", \"2008\", \"2009\", \"2010\", \"2011\", \"2012\", \"2013\", \"2014\", \"2015\", \"2016\", \"2017\", \"2018\", \"2019\", \"2020\", \"2021\", \"2022\", \"2023\", \"2024\"], \"values\": [296372, 298400, 300518, 304847, 309590, 313955, 318279, 322482, 326114, 330868, 335611, 329103, 348380, 351649, 335849, 360436, 347561, 343757, 349058, 363912, 372025, 365090, 368159, 375625]}", "profil_mensuel": "{\"labels\": [\"Jan\", \"F\\u00e9v\", \"Mar\", \"Avr\", \"Mai\", \"Jun\", \"Jul\", \"Ao\\u00fb\", \"Sep\", \"Oct\", \"Nov\", \"D\\u00e9c\"], \"values\": [25666.9, 25997.5, 26250.9, 33722.8, 24436.3, 29872.5, 29244.7, 27845.0, 25054.0, 27528.9, 24646.4, 35885.6]}"}}, {"type": "Feature", "geometry": {"type": "Point", "coordinates": [-76.10233, 52.70725]}, "properties": {"site": "X2072330", "intervenant": "Goldcorp Canada LTD.", "nature": "NATU", "secteur": "autre", "volume_annuel_moyen_m3": 2482, "volumes_annuels": "{\"labels\": [\"2001\", \"2002\", \"2003\", \"2004\", \"2005\", \"2006\", \"2007\", \"2008\", \"2009\", \"2010\", \"2011\", \"2012\", \"2013\", \"2014\", \"2015\", \"2016\", \"2017\", \"2018\", \"2019\", \"2020\", \"2021\", \"2022\", \"2023\", \"2024\"], \"values\": [2599, 2681, 2609, 2500, 2663, 2586, 2576, 2514, 2225, 2338, 2350, 2218, 2264, 2453, 2397, 2549, 2474, 2484, 2462, 2400, 2555, 2569, 2552, 2538]}", "profil_mensuel": "{\"labels\": [\"Jan\", \"F\\u00e9v\", \"Mar\", \"Avr\", \"Mai\", \"Jun\", \"Jul\", \"Ao\\u00fb\", \"Sep\", \"Oct\", \"Nov\", \"D\\u00e9c\"], \"values\": [79.6, 73.2, 84.1, 135.3, 118.1, 107.8, 109.1, 118.2, 124.0, 108.5, 103.1, 79.8]}"}}, {"type": "Feature", "geometry": {"type": "Point", "coordinates": [-73.555023, 45.53986]}, "properties": {"site": "X2124283", "intervenant": "BRIDOR INC.", "nature": "EGOU", "secteur": "population", "volume_annuel_moyen_m3": 4884, "volumes_annuels": "{\"labels\": [\"2001\", \"2002\", \"2003\", \"2004\", \"2005\", \"2006\", \"2007\", \"2008\", \"2009\", \"2010\", \"2011\", \"2012\", \"2013\", \"2014\", \"2015\", \"2016\", \"2017\", \"2018\", \"2019\", \"2020\", \"2021\", \"2022\", \"2023\", \"2024\"], \"values\": [4620, 4656, 4667, 4673, 4676, 4683, 4679, 4688, 4729, 4758, 4783, 4691, 4956, 4988, 4759, 5086, 4929, 4950, 5062, 5237, 5180, 5089, 5220, 5450]}", "profil_mensuel": "{\"labels\": [\"Jan\", \"F\\u00e9v\", \"Mar\", \"Avr\", \"Mai\", \"Jun\", \"Jul\", \"Ao\\u00fb\", \"Sep\", \"Oct\", \"Nov\", \"D\\u00e9c\"], \"values\": [401.6, 429.4, 465.9, 435.2, 453.2, 422.1, 386.5, 396.3, 380.9, 377.6, 363.2, 371.7]}"}}, {"type": "Feature", "geometry": {"type": "Point", "coordinates": [-73.08339, 45.44145]}, "properties": {"site": "90480559", "intervenant": "Vins Arterra Canada, division Québec, Inc.", "nature": "EGOU", "secteur": "population", "volume_annuel_moyen_m3": 58167, "volumes_annuels": "{\"labels\": [\"2001\", \"2002\", \"2003\", \"2004\", \"2005\", \"2006\", \"2007\", \"2008\", \"2009\", \"2010\", \"2011\", \"2012\", \"2013\", \"2014\", \"2015\", \"2016\", \"2017\", \"2018\", \"2019\", \"2020\", \"2021\", \"2022\", \"2023\", \"2024\"], \"values\": [56799, 57015, 56799, 57015, 57145, 56907, 57080, 57706, 58484, 58182, 59175, 57199, 59847, 60159, 57106, 61662, 58396, 57963, 57674, 59410, 59947, 57260, 57979, 59089]}", "profil_mensuel": "{\"labels\": [\"Jan\", \"F\\u00e9v\", \"Mar\", \"Avr\", \"Mai\", \"Jun\", \"Jul\", \"Ao\\u00fb\", \"Sep\", \"Oct\", \"Nov\", \"D\\u00e9c\"], \"values\": [3005.7, 7078.5, 6923.9, 6822.7, 6123.2, 5556.5, 5117.0, 4857.2, 3755.8, 2705.1, 2992.5, 3228.5]}"}}, {"type": "Feature", "geometry": {"type": "Point", "coordinates": [-75.8206654, 45.4280259]}, "properties": {"site": "51794311", "intervenant": "Amrize Canada Inc.", "nature": "NATU", "secteur": "metaux", "volume_annuel_moyen_m3": 314518, "volumes_annuels": "{\"labels\": [\"2001\", \"2002\", \"2003\", \"2004\", \"2005\", \"2006\", \"2007\", \"2008\", \"2009\", \"2010\", \"2011\", \"2012\", \"2013\", \"2014\", \"2015\", \"2016\", \"2017\", \"2018\", \"2019\", \"2020\", \"2021\", \"2022\", \"2023\", \"2024\"], \"values\": [319144, 316780, 289312, 320455, 347904, 336156, 355172, 350696, 294424, 307351, 325100, 309855, 303410, 327824, 309439, 306013, 301624, 305939, 318528, 312727, 310623, 292427, 295330, 292205]}", "profil_mensuel": "{\"labels\": [\"Jan\", \"F\\u00e9v\", \"Mar\", \"Avr\", \"Mai\", \"Jun\", \"Jul\", \"Ao\\u00fb\", \"Sep\", \"Oct\", \"Nov\", \"D\\u00e9c\"], \"values\": [22948.1, 26697.3, 43307.0, 38346.2, 35150.7, 34587.9, 36598.5, 21410.0, 17721.4, 19634.7, 18116.4, 0.0]}"}}, {"type": "Feature", "geometry": {"type": "Point", "coordinates": [-73.69898, 45.45618]}, "properties": {"site": "X2150617", "intervenant": "FRUITS DE MER LAGOON INC.", "nature": "EGOU", "secteur": "population", "volume_annuel_moyen_m3": 44388, "volumes_annuels": "{\"labels\": [\"2001\", \"2002\", \"2003\", \"2004\", \"2005\", \"2006\", \"2007\", \"2008\", \"2009\", \"2010\", \"2011\", \"2012\", \"2013\", \"2014\", \"2015\", \"2016\", \"2017\", \"2018\", \"2019\", \"2020\", \"2021\", \"2022\", \"2023\", \"2024\"], \"values\": [41968, 42294, 42396, 42452, 42480, 42544, 42509, 42583, 42959, 43226, 43449, 42646, 45075, 45364, 43293, 46254, 44893, 45017, 45998, 47616, 47086, 46253, 47450, 49509]}", "profil_mensuel": "{\"labels\": [\"Jan\", \"F\\u00e9v\", \"Mar\", \"Avr\", \"Mai\", \"Jun\", \"Jul\", \"Ao\\u00fb\", \"Sep\", \"Oct\", \"Nov\", \"D\\u00e9c\"], \"values\": [3752.4, 3418.9, 3841.5, 3585.0, 3736.8, 3556.1, 3702.5, 3796.0, 3646.7, 3798.3, 3731.9, 3821.8]}"}}, {"type": "Feature", "geometry": {"type": "Point", "coordinates": [-73.5468086473, 45.5633727992]}, "properties": {"site": "X2130283", "intervenant": "CASCADES CANADA ULC", "nature": "EGOU", "secteur": "population", "volume_annuel_moyen_m3": 2574, "volumes_annuels": "{\"labels\": [\"2001\", \"2002\", \"2003\", \"2004\", \"2005\", \"2006\", \"2007\", \"2008\", \"2009\", \"2010\", \"2011\", \"2012\", \"2013\", \"2014\", \"2015\", \"2016\", \"2017\", \"2018\", \"2019\", \"2020\", \"2021\", \"2022\", \"2023\", \"2024\"], \"values\": [2434, 2453, 2459, 2462, 2463, 2467, 2465, 2469, 2491, 2507, 2520, 2472, 2613, 2630, 2509, 2681, 2602, 2609, 2667, 2760, 2729, 2680, 2751, 2871]}", "profil_mensuel": "{\"labels\": [\"Jan\", \"F\\u00e9v\", \"Mar\", \"Avr\", \"Mai\", \"Jun\", \"Jul\", \"Ao\\u00fb\", \"Sep\", \"Oct\", \"Nov\", \"D\\u00e9c\"], \"values\": [225.8, 198.0, 211.0, 213.2, 205.3, 211.5, 222.8, 218.5, 207.0, 228.5, 211.9, 219.9]}"}}, {"type": "Feature", "geometry": {"type": "Point", "coordinates": [-73.4586139311, 45.567945017]}, "properties": {"site": "X0000274", "intervenant": "ArcelorMittal Produits longs Canada s.e.n.c.", "nature": "EGOU", "secteur": "population", "volume_annuel_moyen_m3": 272819, "volumes_annuels": "{\"labels\": [\"2001\", \"2002\", \"2003\", \"2004\", \"2005\", \"2006\", \"2007\", \"2008\", \"2009\", \"2010\", \"2011\", \"2012\", \"2013\", \"2014\", \"2015\", \"2016\", \"2017\", \"2018\", \"2019\", \"2020\", \"2021\", \"2022\", \"2023\", \"2024\"], \"values\": [261374, 262119, 262701, 262981, 262713, 262221, 261619, 261448, 262115, 263224, 265356, 259034, 274275, 276155, 264203, 282563, 273855, 273641, 280261, 293072, 296681, 289524, 293209, 303321]}", "profil_mensuel": "{\"labels\": [\"Jan\", \"F\\u00e9v\", \"Mar\", \"Avr\", \"Mai\", \"Jun\", \"Jul\", \"Ao\\u00fb\", \"Sep\", \"Oct\", \"Nov\", \"D\\u00e9c\"], \"values\": [22981.8, 23440.3, 29824.8, 26791.0, 26437.8, 22803.1, 23847.1, 23821.0, 21220.4, 21366.9, 13573.2, 16712.0]}"}}, {"type": "Feature", "geometry": {"type": "Point", "coordinates": [-72.96627, 45.284206]}, "properties": {"site": "11171386", "intervenant": "TARKETT INC.", "nature": "EGOU", "secteur": "population", "volume_annuel_moyen_m3": 14136, "volumes_annuels": "{\"labels\": [\"2001\", \"2002\", \"2003\", \"2004\", \"2005\", \"2006\", \"2007\", \"2008\", \"2009\", \"2010\", \"2011\", \"2012\", \"2013\", \"2014\", \"2015\", \"2016\", \"2017\", \"2018\", \"2019\", \"2020\", \"2021\", \"2022\", \"2023\", \"2024\"], \"values\": [12602, 12655, 12629, 12594, 12528, 12597, 12724, 12802, 12786, 13207, 13505, 13250, 13963, 14181, 13828, 14730, 14491, 14387, 14776, 15935, 16895, 16997, 17257, 17936]}", "profil_mensuel": "{\"labels\": [\"Jan\", \"F\\u00e9v\", \"Mar\", \"Avr\", \"Mai\", \"Jun\", \"Jul\", \"Ao\\u00fb\", \"Sep\", \"Oct\", \"Nov\", \"D\\u00e9c\"], \"values\": [892.1, 1032.0, 1039.8, 1111.5, 1571.0, 1814.0, 1178.3, 1544.6, 1338.6, 1245.1, 839.6, 529.0]}"}}, {"type": "Feature", "geometry": {"type": "Point", "coordinates": [-71.6999861111, 48.5796555556]}, "properties": {"site": "90531120", "intervenant": "RIO TINTO ALCAN INC.", "nature": "NATU", "secteur": "mines", "volume_annuel_moyen_m3": 456, "volumes_annuels": "{\"labels\": [\"2001\", \"2002\", \"2003\", \"2004\", \"2005\", \"2006\", \"2007\", \"2008\", \"2009\", \"2010\", \"2011\", \"2012\", \"2013\", \"2014\", \"2015\", \"2016\", \"2017\", \"2018\", \"2019\", \"2020\", \"2021\", \"2022\", \"2023\", \"2024\"], \"values\": [386, 372, 400, 347, 316, 314, 332, 343, 333, 345, 375, 360, 423, 495, 512, 543, 564, 585, 579, 577, 613, 578, 605, 640]}", "profil_mensuel": "{\"labels\": [\"Jan\", \"F\\u00e9v\", \"Mar\", \"Avr\", \"Mai\", \"Jun\", \"Jul\", \"Ao\\u00fb\", \"Sep\", \"Oct\", \"Nov\", \"D\\u00e9c\"], \"values\": [17.1, 20.9, 32.4, 33.8, 31.4, 56.2, 69.7, 41.4, 26.6, 32.8, 50.2, 43.1]}"}}, {"type": "Feature", "geometry": {"type": "Point", "coordinates": [-72.71177, 45.39353]}, "properties": {"site": "51313872", "intervenant": "Bow groupe de plomberie inc.", "nature": "EGOU", "secteur": "population", "volume_annuel_moyen_m3": 42381, "volumes_annuels": "{\"labels\": [\"2001\", \"2002\", \"2003\", \"2004\", \"2005\", \"2006\", \"2007\", \"2008\", \"2009\", \"2010\", \"2011\", \"2012\", \"2013\", \"2014\", \"2015\", \"2016\", \"2017\", \"2018\", \"2019\", \"2020\", \"2021\", \"2022\", \"2023\", \"2024\"], \"values\": [37263, 37518, 37784, 38328, 38924, 39473, 40017, 40545, 41002, 41600, 42196, 41552, 44045, 44383, 42501, 45635, 44039, 43426, 43961, 45964, 47057, 46185, 46512, 47227]}", "profil_mensuel": "{\"labels\": [\"Jan\", \"F\\u00e9v\", \"Mar\", \"Avr\", \"Mai\", \"Jun\", \"Jul\", \"Ao\\u00fb\", \"Sep\", \"Oct\", \"Nov\", \"D\\u00e9c\"], \"values\": [2497.2, 2734.4, 4507.1, 2465.8, 3554.3, 2841.4, 3073.9, 3737.3, 4048.2, 5029.3, 4403.9, 3487.9]}"}}, {"type": "Feature", "geometry": {"type": "Point", "coordinates": [-73.642595, 45.423312]}, "properties": {"site": "X0600239", "intervenant": "Les produits chimiques Delmar inc.", "nature": "EGOU", "secteur": "population", "volume_annuel_moyen_m3": 104821, "volumes_annuels": "{\"labels\": [\"2001\", \"2002\", \"2003\", \"2004\", \"2005\", \"2006\", \"2007\", \"2008\", \"2009\", \"2010\", \"2011\", \"2012\", \"2013\", \"2014\", \"2015\", \"2016\", \"2017\", \"2018\", \"2019\", \"2020\", \"2021\", \"2022\", \"2023\", \"2024\"], \"values\": [99107, 99878, 100118, 100251, 100316, 100469, 100387, 100561, 101449, 102079, 102605, 100725, 106453, 107142, 102207, 109267, 105991, 106297, 108628, 112421, 111165, 109201, 112061, 116916]}", "profil_mensuel": "{\"labels\": [\"Jan\", \"F\\u00e9v\", \"Mar\", \"Avr\", \"Mai\", \"Jun\", \"Jul\", \"Ao\\u00fb\", \"Sep\", \"Oct\", \"Nov\", \"D\\u00e9c\"], \"values\": [8694.4, 8770.4, 8900.8, 8584.2, 8658.3, 8514.8, 8578.8, 8795.4, 8731.8, 8800.8, 8935.9, 8855.1]}"}}, {"type": "Feature", "geometry": {"type": "Point", "coordinates": [-66.4334292869, 50.1630668373]}, "properties": {"site": "26185066", "intervenant": "ALUMINERIE ALOUETTE INC.", "nature": "EGOU", "secteur": "population", "volume_annuel_moyen_m3": 47, "volumes_annuels": "{\"labels\": [\"2001\", \"2002\", \"2003\", \"2004\", \"2005\", \"2006\", \"2007\", \"2008\", \"2009\", \"2010\", \"2011\", \"2012\", \"2013\", \"2014\", \"2015\", \"2016\", \"2017\", \"2018\", \"2019\", \"2020\", \"2021\", \"2022\", \"2023\", \"2024\"], \"values\": [48, 47, 47, 47, 47, 48, 48, 48, 48, 48, 48, 47, 50, 50, 46, 49, 46, 46, 45, 47, 47, 46, 45, 45]}", "profil_mensuel": "{\"labels\": [\"Jan\", \"F\\u00e9v\", \"Mar\", \"Avr\", \"Mai\", \"Jun\", \"Jul\", \"Ao\\u00fb\", \"Sep\", \"Oct\", \"Nov\", \"D\\u00e9c\"], \"values\": [5.5, 5.3, 8.9, 4.3, 2.7, 2.4, 1.8, 2.2, 2.1, 3.7, 4.0, 4.1]}"}}, {"type": "Feature", "geometry": {"type": "Point", "coordinates": [-72.211793, 48.876964]}, "properties": {"site": "90294307", "intervenant": "PF RÉSOLU CANADA INC.", "nature": "NATU", "secteur": "papier", "volume_annuel_moyen_m3": 11689130, "volumes_annuels": "{\"labels\": [\"2001\", \"2002\", \"2003\", \"2004\", \"2005\", \"2006\", \"2007\", \"2008\", \"2009\", \"2010\", \"2011\", \"2012\", \"2013\", \"2014\", \"2015\", \"2016\", \"2017\", \"2018\", \"2019\", \"2020\", \"2021\", \"2022\", \"2023\", \"2024\"], \"values\": [16676852, 17326355, 16374623, 14399478, 16647307, 15458249, 15349756, 14151011, 10826974, 12027172, 11613060, 10214972, 9525357, 10927366, 10487726, 10759956, 9804316, 9406280, 8280716, 7524962, 7820793, 8329471, 8839459, 7766903]}", "profil_mensuel": "{\"labels\": [\"Jan\", \"F\\u00e9v\", \"Mar\", \"Avr\", \"Mai\", \"Jun\", \"Jul\", \"Ao\\u00fb\", \"Sep\", \"Oct\", \"Nov\", \"D\\u00e9c\"], \"values\": [981316.9, 787884.2, 892300.3, 861125.9, 958213.9, 1017055.3, 1150708.0, 1243204.3, 1027760.2, 905417.4, 868901.4, 995241.8]}"}}, {"type": "Feature", "geometry": {"type": "Point", "coordinates": [-77.8269416667, 48.3927916667]}, "properties": {"site": "X0800306", "intervenant": "LITHIUM AMÉRIQUE DU NORD INC.", "nature": "NATU", "secteur": "autre", "volume_annuel_moyen_m3": 614768, "volumes_annuels": "{\"labels\": [\"2001\", \"2002\", \"2003\", \"2004\", \"2005\", \"2006\", \"2007\", \"2008\", \"2009\", \"2010\", \"2011\", \"2012\", \"2013\", \"2014\", \"2015\", \"2016\", \"2017\", \"2018\", \"2019\", \"2020\", \"2021\", \"2022\", \"2023\", \"2024\"], \"values\": [643958, 664403, 646568, 619625, 660001, 640921, 638408, 622865, 551396, 579417, 582245, 546701, 561076, 604415, 597043, 633382, 612435, 613269, 606394, 591702, 636168, 639292, 633833, 628925]}", "profil_mensuel": "{\"labels\": [\"Jan\", \"F\\u00e9v\", \"Mar\", \"Avr\", \"Mai\", \"Jun\", \"Jul\", \"Ao\\u00fb\", \"Sep\", \"Oct\", \"Nov\", \"D\\u00e9c\"], \"values\": [17462.2, 6622.9, 51310.4, 36019.1, 61356.0, 16234.2, 13058.0, 13680.2, 48445.2, 42104.4, 798.5, 293.1]}"}}, {"type": "Feature", "geometry": {"type": "Point", "coordinates": [-75.565362563, 45.5094393765]}, "properties": {"site": "X0700223", "intervenant": "GLATFELTER GATINEAU LTÉE", "nature": "EGOU", "secteur": "population", "volume_annuel_moyen_m3": 368895, "volumes_annuels": "{\"labels\": [\"2001\", \"2002\", \"2003\", \"2004\", \"2005\", \"2006\", \"2007\", \"2008\", \"2009\", \"2010\", \"2011\", \"2012\", \"2013\", \"2014\", \"2015\", \"2016\", \"2017\", \"2018\", \"2019\", \"2020\", \"2021\", \"2022\", \"2023\", \"2024\"], \"values\": [318463, 321660, 326831, 331518, 334640, 337075, 342410, 348622, 355706, 363099, 369960, 364407, 384746, 386600, 368745, 397577, 383555, 382138, 389250, 405873, 412390, 403754, 407029, 417437]}", "profil_mensuel": "{\"labels\": [\"Jan\", \"F\\u00e9v\", \"Mar\", \"Avr\", \"Mai\", \"Jun\", \"Jul\", \"Ao\\u00fb\", \"Sep\", \"Oct\", \"Nov\", \"D\\u00e9c\"], \"values\": [39116.3, 32470.8, 35888.3, 32581.3, 31858.9, 24306.8, 26669.1, 29390.0, 27055.0, 37681.3, 25032.4, 26844.9]}"}}, {"type": "Feature", "geometry": {"type": "Point", "coordinates": [-73.4979472222, 45.6887916667]}, "properties": {"site": "90298894", "intervenant": "COMPAGNIE WESTROCK DU CANADA CORP.", "nature": "EGOU", "secteur": "population", "volume_annuel_moyen_m3": 18756, "volumes_annuels": "{\"labels\": [\"2001\", \"2002\", \"2003\", \"2004\", \"2005\", \"2006\", \"2007\", \"2008\", \"2009\", \"2010\", \"2011\", \"2012\", \"2013\", \"2014\", \"2015\", \"2016\", \"2017\", \"2018\", \"2019\", \"2020\", \"2021\", \"2022\", \"2023\", \"2024\"], \"values\": [17650, 17787, 17830, 17853, 17865, 17892, 17877, 17908, 18067, 18179, 18272, 18011, 18884, 19110, 18589, 19415, 19389, 19078, 19497, 20321, 20116, 19713, 20023, 20821]}", "profil_mensuel": "{\"labels\": [\"Jan\", \"F\\u00e9v\", \"Mar\", \"Avr\", \"Mai\", \"Jun\", \"Jul\", \"Ao\\u00fb\", \"Sep\", \"Oct\", \"Nov\", \"D\\u00e9c\"], \"values\": [270.4, 286.3, 427.5, 272.2, 298.6, 747.2, 1843.8, 5921.1, 1522.7, 2010.7, 1867.3, 3288.3]}"}}, {"type": "Feature", "geometry": {"type": "Point", "coordinates": [-73.287880946, 45.3235087385]}, "properties": {"site": "55140800", "intervenant": "INNOVATION DIC CHIMITRONIQUES INC.", "nature": "EGOU", "secteur": "population", "volume_annuel_moyen_m3": 40994, "volumes_annuels": "{\"labels\": [\"2001\", \"2002\", \"2003\", \"2004\", \"2005\", \"2006\", \"2007\", \"2008\", \"2009\", \"2010\", \"2011\", \"2012\", \"2013\", \"2014\", \"2015\", \"2016\", \"2017\", \"2018\", \"2019\", \"2020\", \"2021\", \"2022\", \"2023\", \"2024\"], \"values\": [35849, 36490, 37311, 37953, 38592, 39168, 39764, 40300, 40719, 41104, 41306, 40188, 42602, 42766, 40975, 43537, 42063, 41331, 41909, 43653, 44464, 43560, 43798, 44456]}", "profil_mensuel": "{\"labels\": [\"Jan\", \"F\\u00e9v\", \"Mar\", \"Avr\", \"Mai\", \"Jun\", \"Jul\", \"Ao\\u00fb\", \"Sep\", \"Oct\", \"Nov\", \"D\\u00e9c\"], \"values\": [1632.5, 1048.3, 1720.6, 1990.6, 2102.8, 1477.0, 2385.9, 1082.4, 1974.3, 2107.7, 1604.1, 1370.8]}"}}, {"type": "Feature", "geometry": {"type": "Point", "coordinates": [-75.7981455226, 45.4789370951]}, "properties": {"site": "X0000459", "intervenant": "GENTEK BUILDING PRODUCTS LTD.", "nature": "EGOU", "secteur": "population", "volume_annuel_moyen_m3": 46096, "volumes_annuels": "{\"labels\": [\"2001\", \"2002\", \"2003\", \"2004\", \"2005\", \"2006\", \"2007\", \"2008\", \"2009\", \"2010\", \"2011\", \"2012\", \"2013\", \"2014\", \"2015\", \"2016\", \"2017\", \"2018\", \"2019\", \"2020\", \"2021\", \"2022\", \"2023\", \"2024\"], \"values\": [39584, 40656, 41785, 42508, 43192, 43496, 43612, 44109, 44309, 44683, 45193, 43971, 45927, 46024, 43683, 46285, 45091, 44213, 45826, 49212, 53481, 55341, 56614, 57508]}", "profil_mensuel": "{\"labels\": [\"Jan\", \"F\\u00e9v\", \"Mar\", \"Avr\", \"Mai\", \"Jun\", \"Jul\", \"Ao\\u00fb\", \"Sep\", \"Oct\", \"Nov\", \"D\\u00e9c\"], \"values\": [3706.9, 3777.2, 3771.7, 2486.7, 3191.3, 3471.5, 4574.1, 4672.0, 5058.1, 4760.4, 4383.8, 2242.1]}"}}, {"type": "Feature", "geometry": {"type": "Point", "coordinates": [-74.2373225236, 45.5792657866]}, "properties": {"site": "X2092214", "intervenant": "TRANSPORT RICHARD FOUCAULT INC.", "nature": "NATU", "secteur": "autre", "volume_annuel_moyen_m3": 52762, "volumes_annuels": "{\"labels\": [\"2001\", \"2002\", \"2003\", \"2004\", \"2005\", \"2006\", \"2007\", \"2008\", \"2009\", \"2010\", \"2011\", \"2012\", \"2013\", \"2014\", \"2015\", \"2016\", \"2017\", \"2018\", \"2019\", \"2020\", \"2021\", \"2022\", \"2023\", \"2024\"], \"values\": [55235, 56989, 55459, 53148, 56612, 54975, 54759, 53426, 47296, 49699, 49942, 47169, 47950, 51986, 51281, 53753, 53036, 52903, 52418, 51169, 54330, 54719, 54079, 53946]}", "profil_mensuel": "{\"labels\": [\"Jan\", \"F\\u00e9v\", \"Mar\", \"Avr\", \"Mai\", \"Jun\", \"Jul\", \"Ao\\u00fb\", \"Sep\", \"Oct\", \"Nov\", \"D\\u00e9c\"], \"values\": [2505.5, 2486.2, 3390.4, 3185.0, 3484.1, 4728.4, 7458.7, 8665.1, 5417.2, 4621.7, 4667.9, 2151.5]}"}}, {"type": "Feature", "geometry": {"type": "Point", "coordinates": [-72.1138338345, 45.273110112]}, "properties": {"site": "29367208", "intervenant": "NOURYON PÂTE ET PERFORMANCE CANADA INC.", "nature": "NATU", "secteur": "chimie", "volume_annuel_moyen_m3": 14543885, "volumes_annuels": "{\"labels\": [\"2001\", \"2002\", \"2003\", \"2004\", \"2005\", \"2006\", \"2007\", \"2008\", \"2009\", \"2010\", \"2011\", \"2012\", \"2013\", \"2014\", \"2015\", \"2016\", \"2017\", \"2018\", \"2019\", \"2020\", \"2021\", \"2022\", \"2023\", \"2024\"], \"values\": [16915877, 17112152, 17323672, 16835080, 16621655, 16451296, 14148587, 13185123, 13183217, 13583009, 13007904, 13353856, 12630982, 12969820, 11660208, 12832583, 12780809, 13442330, 13420879, 13831917, 15072577, 16043032, 16154972, 16491694]}", "profil_mensuel": "{\"labels\": [\"Jan\", \"F\\u00e9v\", \"Mar\", \"Avr\", \"Mai\", \"Jun\", \"Jul\", \"Ao\\u00fb\", \"Sep\", \"Oct\", \"Nov\", \"D\\u00e9c\"], \"values\": [1242172.9, 977461.7, 1077394.8, 1075090.7, 1080801.5, 1391064.1, 1429454.2, 1431961.7, 1321732.0, 1252755.8, 994020.9, 1269974.4]}"}}, {"type": "Feature", "geometry": {"type": "Point", "coordinates": [-72.32647, 45.555701]}, "properties": {"site": "X2180067", "intervenant": "BOMBARDIER PRODUITS RÉCRÉATIFS INC.", "nature": "NATU", "secteur": "autre", "volume_annuel_moyen_m3": 37502, "volumes_annuels": "{\"labels\": [\"2001\", \"2002\", \"2003\", \"2004\", \"2005\", \"2006\", \"2007\", \"2008\", \"2009\", \"2010\", \"2011\", \"2012\", \"2013\", \"2014\", \"2015\", \"2016\", \"2017\", \"2018\", \"2019\", \"2020\", \"2021\", \"2022\", \"2023\", \"2024\"], \"values\": [39024, 40263, 39183, 37550, 39997, 38840, 38688, 37746, 33415, 35113, 35285, 34740, 35262, 37782, 35678, 39630, 36991, 37779, 37410, 36029, 38082, 38558, 38896, 38113]}", "profil_mensuel": "{\"labels\": [\"Jan\", \"F\\u00e9v\", \"Mar\", \"Avr\", \"Mai\", \"Jun\", \"Jul\", \"Ao\\u00fb\", \"Sep\", \"Oct\", \"Nov\", \"D\\u00e9c\"], \"values\": [1196.9, 5867.0, 17.9, 56.4, 68.5, 59.7, 60.1, 64.8, 839.0, 1094.2, 63.9, 3112.6]}"}}, {"type": "Feature", "geometry": {"type": "Point", "coordinates": [-73.5836111111, 45.6222222222]}, "properties": {"site": "23324387", "intervenant": "Aliments Ouimet-Cordon Bleu inc.", "nature": "EGOU", "secteur": "population", "volume_annuel_moyen_m3": 145019, "volumes_annuels": "{\"labels\": [\"2001\", \"2002\", \"2003\", \"2004\", \"2005\", \"2006\", \"2007\", \"2008\", \"2009\", \"2010\", \"2011\", \"2012\", \"2013\", \"2014\", \"2015\", \"2016\", \"2017\", \"2018\", \"2019\", \"2020\", \"2021\", \"2022\", \"2023\", \"2024\"], \"values\": [137112, 138179, 138510, 138694, 138785, 138996, 138882, 139123, 140352, 141224, 141951, 139327, 147264, 148207, 141440, 151114, 146669, 147075, 150279, 155564, 153834, 151113, 155022, 161750]}", "profil_mensuel": "{\"labels\": [\"Jan\", \"F\\u00e9v\", \"Mar\", \"Avr\", \"Mai\", \"Jun\", \"Jul\", \"Ao\\u00fb\", \"Sep\", \"Oct\", \"Nov\", \"D\\u00e9c\"], \"values\": [12259.5, 11169.3, 12550.5, 11712.8, 12208.5, 11618.1, 12096.4, 12401.9, 11914.3, 12409.4, 12192.7, 12486.0]}"}}, {"type": "Feature", "geometry": {"type": "Point", "coordinates": [-73.4605111, 46.0075361]}, "properties": {"site": "90212291", "intervenant": "GRAYMONT (QC) INC.", "nature": "NATU", "secteur": "chimie", "volume_annuel_moyen_m3": 311207, "volumes_annuels": "{\"labels\": [\"2001\", \"2002\", \"2003\", \"2004\", \"2005\", \"2006\", \"2007\", \"2008\", \"2009\", \"2010\", \"2011\", \"2012\", \"2013\", \"2014\", \"2015\", \"2016\", \"2017\", \"2018\", \"2019\", \"2020\", \"2021\", \"2022\", \"2023\", \"2024\"], \"values\": [367088, 371347, 375938, 365335, 360703, 357006, 307036, 286128, 286086, 294762, 282282, 278663, 262523, 270875, 254569, 260494, 278706, 286233, 286732, 292935, 312801, 335986, 336866, 357883]}", "profil_mensuel": "{\"labels\": [\"Jan\", \"F\\u00e9v\", \"Mar\", \"Avr\", \"Mai\", \"Jun\", \"Jul\", \"Ao\\u00fb\", \"Sep\", \"Oct\", \"Nov\", \"D\\u00e9c\"], \"values\": [0.0, 0.0, 0.0, 0.0, 0.0, 72357.4, 172298.6, 0.0, 66551.3, 0.0, 0.0, 0.0]}"}}, {"type": "Feature", "geometry": {"type": "Point", "coordinates": [-71.807808, 45.142538]}, "properties": {"site": "53499430", "intervenant": "Waterville TG inc.", "nature": "NATU", "secteur": "autre", "volume_annuel_moyen_m3": 42911, "volumes_annuels": "{\"labels\": [\"2001\", \"2002\", \"2003\", \"2004\", \"2005\", \"2006\", \"2007\", \"2008\", \"2009\", \"2010\", \"2011\", \"2012\", \"2013\", \"2014\", \"2015\", \"2016\", \"2017\", \"2018\", \"2019\", \"2020\", \"2021\", \"2022\", \"2023\", \"2024\"], \"values\": [44800, 46150, 44967, 43199, 45861, 44624, 44463, 43454, 38753, 40606, 40773, 38798, 39518, 42491, 41365, 44089, 42565, 42925, 42528, 41613, 44203, 44365, 43986, 43766]}", "profil_mensuel": "{\"labels\": [\"Jan\", \"F\\u00e9v\", \"Mar\", \"Avr\", \"Mai\", \"Jun\", \"Jul\", \"Ao\\u00fb\", \"Sep\", \"Oct\", \"Nov\", \"D\\u00e9c\"], \"values\": [1211.9, 1369.9, 1149.3, 1041.4, 1603.0, 1301.1, 839.1, 1639.6, 1031.3, 1028.9, 1029.3, 1058.7]}"}}, {"type": "Feature", "geometry": {"type": "Point", "coordinates": [-73.2714131864, 45.82198725]}, "properties": {"site": "28631430", "intervenant": "ArcelorMittal Produits longs Canada s.e.n.c.", "nature": "NATU", "secteur": "mines", "volume_annuel_moyen_m3": 6645794, "volumes_annuels": "{\"labels\": [\"2001\", \"2002\", \"2003\", \"2004\", \"2005\", \"2006\", \"2007\", \"2008\", \"2009\", \"2010\", \"2011\", \"2012\", \"2013\", \"2014\", \"2015\", \"2016\", \"2017\", \"2018\", \"2019\", \"2020\", \"2021\", \"2022\", \"2023\", \"2024\"], \"values\": [5627920, 5424040, 5834075, 5056178, 4611860, 4574543, 4837280, 5006573, 4850781, 5027507, 5464543, 5258927, 6179684, 7204615, 7472720, 7946833, 8211829, 8520050, 8419460, 8380594, 8968039, 8445456, 8832281, 9343257]}", "profil_mensuel": "{\"labels\": [\"Jan\", \"F\\u00e9v\", \"Mar\", \"Avr\", \"Mai\", \"Jun\", \"Jul\", \"Ao\\u00fb\", \"Sep\", \"Oct\", \"Nov\", \"D\\u00e9c\"], \"values\": [480197.9, 372627.6, 451546.1, 459321.2, 752447.9, 752384.2, 605522.6, 694778.4, 550349.5, 581069.8, 491802.6, 453745.8]}"}}, {"type": "Feature", "geometry": {"type": "Point", "coordinates": [-71.9564057959, 46.0766652875]}, "properties": {"site": "11951415", "intervenant": "SANI-MARC INC.", "nature": "EGOU", "secteur": "population", "volume_annuel_moyen_m3": 7, "volumes_annuels": "{\"labels\": [\"2001\", \"2002\", \"2003\", \"2004\", \"2005\", \"2006\", \"2007\", \"2008\", \"2009\", \"2010\", \"2011\", \"2012\", \"2013\", \"2014\", \"2015\", \"2016\", \"2017\", \"2018\", \"2019\", \"2020\", \"2021\", \"2022\", \"2023\", \"2024\"], \"values\": [6, 6, 6, 6, 6, 6, 6, 6, 6, 7, 7, 7, 7, 7, 7, 7, 7, 7, 7, 7, 7, 7, 7, 8]}", "profil_mensuel": "{\"labels\": [\"Jan\", \"F\\u00e9v\", \"Mar\", \"Avr\", \"Mai\", \"Jun\", \"Jul\", \"Ao\\u00fb\", \"Sep\", \"Oct\", \"Nov\", \"D\\u00e9c\"], \"values\": [0.7, 0.5, 0.5, 0.5, 0.5, 0.5, 0.5, 0.6, 0.7, 0.7, 0.6, 0.5]}"}}, {"type": "Feature", "geometry": {"type": "Point", "coordinates": [-66.781654, 50.037758]}, "properties": {"site": "54136049", "intervenant": "ArcelorMittal Exploitation Minière Canada s.e.n.c.", "nature": "NATU", "secteur": "mines", "volume_annuel_moyen_m3": 3478179, "volumes_annuels": "{\"labels\": [\"2001\", \"2002\", \"2003\", \"2004\", \"2005\", \"2006\", \"2007\", \"2008\", \"2009\", \"2010\", \"2011\", \"2012\", \"2013\", \"2014\", \"2015\", \"2016\", \"2017\", \"2018\", \"2019\", \"2020\", \"2021\", \"2022\", \"2023\", \"2024\"], \"values\": [2937890, 2831460, 3045507, 2639429, 2407486, 2388005, 2525160, 2613534, 2532208, 2624462, 2852604, 2756113, 3249586, 3784517, 3913751, 4183657, 4313078, 4460178, 4403666, 4384270, 4692339, 4422338, 4637697, 4877372]}", "profil_mensuel": "{\"labels\": [\"Jan\", \"F\\u00e9v\", \"Mar\", \"Avr\", \"Mai\", \"Jun\", \"Jul\", \"Ao\\u00fb\", \"Sep\", \"Oct\", \"Nov\", \"D\\u00e9c\"], \"values\": [209211.7, 189268.1, 253161.5, 245450.2, 330799.5, 227386.2, 314519.9, 313206.7, 318371.7, 478923.6, 290755.0, 307125.3]}"}}, {"type": "Feature", "geometry": {"type": "Point", "coordinates": [-72.52321, 46.35881]}, "properties": {"site": "55583157", "intervenant": "Kruger Wayagamack s.e.c.", "nature": "NATU", "secteur": "papier", "volume_annuel_moyen_m3": 32202613, "volumes_annuels": "{\"labels\": [\"2001\", \"2002\", \"2003\", \"2004\", \"2005\", \"2006\", \"2007\", \"2008\", \"2009\", \"2010\", \"2011\", \"2012\", \"2013\", \"2014\", \"2015\", \"2016\", \"2017\", \"2018\", \"2019\", \"2020\", \"2021\", \"2022\", \"2023\", \"2024\"], \"values\": [45931189, 47720040, 45098793, 39658871, 45849817, 42574925, 42276116, 38974545, 29819522, 33125095, 31984552, 28147509, 26266471, 30125300, 28878290, 29694896, 26992210, 25916998, 22811751, 20734920, 21556947, 22956552, 24375881, 21391512]}", "profil_mensuel": "{\"labels\": [\"Jan\", \"F\\u00e9v\", \"Mar\", \"Avr\", \"Mai\", \"Jun\", \"Jul\", \"Ao\\u00fb\", \"Sep\", \"Oct\", \"Nov\", \"D\\u00e9c\"], \"values\": [851999.2, 758563.4, 906194.4, 812415.1, 947236.2, 914282.3, 961978.0, 1030714.4, 954205.6, 882869.9, 883145.9, 830599.8]}"}}, {"type": "Feature", "geometry": {"type": "Point", "coordinates": [-72.76286, 45.38373]}, "properties": {"site": "X2034898", "intervenant": "RPM CANADA", "nature": "EGOU", "secteur": "population", "volume_annuel_moyen_m3": 47137, "volumes_annuels": "{\"labels\": [\"2001\", \"2002\", \"2003\", \"2004\", \"2005\", \"2006\", \"2007\", \"2008\", \"2009\", \"2010\", \"2011\", \"2012\", \"2013\", \"2014\", \"2015\", \"2016\", \"2017\", \"2018\", \"2019\", \"2020\", \"2021\", \"2022\", \"2023\", \"2024\"], \"values\": [41599, 41884, 42181, 42789, 43454, 44067, 44674, 45264, 45774, 46441, 47107, 45805, 48176, 48794, 47830, 50206, 49518, 48052, 48748, 50954, 52484, 51341, 51414, 52723]}", "profil_mensuel": "{\"labels\": [\"Jan\", \"F\\u00e9v\", \"Mar\", \"Avr\", \"Mai\", \"Jun\", \"Jul\", \"Ao\\u00fb\", \"Sep\", \"Oct\", \"Nov\", \"D\\u00e9c\"], \"values\": [1030.2, 2563.5, 2542.5, 2372.5, 3367.0, 5838.9, 3860.6, 9451.5, 8481.4, 3541.2, 2339.0, 1748.1]}"}}, {"type": "Feature", "geometry": {"type": "Point", "coordinates": [-73.5913975337, 45.6203890864]}, "properties": {"site": "90479262", "intervenant": "METOPOXY INC.", "nature": "EGOU", "secteur": "population", "volume_annuel_moyen_m3": 20332, "volumes_annuels": "{\"labels\": [\"2001\", \"2002\", \"2003\", \"2004\", \"2005\", \"2006\", \"2007\", \"2008\", \"2009\", \"2010\", \"2011\", \"2012\", \"2013\", \"2014\", \"2015\", \"2016\", \"2017\", \"2018\", \"2019\", \"2020\", \"2021\", \"2022\", \"2023\", \"2024\"], \"values\": [19236, 19386, 19433, 19458, 19471, 19501, 19485, 19519, 19691, 19813, 19915, 19552, 20631, 20770, 19780, 21146, 20539, 20595, 21060, 21808, 21560, 21181, 21735, 22693]}", "profil_mensuel": "{\"labels\": [\"Jan\", \"F\\u00e9v\", \"Mar\", \"Avr\", \"Mai\", \"Jun\", \"Jul\", \"Ao\\u00fb\", \"Sep\", \"Oct\", \"Nov\", \"D\\u00e9c\"], \"values\": [1975.7, 1767.0, 1805.2, 1626.4, 1391.6, 1857.1, 1781.3, 1973.4, 1434.8, 2197.7, 1410.6, 1110.6]}"}}, {"type": "Feature", "geometry": {"type": "Point", "coordinates": [-71.57238, 46.66114]}, "properties": {"site": "26914044", "intervenant": "FROMAGERIE BERGERON INC.", "nature": "EGOU", "secteur": "population", "volume_annuel_moyen_m3": 54764, "volumes_annuels": "{\"labels\": [\"2001\", \"2002\", \"2003\", \"2004\", \"2005\", \"2006\", \"2007\", \"2008\", \"2009\", \"2010\", \"2011\", \"2012\", \"2013\", \"2014\", \"2015\", \"2016\", \"2017\", \"2018\", \"2019\", \"2020\", \"2021\", \"2022\", \"2023\", \"2024\"], \"values\": [49847, 50057, 49357, 49392, 49357, 50478, 51494, 52299, 53841, 54401, 55837, 55267, 57968, 57627, 55020, 57305, 55306, 54376, 55016, 56973, 60525, 59714, 60397, 62493]}", "profil_mensuel": "{\"labels\": [\"Jan\", \"F\\u00e9v\", \"Mar\", \"Avr\", \"Mai\", \"Jun\", \"Jul\", \"Ao\\u00fb\", \"Sep\", \"Oct\", \"Nov\", \"D\\u00e9c\"], \"values\": [4312.5, 4360.3, 4558.3, 4689.6, 4889.0, 4372.1, 4882.0, 5235.8, 4183.0, 4570.1, 4387.6, 4324.4]}"}}, {"type": "Feature", "geometry": {"type": "Point", "coordinates": [-75.837681, 45.436849]}, "properties": {"site": "90374844", "intervenant": "Amrize Canada Inc.", "nature": "NATU", "secteur": "metaux", "volume_annuel_moyen_m3": 898566, "volumes_annuels": "{\"labels\": [\"2001\", \"2002\", \"2003\", \"2004\", \"2005\", \"2006\", \"2007\", \"2008\", \"2009\", \"2010\", \"2011\", \"2012\", \"2013\", \"2014\", \"2015\", \"2016\", \"2017\", \"2018\", \"2019\", \"2020\", \"2021\", \"2022\", \"2023\", \"2024\"], \"values\": [914518, 907745, 829034, 918275, 996932, 963266, 1017757, 1004933, 843682, 880725, 931586, 880408, 862277, 930775, 887090, 865980, 860923, 872903, 910768, 891482, 884213, 832727, 840264, 837324]}", "profil_mensuel": "{\"labels\": [\"Jan\", \"F\\u00e9v\", \"Mar\", \"Avr\", \"Mai\", \"Jun\", \"Jul\", \"Ao\\u00fb\", \"Sep\", \"Oct\", \"Nov\", \"D\\u00e9c\"], \"values\": [38734.6, 73764.5, 93515.0, 129073.1, 135628.7, 101842.1, 157240.7, 51745.3, 47008.8, 31769.2, 21468.0, 16776.3]}"}}, {"type": "Feature", "geometry": {"type": "Point", "coordinates": [-72.762897882, 45.3814286666]}, "properties": {"site": "X2012574", "intervenant": "CASCADES CANADA ULC", "nature": "EGOU", "secteur": "population", "volume_annuel_moyen_m3": 1377, "volumes_annuels": "{\"labels\": [\"2001\", \"2002\", \"2003\", \"2004\", \"2005\", \"2006\", \"2007\", \"2008\", \"2009\", \"2010\", \"2011\", \"2012\", \"2013\", \"2014\", \"2015\", \"2016\", \"2017\", \"2018\", \"2019\", \"2020\", \"2021\", \"2022\", \"2023\", \"2024\"], \"values\": [1212, 1220, 1229, 1247, 1266, 1284, 1302, 1319, 1334, 1353, 1372, 1349, 1429, 1440, 1389, 1476, 1442, 1412, 1430, 1490, 1523, 1497, 1506, 1536]}", "profil_mensuel": "{\"labels\": [\"Jan\", \"F\\u00e9v\", \"Mar\", \"Avr\", \"Mai\", \"Jun\", \"Jul\", \"Ao\\u00fb\", \"Sep\", \"Oct\", \"Nov\", \"D\\u00e9c\"], \"values\": [82.9, 84.5, 85.8, 69.5, 70.1, 68.0, 174.0, 167.7, 166.5, 135.4, 137.5, 135.3]}"}}, {"type": "Feature", "geometry": {"type": "Point", "coordinates": [-73.7402986619, 45.5984700806]}, "properties": {"site": "X1300579", "intervenant": "Boulangerie Canada Bread, Limitée", "nature": "EGOU", "secteur": "population", "volume_annuel_moyen_m3": 13692, "volumes_annuels": "{\"labels\": [\"2001\", \"2002\", \"2003\", \"2004\", \"2005\", \"2006\", \"2007\", \"2008\", \"2009\", \"2010\", \"2011\", \"2012\", \"2013\", \"2014\", \"2015\", \"2016\", \"2017\", \"2018\", \"2019\", \"2020\", \"2021\", \"2022\", \"2023\", \"2024\"], \"values\": [11838, 11974, 12116, 12263, 12408, 12580, 12767, 13001, 13238, 13496, 13718, 13441, 14209, 14339, 13936, 14683, 14423, 14263, 14468, 15002, 15148, 14887, 14937, 15467]}", "profil_mensuel": "{\"labels\": [\"Jan\", \"F\\u00e9v\", \"Mar\", \"Avr\", \"Mai\", \"Jun\", \"Jul\", \"Ao\\u00fb\", \"Sep\", \"Oct\", \"Nov\", \"D\\u00e9c\"], \"values\": [914.4, 1016.3, 1127.0, 995.8, 1320.5, 1436.2, 1912.6, 1744.5, 1380.1, 405.3, 893.4, 545.6]}"}}, {"type": "Feature", "geometry": {"type": "Point", "coordinates": [-74.110833, 45.27]}, "properties": {"site": "55396410", "intervenant": "GOODYEAR CANADA INC.", "nature": "NATU", "secteur": "autre", "volume_annuel_moyen_m3": 1250851, "volumes_annuels": "{\"labels\": [\"2001\", \"2002\", \"2003\", \"2004\", \"2005\", \"2006\", \"2007\", \"2008\", \"2009\", \"2010\", \"2011\", \"2012\", \"2013\", \"2014\", \"2015\", \"2016\", \"2017\", \"2018\", \"2019\", \"2020\", \"2021\", \"2022\", \"2023\", \"2024\"], \"values\": [1303015, 1342555, 1308299, 1256246, 1334131, 1297205, 1292589, 1262610, 1124768, 1178931, 1184767, 1125377, 1149926, 1240157, 1207769, 1287539, 1248185, 1253243, 1241657, 1217670, 1291453, 1296955, 1291984, 1283403]}", "profil_mensuel": "{\"labels\": [\"Jan\", \"F\\u00e9v\", \"Mar\", \"Avr\", \"Mai\", \"Jun\", \"Jul\", \"Ao\\u00fb\", \"Sep\", \"Oct\", \"Nov\", \"D\\u00e9c\"], \"values\": [20947.0, 31901.2, 29354.3, 26744.3, 35667.3, 36906.9, 39344.0, 33690.9, 39114.6, 48988.3, 41062.6, 33229.1]}"}}, {"type": "Feature", "geometry": {"type": "Point", "coordinates": [-73.33163, 45.31558]}, "properties": {"site": "X0600747", "intervenant": "JTI-Macdonald corp.", "nature": "EGOU", "secteur": "population", "volume_annuel_moyen_m3": 2366, "volumes_annuels": "{\"labels\": [\"2001\", \"2002\", \"2003\", \"2004\", \"2005\", \"2006\", \"2007\", \"2008\", \"2009\", \"2010\", \"2011\", \"2012\", \"2013\", \"2014\", \"2015\", \"2016\", \"2017\", \"2018\", \"2019\", \"2020\", \"2021\", \"2022\", \"2023\", \"2024\"], \"values\": [2066, 2103, 2150, 2187, 2224, 2257, 2292, 2323, 2347, 2369, 2380, 2329, 2461, 2473, 2361, 2519, 2426, 2388, 2422, 2525, 2572, 2519, 2530, 2562]}", "profil_mensuel": "{\"labels\": [\"Jan\", \"F\\u00e9v\", \"Mar\", \"Avr\", \"Mai\", \"Jun\", \"Jul\", \"Ao\\u00fb\", \"Sep\", \"Oct\", \"Nov\", \"D\\u00e9c\"], \"values\": [199.5, 188.2, 204.2, 190.5, 198.6, 189.0, 196.7, 201.8, 193.9, 201.9, 198.4, 203.2]}"}}, {"type": "Feature", "geometry": {"type": "Point", "coordinates": [-72.509441, 45.747511]}, "properties": {"site": "X1700713", "intervenant": "CARRIÈRES P.C.M. INC.", "nature": "NATU", "secteur": "autre", "volume_annuel_moyen_m3": 261840, "volumes_annuels": "{\"labels\": [\"2001\", \"2002\", \"2003\", \"2004\", \"2005\", \"2006\", \"2007\", \"2008\", \"2009\", \"2010\", \"2011\", \"2012\", \"2013\", \"2014\", \"2015\", \"2016\", \"2017\", \"2018\", \"2019\", \"2020\", \"2021\", \"2022\", \"2023\", \"2024\"], \"values\": [278712, 287560, 279841, 268180, 285655, 277397, 276310, 269582, 238650, 250777, 252002, 227719, 228951, 253488, 247931, 259118, 253630, 257803, 259327, 254904, 270129, 267411, 266882, 272205]}", "profil_mensuel": "{\"labels\": [\"Jan\", \"F\\u00e9v\", \"Mar\", \"Avr\", \"Mai\", \"Jun\", \"Jul\", \"Ao\\u00fb\", \"Sep\", \"Oct\", \"Nov\", \"D\\u00e9c\"], \"values\": [0.0, 0.0, 0.0, 58273.9, 29378.8, 113728.6, 39831.8, 13579.7, 5105.8, 1941.6, 0.0, 0.0]}"}}, {"type": "Feature", "geometry": {"type": "Point", "coordinates": [-72.5344097222, 45.87167]}, "properties": {"site": "X1700363", "intervenant": "Emballages Mitchel-Lincoln ltée", "nature": "EGOU", "secteur": "population", "volume_annuel_moyen_m3": 52140, "volumes_annuels": "{\"labels\": [\"2001\", \"2002\", \"2003\", \"2004\", \"2005\", \"2006\", \"2007\", \"2008\", \"2009\", \"2010\", \"2011\", \"2012\", \"2013\", \"2014\", \"2015\", \"2016\", \"2017\", \"2018\", \"2019\", \"2020\", \"2021\", \"2022\", \"2023\", \"2024\"], \"values\": [45628, 45971, 46660, 47214, 47893, 48236, 48644, 49406, 50110, 50789, 51482, 50609, 53514, 53981, 52254, 55714, 54547, 53664, 54194, 56637, 58168, 57530, 58472, 60038]}", "profil_mensuel": "{\"labels\": [\"Jan\", \"F\\u00e9v\", \"Mar\", \"Avr\", \"Mai\", \"Jun\", \"Jul\", \"Ao\\u00fb\", \"Sep\", \"Oct\", \"Nov\", \"D\\u00e9c\"], \"values\": [2539.8, 4161.8, 3950.8, 2680.2, 4301.3, 3612.2, 4986.4, 6463.9, 5652.8, 5319.2, 5418.9, 3052.7]}"}}, {"type": "Feature", "geometry": {"type": "Point", "coordinates": [-73.0443758973, 45.0810613633]}, "properties": {"site": "29516895", "intervenant": "CONCASSAGE METHE INC.", "nature": "NATU", "secteur": "autre", "volume_annuel_moyen_m3": 88469, "volumes_annuels": "{\"labels\": [\"2001\", \"2002\", \"2003\", \"2004\", \"2005\", \"2006\", \"2007\", \"2008\", \"2009\", \"2010\", \"2011\", \"2012\", \"2013\", \"2014\", \"2015\", \"2016\", \"2017\", \"2018\", \"2019\", \"2020\", \"2021\", \"2022\", \"2023\", \"2024\"], \"values\": [92107, 95032, 92480, 88627, 94402, 91673, 91313, 89090, 78868, 82876, 83280, 79659, 81680, 88231, 85427, 92153, 88349, 89024, 87836, 86022, 91512, 91993, 91658, 89957]}", "profil_mensuel": "{\"labels\": [\"Jan\", \"F\\u00e9v\", \"Mar\", \"Avr\", \"Mai\", \"Jun\", \"Jul\", \"Ao\\u00fb\", \"Sep\", \"Oct\", \"Nov\", \"D\\u00e9c\"], \"values\": [4321.0, 5033.4, 10095.3, 4855.4, 8836.1, 2780.7, 4102.7, 4000.9, 8028.3, 12815.9, 10625.6, 12973.6]}"}}, {"type": "Feature", "geometry": {"type": "Point", "coordinates": [-72.5502205469, 46.3259747573]}, "properties": {"site": "51615219", "intervenant": "KRUGER TROIS-RIVIÈRES S.E.C.", "nature": "NATU", "secteur": "papier", "volume_annuel_moyen_m3": 23359482, "volumes_annuels": "{\"labels\": [\"2001\", \"2002\", \"2003\", \"2004\", \"2005\", \"2006\", \"2007\", \"2008\", \"2009\", \"2010\", \"2011\", \"2012\", \"2013\", \"2014\", \"2015\", \"2016\", \"2017\", \"2018\", \"2019\", \"2020\", \"2021\", \"2022\", \"2023\", \"2024\"], \"values\": [33307092, 34604281, 32703478, 28758708, 33248085, 30873291, 30656609, 28262468, 21623685, 24020728, 23193661, 20453821, 19115225, 21890981, 20914260, 21575354, 19543616, 18813901, 16559541, 15032222, 15619245, 16652803, 17692409, 15512097]}", "profil_mensuel": "{\"labels\": [\"Jan\", \"F\\u00e9v\", \"Mar\", \"Avr\", \"Mai\", \"Jun\", \"Jul\", \"Ao\\u00fb\", \"Sep\", \"Oct\", \"Nov\", \"D\\u00e9c\"], \"values\": [2185416.8, 1773918.8, 2070973.2, 2049839.5, 2160871.1, 1520532.9, 2045693.1, 1964376.9, 1727453.9, 1913233.7, 1930780.1, 2016391.7]}"}}, {"type": "Feature", "geometry": {"type": "Point", "coordinates": [-72.012982, 45.522211]}, "properties": {"site": "90535485", "intervenant": "OLYMEL S.E.C.", "nature": "EGOU", "secteur": "population", "volume_annuel_moyen_m3": 525757, "volumes_annuels": "{\"labels\": [\"2001\", \"2002\", \"2003\", \"2004\", \"2005\", \"2006\", \"2007\", \"2008\", \"2009\", \"2010\", \"2011\", \"2012\", \"2013\", \"2014\", \"2015\", \"2016\", \"2017\", \"2018\", \"2019\", \"2020\", \"2021\", \"2022\", \"2023\", \"2024\"], \"values\": [481242, 475792, 463471, 466788, 478398, 481479, 483611, 494274, 492615, 495696, 501856, 487927, 522687, 531180, 515580, 562442, 552393, 550205, 561539, 592593, 603191, 601209, 605223, 616776]}", "profil_mensuel": "{\"labels\": [\"Jan\", \"F\\u00e9v\", \"Mar\", \"Avr\", \"Mai\", \"Jun\", \"Jul\", \"Ao\\u00fb\", \"Sep\", \"Oct\", \"Nov\", \"D\\u00e9c\"], \"values\": [42900.0, 44530.1, 42760.8, 39574.3, 44043.9, 40158.3, 46306.8, 44868.4, 43557.3, 48558.7, 46496.8, 42001.4]}"}}, {"type": "Feature", "geometry": {"type": "Point", "coordinates": [-70.9408899, 46.7703257]}, "properties": {"site": "55073274", "intervenant": "LES SPÉCIALITÉS PRODAL (1975) LTÉE", "nature": "EGOU", "secteur": "population", "volume_annuel_moyen_m3": 33486, "volumes_annuels": "{\"labels\": [\"2001\", \"2002\", \"2003\", \"2004\", \"2005\", \"2006\", \"2007\", \"2008\", \"2009\", \"2010\", \"2011\", \"2012\", \"2013\", \"2014\", \"2015\", \"2016\", \"2017\", \"2018\", \"2019\", \"2020\", \"2021\", \"2022\", \"2023\", \"2024\"], \"values\": [32163, 31923, 31782, 31937, 31415, 30779, 30243, 30765, 31273, 31824, 32064, 30894, 33345, 34224, 32739, 35255, 34168, 34254, 34752, 37370, 37739, 37294, 37121, 38347]}", "profil_mensuel": "{\"labels\": [\"Jan\", \"F\\u00e9v\", \"Mar\", \"Avr\", \"Mai\", \"Jun\", \"Jul\", \"Ao\\u00fb\", \"Sep\", \"Oct\", \"Nov\", \"D\\u00e9c\"], \"values\": [2218.0, 2435.1, 2630.5, 2796.3, 2901.4, 2770.5, 3033.0, 3253.6, 3096.2, 2851.3, 2821.9, 2678.4]}"}}, {"type": "Feature", "geometry": {"type": "Point", "coordinates": [-72.6490918099, 46.3771070621]}, "properties": {"site": "90572603", "intervenant": "Les Entreprises Axchem Canada ltée", "nature": "NATU", "secteur": "autre", "volume_annuel_moyen_m3": 7, "volumes_annuels": "{\"labels\": [\"2001\", \"2002\", \"2003\", \"2004\", \"2005\", \"2006\", \"2007\", \"2008\", \"2009\", \"2010\", \"2011\", \"2012\", \"2013\", \"2014\", \"2015\", \"2016\", \"2017\", \"2018\", \"2019\", \"2020\", \"2021\", \"2022\", \"2023\", \"2024\"], \"values\": [7, 7, 7, 7, 7, 7, 7, 7, 6, 6, 6, 6, 6, 6, 6, 7, 7, 7, 7, 6, 7, 7, 7, 7]}", "profil_mensuel": "{\"labels\": [\"Jan\", \"F\\u00e9v\", \"Mar\", \"Avr\", \"Mai\", \"Jun\", \"Jul\", \"Ao\\u00fb\", \"Sep\", \"Oct\", \"Nov\", \"D\\u00e9c\"], \"values\": [0.2, 0.2, 0.1, 0.1, 0.3, 0.6, 0.6, 0.5, 0.1, 0.2, 0.2, 0.2]}"}}, {"type": "Feature", "geometry": {"type": "Point", "coordinates": [-72.537841, 45.893164]}, "properties": {"site": "X2142020", "intervenant": "SOUCY PLASTIQUES INC.", "nature": "EGOU", "secteur": "population", "volume_annuel_moyen_m3": 90956, "volumes_annuels": "{\"labels\": [\"2001\", \"2002\", \"2003\", \"2004\", \"2005\", \"2006\", \"2007\", \"2008\", \"2009\", \"2010\", \"2011\", \"2012\", \"2013\", \"2014\", \"2015\", \"2016\", \"2017\", \"2018\", \"2019\", \"2020\", \"2021\", \"2022\", \"2023\", \"2024\"], \"values\": [79938, 80539, 81745, 82716, 83905, 84507, 85222, 86556, 87789, 88979, 90194, 88050, 92888, 93821, 91093, 96135, 95179, 93424, 94526, 98450, 100799, 99883, 101432, 105183]}", "profil_mensuel": "{\"labels\": [\"Jan\", \"F\\u00e9v\", \"Mar\", \"Avr\", \"Mai\", \"Jun\", \"Jul\", \"Ao\\u00fb\", \"Sep\", \"Oct\", \"Nov\", \"D\\u00e9c\"], \"values\": [8249.6, 5929.9, 4050.8, 6289.3, 4195.5, 9017.0, 15159.2, 12121.4, 9689.8, 7124.6, 6266.0, 2863.5]}"}}, {"type": "Feature", "geometry": {"type": "Point", "coordinates": [-72.204061, 48.880928]}, "properties": {"site": "90283086", "intervenant": "PF RÉSOLU CANADA INC.", "nature": "EGOU", "secteur": "population", "volume_annuel_moyen_m3": 10001, "volumes_annuels": "{\"labels\": [\"2001\", \"2002\", \"2003\", \"2004\", \"2005\", \"2006\", \"2007\", \"2008\", \"2009\", \"2010\", \"2011\", \"2012\", \"2013\", \"2014\", \"2015\", \"2016\", \"2017\", \"2018\", \"2019\", \"2020\", \"2021\", \"2022\", \"2023\", \"2024\"], \"values\": [10622, 10504, 10350, 10284, 10280, 10244, 10130, 10138, 10170, 10075, 10103, 9779, 10241, 10204, 9683, 10174, 9711, 9550, 9524, 9774, 9800, 9565, 9508, 9608]}", "profil_mensuel": "{\"labels\": [\"Jan\", \"F\\u00e9v\", \"Mar\", \"Avr\", \"Mai\", \"Jun\", \"Jul\", \"Ao\\u00fb\", \"Sep\", \"Oct\", \"Nov\", \"D\\u00e9c\"], \"values\": [929.6, 314.5, 1269.0, 1182.6, 1200.7, 991.8, 1218.0, 611.5, 530.3, 790.7, 562.3, 399.8]}"}}, {"type": "Feature", "geometry": {"type": "Point", "coordinates": [-77.727523, 48.113016]}, "properties": {"site": "X2146507", "intervenant": "Eldorado Gold (Quebec) Inc.", "nature": "NATU", "secteur": "mines", "volume_annuel_moyen_m3": 1927370, "volumes_annuels": "{\"labels\": [\"2001\", \"2002\", \"2003\", \"2004\", \"2005\", \"2006\", \"2007\", \"2008\", \"2009\", \"2010\", \"2011\", \"2012\", \"2013\", \"2014\", \"2015\", \"2016\", \"2017\", \"2018\", \"2019\", \"2020\", \"2021\", \"2022\", \"2023\", \"2024\"], \"values\": [1628362, 1569372, 1688010, 1462936, 1334379, 1323582, 1399601, 1448584, 1403507, 1454641, 1581091, 1524272, 1794880, 2099524, 2166799, 2317759, 2391370, 2471200, 2443404, 2432743, 2600099, 2450134, 2567296, 2703344]}", "profil_mensuel": "{\"labels\": [\"Jan\", \"F\\u00e9v\", \"Mar\", \"Avr\", \"Mai\", \"Jun\", \"Jul\", \"Ao\\u00fb\", \"Sep\", \"Oct\", \"Nov\", \"D\\u00e9c\"], \"values\": [109765.4, 85515.6, 138579.8, 177242.2, 116647.1, 185172.6, 162726.0, 209611.3, 187891.4, 171459.3, 252978.2, 129781.5]}"}}, {"type": "Feature", "geometry": {"type": "Point", "coordinates": [-73.797243, 45.468646]}, "properties": {"site": "90519349", "intervenant": "Hydro Extrusion Canada, inc.", "nature": "EGOU", "secteur": "population", "volume_annuel_moyen_m3": 11922, "volumes_annuels": "{\"labels\": [\"2001\", \"2002\", \"2003\", \"2004\", \"2005\", \"2006\", \"2007\", \"2008\", \"2009\", \"2010\", \"2011\", \"2012\", \"2013\", \"2014\", \"2015\", \"2016\", \"2017\", \"2018\", \"2019\", \"2020\", \"2021\", \"2022\", \"2023\", \"2024\"], \"values\": [11221, 11329, 11328, 11338, 11338, 11422, 11427, 11557, 11663, 11636, 11657, 11356, 11910, 11849, 11430, 12250, 11882, 11866, 12222, 12756, 12868, 12832, 13195, 13788]}", "profil_mensuel": "{\"labels\": [\"Jan\", \"F\\u00e9v\", \"Mar\", \"Avr\", \"Mai\", \"Jun\", \"Jul\", \"Ao\\u00fb\", \"Sep\", \"Oct\", \"Nov\", \"D\\u00e9c\"], \"values\": [995.9, 1007.3, 939.5, 925.7, 1248.6, 1010.3, 1125.5, 1095.7, 1117.0, 988.3, 956.3, 511.6]}"}}, {"type": "Feature", "geometry": {"type": "Point", "coordinates": [-73.582743, 45.720703]}, "properties": {"site": "25487778", "intervenant": "CIMENT QUÉBEC INC.", "nature": "NATU", "secteur": "chimie", "volume_annuel_moyen_m3": 4033, "volumes_annuels": "{\"labels\": [\"2001\", \"2002\", \"2003\", \"2004\", \"2005\", \"2006\", \"2007\", \"2008\", \"2009\", \"2010\", \"2011\", \"2012\", \"2013\", \"2014\", \"2015\", \"2016\", \"2017\", \"2018\", \"2019\", \"2020\", \"2021\", \"2022\", \"2023\", \"2024\"], \"values\": [4696, 4750, 4809, 4673, 4614, 4567, 3928, 3660, 3660, 3771, 3611, 3694, 3486, 3581, 3242, 3549, 3552, 3721, 3718, 3831, 4181, 4445, 4475, 4578]}", "profil_mensuel": "{\"labels\": [\"Jan\", \"F\\u00e9v\", \"Mar\", \"Avr\", \"Mai\", \"Jun\", \"Jul\", \"Ao\\u00fb\", \"Sep\", \"Oct\", \"Nov\", \"D\\u00e9c\"], \"values\": [197.7, 394.2, 175.2, 278.0, 352.0, 462.4, 400.1, 512.6, 459.4, 384.9, 315.4, 101.0]}"}}, {"type": "Feature", "geometry": {"type": "Point", "coordinates": [-73.5918175515, 45.6194890894]}, "properties": {"site": "13476890", "intervenant": "PLACAGE ASTRO-CHROME INC.", "nature": "EGOU", "secteur": "population", "volume_annuel_moyen_m3": 23382, "volumes_annuels": "{\"labels\": [\"2001\", \"2002\", \"2003\", \"2004\", \"2005\", \"2006\", \"2007\", \"2008\", \"2009\", \"2010\", \"2011\", \"2012\", \"2013\", \"2014\", \"2015\", \"2016\", \"2017\", \"2018\", \"2019\", \"2020\", \"2021\", \"2022\", \"2023\", \"2024\"], \"values\": [22131, 22303, 22357, 22387, 22401, 22435, 22417, 22456, 22654, 22795, 22912, 22455, 23669, 23856, 22797, 24205, 23673, 23700, 24255, 25117, 24772, 24361, 24946, 26108]}", "profil_mensuel": "{\"labels\": [\"Jan\", \"F\\u00e9v\", \"Mar\", \"Avr\", \"Mai\", \"Jun\", \"Jul\", \"Ao\\u00fb\", \"Sep\", \"Oct\", \"Nov\", \"D\\u00e9c\"], \"values\": [1959.7, 1772.4, 2019.0, 1744.5, 1330.3, 2272.2, 2843.2, 2689.3, 1498.5, 2076.7, 1760.0, 1416.0]}"}}, {"type": "Feature", "geometry": {"type": "Point", "coordinates": [-75.472273, 45.582843]}, "properties": {"site": "51559045", "intervenant": "CELANESE CANADA ULC", "nature": "EGOU", "secteur": "population", "volume_annuel_moyen_m3": 793380, "volumes_annuels": "{\"labels\": [\"2001\", \"2002\", \"2003\", \"2004\", \"2005\", \"2006\", \"2007\", \"2008\", \"2009\", \"2010\", \"2011\", \"2012\", \"2013\", \"2014\", \"2015\", \"2016\", \"2017\", \"2018\", \"2019\", \"2020\", \"2021\", \"2022\", \"2023\", \"2024\"], \"values\": [566021, 590730, 608380, 611910, 646903, 673915, 690797, 718269, 743286, 787180, 782115, 741803, 833076, 848313, 824975, 865068, 849513, 844298, 862696, 926143, 969438, 990635, 1012036, 1053615]}", "profil_mensuel": "{\"labels\": [\"Jan\", \"F\\u00e9v\", \"Mar\", \"Avr\", \"Mai\", \"Jun\", \"Jul\", \"Ao\\u00fb\", \"Sep\", \"Oct\", \"Nov\", \"D\\u00e9c\"], \"values\": [60096.9, 55955.7, 68848.3, 53089.1, 71461.7, 76939.6, 99778.5, 82484.1, 73013.8, 75912.9, 49730.6, 26068.5]}"}}, {"type": "Feature", "geometry": {"type": "Point", "coordinates": [-73.514648, 45.629656]}, "properties": {"site": "90307828", "intervenant": "CHIMIE PARACHEM S.E.C.", "nature": "EGOU", "secteur": "population", "volume_annuel_moyen_m3": 1493026, "volumes_annuels": "{\"labels\": [\"2001\", \"2002\", \"2003\", \"2004\", \"2005\", \"2006\", \"2007\", \"2008\", \"2009\", \"2010\", \"2011\", \"2012\", \"2013\", \"2014\", \"2015\", \"2016\", \"2017\", \"2018\", \"2019\", \"2020\", \"2021\", \"2022\", \"2023\", \"2024\"], \"values\": [1363516, 1356367, 1311594, 1426349, 1451181, 1454191, 1427102, 1417695, 1427478, 1423715, 1421834, 1394076, 1439428, 1476831, 1409129, 1498240, 1486586, 1465111, 1534584, 1623018, 1704387, 1712592, 1753469, 1854141]}", "profil_mensuel": "{\"labels\": [\"Jan\", \"F\\u00e9v\", \"Mar\", \"Avr\", \"Mai\", \"Jun\", \"Jul\", \"Ao\\u00fb\", \"Sep\", \"Oct\", \"Nov\", \"D\\u00e9c\"], \"values\": [41894.3, 67508.0, 70508.2, 74179.8, 70085.2, 73495.5, 84413.3, 107538.3, 51715.8, 31532.9, 35176.1, 38465.4]}"}}, {"type": "Feature", "geometry": {"type": "Point", "coordinates": [-73.7286111111, 45.5794444444]}, "properties": {"site": "X1300108", "intervenant": "Les aliments Lesters limitée", "nature": "EGOU", "secteur": "population", "volume_annuel_moyen_m3": 95780, "volumes_annuels": "{\"labels\": [\"2001\", \"2002\", \"2003\", \"2004\", \"2005\", \"2006\", \"2007\", \"2008\", \"2009\", \"2010\", \"2011\", \"2012\", \"2013\", \"2014\", \"2015\", \"2016\", \"2017\", \"2018\", \"2019\", \"2020\", \"2021\", \"2022\", \"2023\", \"2024\"], \"values\": [82654, 83604, 84599, 85628, 86640, 87835, 89143, 90780, 92432, 94233, 95787, 94383, 100076, 100820, 96912, 103625, 100545, 99783, 101064, 104935, 106100, 104125, 105017, 107996]}", "profil_mensuel": "{\"labels\": [\"Jan\", \"F\\u00e9v\", \"Mar\", \"Avr\", \"Mai\", \"Jun\", \"Jul\", \"Ao\\u00fb\", \"Sep\", \"Oct\", \"Nov\", \"D\\u00e9c\"], \"values\": [8647.8, 7604.2, 7480.6, 7820.7, 9165.2, 7474.2, 9385.3, 9031.0, 7981.7, 9141.3, 7618.9, 4429.0]}"}}, {"type": "Feature", "geometry": {"type": "Point", "coordinates": [-73.7138888889, 45.4966111111]}, "properties": {"site": "90481490", "intervenant": "Emballages Mitchel-Lincoln ltée", "nature": "EGOU", "secteur": "population", "volume_annuel_moyen_m3": 79948, "volumes_annuels": "{\"labels\": [\"2001\", \"2002\", \"2003\", \"2004\", \"2005\", \"2006\", \"2007\", \"2008\", \"2009\", \"2010\", \"2011\", \"2012\", \"2013\", \"2014\", \"2015\", \"2016\", \"2017\", \"2018\", \"2019\", \"2020\", \"2021\", \"2022\", \"2023\", \"2024\"], \"values\": [75596, 76184, 76367, 76468, 76518, 76635, 76572, 76705, 77382, 77863, 78264, 76931, 81274, 81683, 77971, 83216, 80854, 81112, 82863, 85693, 84713, 83322, 85394, 89180]}", "profil_mensuel": "{\"labels\": [\"Jan\", \"F\\u00e9v\", \"Mar\", \"Avr\", \"Mai\", \"Jun\", \"Jul\", \"Ao\\u00fb\", \"Sep\", \"Oct\", \"Nov\", \"D\\u00e9c\"], \"values\": [7819.9, 6961.9, 7182.4, 5984.2, 6726.3, 5783.7, 7196.4, 7473.8, 6140.0, 6838.8, 6056.0, 5784.9]}"}}, {"type": "Feature", "geometry": {"type": "Point", "coordinates": [-72.471365, 45.872454]}, "properties": {"site": "53686440", "intervenant": "TEXTILES MONTEREY (1996) INC.", "nature": "EGOU", "secteur": "population", "volume_annuel_moyen_m3": 175223, "volumes_annuels": "{\"labels\": [\"2001\", \"2002\", \"2003\", \"2004\", \"2005\", \"2006\", \"2007\", \"2008\", \"2009\", \"2010\", \"2011\", \"2012\", \"2013\", \"2014\", \"2015\", \"2016\", \"2017\", \"2018\", \"2019\", \"2020\", \"2021\", \"2022\", \"2023\", \"2024\"], \"values\": [153673, 154828, 157147, 159014, 161299, 162456, 163831, 166396, 168766, 171053, 173389, 169890, 179612, 181300, 174273, 187031, 181324, 179968, 182076, 190346, 195731, 193151, 196596, 202204]}", "profil_mensuel": "{\"labels\": [\"Jan\", \"F\\u00e9v\", \"Mar\", \"Avr\", \"Mai\", \"Jun\", \"Jul\", \"Ao\\u00fb\", \"Sep\", \"Oct\", \"Nov\", \"D\\u00e9c\"], \"values\": [13993.9, 12687.4, 14670.3, 16310.3, 19796.3, 17914.8, 10870.2, 16753.0, 12029.7, 15222.2, 12649.2, 12325.9]}"}}, {"type": "Feature", "geometry": {"type": "Point", "coordinates": [-64.921606, 48.186355]}, "properties": {"site": "X2152569", "intervenant": "ST. MARYS CEMENT INC. (CANADA)", "nature": "NATU", "secteur": "autre", "volume_annuel_moyen_m3": 517, "volumes_annuels": "{\"labels\": [\"2001\", \"2002\", \"2003\", \"2004\", \"2005\", \"2006\", \"2007\", \"2008\", \"2009\", \"2010\", \"2011\", \"2012\", \"2013\", \"2014\", \"2015\", \"2016\", \"2017\", \"2018\", \"2019\", \"2020\", \"2021\", \"2022\", \"2023\", \"2024\"], \"values\": [541, 558, 543, 521, 555, 539, 536, 523, 463, 487, 489, 465, 474, 513, 499, 533, 515, 519, 514, 501, 532, 536, 532, 528]}", "profil_mensuel": "{\"labels\": [\"Jan\", \"F\\u00e9v\", \"Mar\", \"Avr\", \"Mai\", \"Jun\", \"Jul\", \"Ao\\u00fb\", \"Sep\", \"Oct\", \"Nov\", \"D\\u00e9c\"], \"values\": [43.6, 41.1, 44.6, 41.7, 43.5, 41.4, 43.1, 44.1, 42.4, 44.1, 43.3, 44.4]}"}}, {"type": "Feature", "geometry": {"type": "Point", "coordinates": [-71.086705, 46.67586]}, "properties": {"site": "11859758", "intervenant": "OLYMEL S.E.C.", "nature": "EGOU", "secteur": "population", "volume_annuel_moyen_m3": 180034, "volumes_annuels": "{\"labels\": [\"2001\", \"2002\", \"2003\", \"2004\", \"2005\", \"2006\", \"2007\", \"2008\", \"2009\", \"2010\", \"2011\", \"2012\", \"2013\", \"2014\", \"2015\", \"2016\", \"2017\", \"2018\", \"2019\", \"2020\", \"2021\", \"2022\", \"2023\", \"2024\"], \"values\": [138383, 138993, 141540, 143191, 146743, 147173, 152627, 155461, 162601, 169418, 180863, 183091, 196429, 198721, 194287, 209187, 201215, 196789, 199055, 208136, 215604, 211809, 212867, 216634]}", "profil_mensuel": "{\"labels\": [\"Jan\", \"F\\u00e9v\", \"Mar\", \"Avr\", \"Mai\", \"Jun\", \"Jul\", \"Ao\\u00fb\", \"Sep\", \"Oct\", \"Nov\", \"D\\u00e9c\"], \"values\": [14235.2, 13913.3, 14687.5, 14084.6, 14937.8, 13987.2, 15518.9, 16867.4, 15140.0, 15957.1, 16391.0, 14314.1]}"}}, {"type": "Feature", "geometry": {"type": "Point", "coordinates": [-73.75555556, 45.48527778]}, "properties": {"site": "X2160090", "intervenant": "GRIFOLS CANADA THÉRAPEUTIQUES INC.", "nature": "EGOU", "secteur": "population", "volume_annuel_moyen_m3": 92214, "volumes_annuels": "{\"labels\": [\"2001\", \"2002\", \"2003\", \"2004\", \"2005\", \"2006\", \"2007\", \"2008\", \"2009\", \"2010\", \"2011\", \"2012\", \"2013\", \"2014\", \"2015\", \"2016\", \"2017\", \"2018\", \"2019\", \"2020\", \"2021\", \"2022\", \"2023\", \"2024\"], \"values\": [87134, 87812, 88022, 88139, 88197, 88331, 88259, 88412, 89193, 89747, 90209, 88705, 93652, 94160, 90158, 96014, 93510, 93673, 95522, 99015, 97877, 96118, 98489, 102791]}", "profil_mensuel": "{\"labels\": [\"Jan\", \"F\\u00e9v\", \"Mar\", \"Avr\", \"Mai\", \"Jun\", \"Jul\", \"Ao\\u00fb\", \"Sep\", \"Oct\", \"Nov\", \"D\\u00e9c\"], \"values\": [7612.0, 6966.4, 7255.5, 3634.4, 8198.8, 7810.4, 8438.8, 8625.7, 8375.1, 8436.8, 8326.0, 8534.2]}"}}, {"type": "Feature", "geometry": {"type": "Point", "coordinates": [-71.983727, 45.936854]}, "properties": {"site": "13122577", "intervenant": "ALIMENTS KRISPY KERNELS INC.", "nature": "EGOU", "secteur": "population", "volume_annuel_moyen_m3": 97842, "volumes_annuels": "{\"labels\": [\"2001\", \"2002\", \"2003\", \"2004\", \"2005\", \"2006\", \"2007\", \"2008\", \"2009\", \"2010\", \"2011\", \"2012\", \"2013\", \"2014\", \"2015\", \"2016\", \"2017\", \"2018\", \"2019\", \"2020\", \"2021\", \"2022\", \"2023\", \"2024\"], \"values\": [101500, 99758, 98405, 98466, 98856, 98999, 97831, 97442, 97626, 98282, 98425, 95013, 98631, 98799, 93392, 98876, 95281, 92518, 94378, 97022, 100048, 98933, 98633, 101090]}", "profil_mensuel": "{\"labels\": [\"Jan\", \"F\\u00e9v\", \"Mar\", \"Avr\", \"Mai\", \"Jun\", \"Jul\", \"Ao\\u00fb\", \"Sep\", \"Oct\", \"Nov\", \"D\\u00e9c\"], \"values\": [8088.1, 7327.6, 8368.8, 8218.2, 8052.4, 7801.6, 8382.5, 8551.1, 7863.3, 8108.6, 7917.8, 9161.8]}"}}, {"type": "Feature", "geometry": {"type": "Point", "coordinates": [-73.128796, 45.519634]}, "properties": {"site": "90540014", "intervenant": "Unidindon inc.", "nature": "EGOU", "secteur": "population", "volume_annuel_moyen_m3": 293005, "volumes_annuels": "{\"labels\": [\"2001\", \"2002\", \"2003\", \"2004\", \"2005\", \"2006\", \"2007\", \"2008\", \"2009\", \"2010\", \"2011\", \"2012\", \"2013\", \"2014\", \"2015\", \"2016\", \"2017\", \"2018\", \"2019\", \"2020\", \"2021\", \"2022\", \"2023\", \"2024\"], \"values\": [265846, 258227, 257297, 266404, 275138, 284337, 287682, 297253, 295581, 301899, 303200, 290899, 307519, 309798, 290159, 313460, 299975, 295558, 299817, 307577, 309411, 304809, 302236, 308032]}", "profil_mensuel": "{\"labels\": [\"Jan\", \"F\\u00e9v\", \"Mar\", \"Avr\", \"Mai\", \"Jun\", \"Jul\", \"Ao\\u00fb\", \"Sep\", \"Oct\", \"Nov\", \"D\\u00e9c\"], \"values\": [23296.4, 24656.9, 24812.2, 25700.2, 25685.5, 23333.5, 23053.0, 20136.0, 24602.0, 26611.4, 25999.8, 25117.9]}"}}, {"type": "Feature", "geometry": {"type": "Point", "coordinates": [-71.0268841511, 46.4416732618]}, "properties": {"site": "54454590", "intervenant": "Boulangerie Canada Bread, Limitée", "nature": "EGOU", "secteur": "population", "volume_annuel_moyen_m3": 32838, "volumes_annuels": "{\"labels\": [\"2001\", \"2002\", \"2003\", \"2004\", \"2005\", \"2006\", \"2007\", \"2008\", \"2009\", \"2010\", \"2011\", \"2012\", \"2013\", \"2014\", \"2015\", \"2016\", \"2017\", \"2018\", \"2019\", \"2020\", \"2021\", \"2022\", \"2023\", \"2024\"], \"values\": [29531, 29709, 29539, 29611, 29547, 29787, 30534, 31228, 32159, 32909, 33595, 32981, 35287, 35546, 34238, 36422, 35023, 34485, 33938, 33905, 34787, 34080, 34134, 35137]}", "profil_mensuel": "{\"labels\": [\"Jan\", \"F\\u00e9v\", \"Mar\", \"Avr\", \"Mai\", \"Jun\", \"Jul\", \"Ao\\u00fb\", \"Sep\", \"Oct\", \"Nov\", \"D\\u00e9c\"], \"values\": [2901.3, 2293.5, 2939.3, 2814.7, 2825.8, 2548.4, 2173.2, 2848.0, 3348.2, 3012.8, 2852.3, 2280.8]}"}}, {"type": "Feature", "geometry": {"type": "Point", "coordinates": [-71.8650433871, 46.3776428429]}, "properties": {"site": "X2102259", "intervenant": "Fruit d'Or inc.", "nature": "NATU", "secteur": "autre", "volume_annuel_moyen_m3": 7599, "volumes_annuels": "{\"labels\": [\"2001\", \"2002\", \"2003\", \"2004\", \"2005\", \"2006\", \"2007\", \"2008\", \"2009\", \"2010\", \"2011\", \"2012\", \"2013\", \"2014\", \"2015\", \"2016\", \"2017\", \"2018\", \"2019\", \"2020\", \"2021\", \"2022\", \"2023\", \"2024\"], \"values\": [7967, 8220, 7999, 7666, 8165, 7929, 7898, 7706, 6822, 7168, 7203, 6789, 6872, 7453, 7397, 7765, 7619, 7586, 7527, 7327, 7850, 7890, 7779, 7781]}", "profil_mensuel": "{\"labels\": [\"Jan\", \"F\\u00e9v\", \"Mar\", \"Avr\", \"Mai\", \"Jun\", \"Jul\", \"Ao\\u00fb\", \"Sep\", \"Oct\", \"Nov\", \"D\\u00e9c\"], \"values\": [474.6, 773.4, 563.2, 620.0, 719.4, 903.7, 370.4, 1551.5, 1198.4, 194.3, 149.1, 81.3]}"}}, {"type": "Feature", "geometry": {"type": "Point", "coordinates": [-69.7511879353, 46.944231776]}, "properties": {"site": "90279464", "intervenant": "Matériaux Blanchet inc.", "nature": "NATU", "secteur": "autre", "volume_annuel_moyen_m3": 643, "volumes_annuels": "{\"labels\": [\"2001\", \"2002\", \"2003\", \"2004\", \"2005\", \"2006\", \"2007\", \"2008\", \"2009\", \"2010\", \"2011\", \"2012\", \"2013\", \"2014\", \"2015\", \"2016\", \"2017\", \"2018\", \"2019\", \"2020\", \"2021\", \"2022\", \"2023\", \"2024\"], \"values\": [675, 696, 677, 649, 692, 672, 669, 653, 578, 607, 610, 575, 589, 627, 625, 656, 634, 648, 638, 621, 666, 668, 659, 659]}", "profil_mensuel": "{\"labels\": [\"Jan\", \"F\\u00e9v\", \"Mar\", \"Avr\", \"Mai\", \"Jun\", \"Jul\", \"Ao\\u00fb\", \"Sep\", \"Oct\", \"Nov\", \"D\\u00e9c\"], \"values\": [6.0, 6.1, 6.1, 5.9, 40.8, 5.9, 5.9, 6.1, 6.0, 6.1, 6.2, 6.1]}"}}, {"type": "Feature", "geometry": {"type": "Point", "coordinates": [-77.151008, 49.108637]}, "properties": {"site": "54584644", "intervenant": "PF RÉSOLU CANADA INC.", "nature": "NATU", "secteur": "papier", "volume_annuel_moyen_m3": 26987, "volumes_annuels": "{\"labels\": [\"2001\", \"2002\", \"2003\", \"2004\", \"2005\", \"2006\", \"2007\", \"2008\", \"2009\", \"2010\", \"2011\", \"2012\", \"2013\", \"2014\", \"2015\", \"2016\", \"2017\", \"2018\", \"2019\", \"2020\", \"2021\", \"2022\", \"2023\", \"2024\"], \"values\": [38447, 39945, 37750, 33197, 38379, 35638, 35388, 32624, 24961, 27728, 26773, 23750, 22178, 25396, 24079, 25077, 22565, 21719, 19111, 17330, 18013, 19244, 20481, 17906]}", "profil_mensuel": "{\"labels\": [\"Jan\", \"F\\u00e9v\", \"Mar\", \"Avr\", \"Mai\", \"Jun\", \"Jul\", \"Ao\\u00fb\", \"Sep\", \"Oct\", \"Nov\", \"D\\u00e9c\"], \"values\": [3281.1, 3378.2, 3465.6, 2028.7, 1310.9, 1825.1, 1678.1, 1732.3, 2541.0, 2392.5, 1715.5, 1637.5]}"}}, {"type": "Feature", "geometry": {"type": "Point", "coordinates": [-64.1381861111, 50.2675972222]}, "properties": {"site": "25352212", "intervenant": "POSÉIDON \"LES POISSONS ET CRUSTACÉS\" INC.", "nature": "NATU", "secteur": "autre", "volume_annuel_moyen_m3": 64801, "volumes_annuels": "{\"labels\": [\"2001\", \"2002\", \"2003\", \"2004\", \"2005\", \"2006\", \"2007\", \"2008\", \"2009\", \"2010\", \"2011\", \"2012\", \"2013\", \"2014\", \"2015\", \"2016\", \"2017\", \"2018\", \"2019\", \"2020\", \"2021\", \"2022\", \"2023\", \"2024\"], \"values\": [68841, 71027, 69120, 66240, 70556, 68516, 68248, 66586, 58946, 61941, 62244, 56357, 57651, 62605, 61875, 64759, 62429, 64063, 64277, 62402, 66720, 66426, 66162, 67234]}", "profil_mensuel": "{\"labels\": [\"Jan\", \"F\\u00e9v\", \"Mar\", \"Avr\", \"Mai\", \"Jun\", \"Jul\", \"Ao\\u00fb\", \"Sep\", \"Oct\", \"Nov\", \"D\\u00e9c\"], \"values\": [0.0, 0.0, 0.0, 21742.1, 22206.7, 13903.5, 6948.8, 0.0, 0.0, 0.0, 0.0, 0.0]}"}}, {"type": "Feature", "geometry": {"type": "Point", "coordinates": [-72.9938134355, 45.6289254516]}, "properties": {"site": "X2138592", "intervenant": "HERSHEY CANADA INC.", "nature": "EGOU", "secteur": "population", "volume_annuel_moyen_m3": 19097, "volumes_annuels": "{\"labels\": [\"2001\", \"2002\", \"2003\", \"2004\", \"2005\", \"2006\", \"2007\", \"2008\", \"2009\", \"2010\", \"2011\", \"2012\", \"2013\", \"2014\", \"2015\", \"2016\", \"2017\", \"2018\", \"2019\", \"2020\", \"2021\", \"2022\", \"2023\", \"2024\"], \"values\": [17932, 17995, 18038, 18049, 18119, 18144, 18296, 18425, 18471, 18675, 18753, 18448, 19520, 19710, 18834, 20209, 19452, 19151, 19354, 20164, 20530, 20305, 20634, 21122]}", "profil_mensuel": "{\"labels\": [\"Jan\", \"F\\u00e9v\", \"Mar\", \"Avr\", \"Mai\", \"Jun\", \"Jul\", \"Ao\\u00fb\", \"Sep\", \"Oct\", \"Nov\", \"D\\u00e9c\"], \"values\": [1749.2, 1579.3, 1245.3, 1595.4, 1498.9, 1590.3, 1594.2, 1590.2, 1604.2, 1889.3, 1706.4, 1454.3]}"}}, {"type": "Feature", "geometry": {"type": "Point", "coordinates": [-74.0170684183, 45.6883977411]}, "properties": {"site": "X1501441", "intervenant": "Société en commandite Airbus Canada", "nature": "EGOU", "secteur": "population", "volume_annuel_moyen_m3": 65617, "volumes_annuels": "{\"labels\": [\"2001\", \"2002\", \"2003\", \"2004\", \"2005\", \"2006\", \"2007\", \"2008\", \"2009\", \"2010\", \"2011\", \"2012\", \"2013\", \"2014\", \"2015\", \"2016\", \"2017\", \"2018\", \"2019\", \"2020\", \"2021\", \"2022\", \"2023\", \"2024\"], \"values\": [39583, 41519, 43558, 45621, 47651, 49871, 51894, 54185, 56002, 58122, 60281, 61166, 66749, 69272, 68260, 75329, 74651, 76598, 80142, 85761, 90105, 90611, 92665, 95222]}", "profil_mensuel": "{\"labels\": [\"Jan\", \"F\\u00e9v\", \"Mar\", \"Avr\", \"Mai\", \"Jun\", \"Jul\", \"Ao\\u00fb\", \"Sep\", \"Oct\", \"Nov\", \"D\\u00e9c\"], \"values\": [6669.3, 6243.1, 6720.0, 5533.0, 5151.0, 4405.8, 4438.3, 5249.4, 4550.5, 4409.8, 5545.9, 6701.2]}"}}, {"type": "Feature", "geometry": {"type": "Point", "coordinates": [-77.92972, 48.11333]}, "properties": {"site": "53842076", "intervenant": "Wesdome Gold Mines Ltd.", "nature": "NATU", "secteur": "mines", "volume_annuel_moyen_m3": 592351, "volumes_annuels": "{\"labels\": [\"2001\", \"2002\", \"2003\", \"2004\", \"2005\", \"2006\", \"2007\", \"2008\", \"2009\", \"2010\", \"2011\", \"2012\", \"2013\", \"2014\", \"2015\", \"2016\", \"2017\", \"2018\", \"2019\", \"2020\", \"2021\", \"2022\", \"2023\", \"2024\"], \"values\": [501902, 483720, 520287, 450913, 411289, 407961, 431392, 446490, 432596, 448357, 487332, 465231, 547748, 640741, 672495, 707213, 739891, 756717, 749809, 744404, 797044, 752965, 786685, 833238]}", "profil_mensuel": "{\"labels\": [\"Jan\", \"F\\u00e9v\", \"Mar\", \"Avr\", \"Mai\", \"Jun\", \"Jul\", \"Ao\\u00fb\", \"Sep\", \"Oct\", \"Nov\", \"D\\u00e9c\"], \"values\": [0.0, 33529.6, 67812.4, 55004.9, 43819.9, 59378.6, 84035.4, 57243.9, 99423.4, 41823.5, 32720.5, 17558.5]}"}}, {"type": "Feature", "geometry": {"type": "Point", "coordinates": [-71.1765845598, 46.887717163]}, "properties": {"site": "16405250", "intervenant": "CARRIÈRES QUÉBEC INC.", "nature": "EGOU", "secteur": "population", "volume_annuel_moyen_m3": 564754, "volumes_annuels": "{\"labels\": [\"2001\", \"2002\", \"2003\", \"2004\", \"2005\", \"2006\", \"2007\", \"2008\", \"2009\", \"2010\", \"2011\", \"2012\", \"2013\", \"2014\", \"2015\", \"2016\", \"2017\", \"2018\", \"2019\", \"2020\", \"2021\", \"2022\", \"2023\", \"2024\"], \"values\": [527124, 529750, 531612, 533425, 534889, 538255, 543009, 549300, 555444, 561430, 567345, 544321, 572398, 575217, 555112, 581549, 566328, 566579, 578273, 599100, 604048, 596717, 605732, 637135]}", "profil_mensuel": "{\"labels\": [\"Jan\", \"F\\u00e9v\", \"Mar\", \"Avr\", \"Mai\", \"Jun\", \"Jul\", \"Ao\\u00fb\", \"Sep\", \"Oct\", \"Nov\", \"D\\u00e9c\"], \"values\": [42649.8, 45233.6, 39722.8, 82747.9, 106149.4, 95036.3, 96160.4, 28725.2, 10994.7, 15340.0, 1993.9, 0.0]}"}}, {"type": "Feature", "geometry": {"type": "Point", "coordinates": [-73.7465430776, 45.5952554158]}, "properties": {"site": "53358602", "intervenant": "AÉROSPATIALE DEVTEK INC.", "nature": "EGOU", "secteur": "population", "volume_annuel_moyen_m3": 2075, "volumes_annuels": "{\"labels\": [\"2001\", \"2002\", \"2003\", \"2004\", \"2005\", \"2006\", \"2007\", \"2008\", \"2009\", \"2010\", \"2011\", \"2012\", \"2013\", \"2014\", \"2015\", \"2016\", \"2017\", \"2018\", \"2019\", \"2020\", \"2021\", \"2022\", \"2023\", \"2024\"], \"values\": [1787, 1808, 1829, 1851, 1873, 1899, 1927, 1963, 1998, 2037, 2071, 2044, 2167, 2191, 2095, 2255, 2175, 2161, 2192, 2283, 2306, 2259, 2283, 2335]}", "profil_mensuel": "{\"labels\": [\"Jan\", \"F\\u00e9v\", \"Mar\", \"Avr\", \"Mai\", \"Jun\", \"Jul\", \"Ao\\u00fb\", \"Sep\", \"Oct\", \"Nov\", \"D\\u00e9c\"], \"values\": [111.3, 164.9, 216.3, 181.4, 154.8, 189.4, 150.7, 167.2, 155.3, 188.8, 194.5, 199.9]}"}}, {"type": "Feature", "geometry": {"type": "Point", "coordinates": [-72.997069, 45.111839]}, "properties": {"site": "52625118", "intervenant": "GRAYMONT (QC) INC.", "nature": "NATU", "secteur": "chimie", "volume_annuel_moyen_m3": 1228778, "volumes_annuels": "{\"labels\": [\"2001\", \"2002\", \"2003\", \"2004\", \"2005\", \"2006\", \"2007\", \"2008\", \"2009\", \"2010\", \"2011\", \"2012\", \"2013\", \"2014\", \"2015\", \"2016\", \"2017\", \"2018\", \"2019\", \"2020\", \"2021\", \"2022\", \"2023\", \"2024\"], \"values\": [1430960, 1447563, 1465456, 1424125, 1406071, 1391660, 1196867, 1115365, 1115204, 1149023, 1100374, 1128097, 1067423, 1094982, 983089, 1078696, 1075980, 1135509, 1135863, 1167349, 1269385, 1354886, 1361671, 1395077]}", "profil_mensuel": "{\"labels\": [\"Jan\", \"F\\u00e9v\", \"Mar\", \"Avr\", \"Mai\", \"Jun\", \"Jul\", \"Ao\\u00fb\", \"Sep\", \"Oct\", \"Nov\", \"D\\u00e9c\"], \"values\": [67263.4, 38902.4, 53291.7, 64593.7, 47258.3, 52319.2, 77021.9, 62153.0, 35568.4, 35813.2, 30912.0, 49291.9]}"}}, {"type": "Feature", "geometry": {"type": "Point", "coordinates": [-72.99665, 45.62824]}, "properties": {"site": "55197867", "intervenant": "ALIMENTS NUTRISOYA INC.", "nature": "EGOU", "secteur": "population", "volume_annuel_moyen_m3": 40541, "volumes_annuels": "{\"labels\": [\"2001\", \"2002\", \"2003\", \"2004\", \"2005\", \"2006\", \"2007\", \"2008\", \"2009\", \"2010\", \"2011\", \"2012\", \"2013\", \"2014\", \"2015\", \"2016\", \"2017\", \"2018\", \"2019\", \"2020\", \"2021\", \"2022\", \"2023\", \"2024\"], \"values\": [38015, 38148, 38239, 38263, 38412, 38465, 38787, 39061, 39158, 39590, 39757, 39060, 41349, 41856, 40135, 42948, 41466, 40670, 41083, 42948, 43742, 43188, 43862, 44778]}", "profil_mensuel": "{\"labels\": [\"Jan\", \"F\\u00e9v\", \"Mar\", \"Avr\", \"Mai\", \"Jun\", \"Jul\", \"Ao\\u00fb\", \"Sep\", \"Oct\", \"Nov\", \"D\\u00e9c\"], \"values\": [2205.7, 2001.6, 3187.4, 2740.2, 2911.8, 3509.4, 3370.5, 3495.6, 4049.3, 4179.6, 3806.9, 5082.8]}"}}, {"type": "Feature", "geometry": {"type": "Point", "coordinates": [-73.88188, 45.30951]}, "properties": {"site": "52660727", "intervenant": "Produits Chimiques Westlake Canada Inc.", "nature": "NATU", "secteur": "chimie", "volume_annuel_moyen_m3": 3118631, "volumes_annuels": "{\"labels\": [\"2001\", \"2002\", \"2003\", \"2004\", \"2005\", \"2006\", \"2007\", \"2008\", \"2009\", \"2010\", \"2011\", \"2012\", \"2013\", \"2014\", \"2015\", \"2016\", \"2017\", \"2018\", \"2019\", \"2020\", \"2021\", \"2022\", \"2023\", \"2024\"], \"values\": [3633484, 3675644, 3721078, 3616129, 3570286, 3533694, 3039078, 2832129, 2831719, 2917593, 2794062, 2849408, 2691195, 2763469, 2512137, 2732309, 2745392, 2879821, 2875925, 2964799, 3234304, 3438169, 3452951, 3542371]}", "profil_mensuel": "{\"labels\": [\"Jan\", \"F\\u00e9v\", \"Mar\", \"Avr\", \"Mai\", \"Jun\", \"Jul\", \"Ao\\u00fb\", \"Sep\", \"Oct\", \"Nov\", \"D\\u00e9c\"], \"values\": [177817.6, 159777.6, 172531.9, 205318.0, 347304.1, 361855.1, 378870.6, 366663.5, 330021.2, 222686.3, 183966.3, 211819.0]}"}}, {"type": "Feature", "geometry": {"type": "Point", "coordinates": [-69.519652, 47.818756]}, "properties": {"site": "11892841", "intervenant": "SOCIÉTÉ EN COMMANDITE FF SOUCY WB", "nature": "NATU", "secteur": "papier", "volume_annuel_moyen_m3": 7832117, "volumes_annuels": "{\"labels\": [\"2001\", \"2002\", \"2003\", \"2004\", \"2005\", \"2006\", \"2007\", \"2008\", \"2009\", \"2010\", \"2011\", \"2012\", \"2013\", \"2014\", \"2015\", \"2016\", \"2017\", \"2018\", \"2019\", \"2020\", \"2021\", \"2022\", \"2023\", \"2024\"], \"values\": [11173339, 11608499, 10970848, 9647518, 11153544, 10356885, 10284196, 9481048, 7253973, 8058095, 7780644, 6865457, 6409355, 7344085, 6973016, 7228114, 6515547, 6302414, 5553800, 5048223, 5238537, 5580769, 5939159, 5203754]}", "profil_mensuel": "{\"labels\": [\"Jan\", \"F\\u00e9v\", \"Mar\", \"Avr\", \"Mai\", \"Jun\", \"Jul\", \"Ao\\u00fb\", \"Sep\", \"Oct\", \"Nov\", \"D\\u00e9c\"], \"values\": [754712.2, 720847.1, 765231.0, 715847.3, 724449.4, 684355.0, 645594.3, 525782.3, 324895.5, 785536.7, 579172.6, 605694.3]}"}}, {"type": "Feature", "geometry": {"type": "Point", "coordinates": [-72.7551272, 45.391994]}, "properties": {"site": "X1606013", "intervenant": "LES PRODUITS CHIMIQUES ALDEX CIE LTÉE", "nature": "EGOU", "secteur": "population", "volume_annuel_moyen_m3": 88906, "volumes_annuels": "{\"labels\": [\"2001\", \"2002\", \"2003\", \"2004\", \"2005\", \"2006\", \"2007\", \"2008\", \"2009\", \"2010\", \"2011\", \"2012\", \"2013\", \"2014\", \"2015\", \"2016\", \"2017\", \"2018\", \"2019\", \"2020\", \"2021\", \"2022\", \"2023\", \"2024\"], \"values\": [78256, 78792, 79351, 80494, 81747, 82899, 84041, 85151, 86110, 87365, 88617, 87113, 92324, 93009, 89130, 95635, 92169, 91021, 92251, 96220, 98594, 96840, 97440, 99183]}", "profil_mensuel": "{\"labels\": [\"Jan\", \"F\\u00e9v\", \"Mar\", \"Avr\", \"Mai\", \"Jun\", \"Jul\", \"Ao\\u00fb\", \"Sep\", \"Oct\", \"Nov\", \"D\\u00e9c\"], \"values\": [6283.1, 6680.8, 9793.8, 7299.6, 8340.4, 6120.7, 5799.7, 7821.9, 8623.8, 7292.6, 7406.5, 7443.6]}"}}, {"type": "Feature", "geometry": {"type": "Point", "coordinates": [-72.545926, 45.878289]}, "properties": {"site": "29294725", "intervenant": "OLYMEL S.E.C.", "nature": "EGOU", "secteur": "population", "volume_annuel_moyen_m3": 52211, "volumes_annuels": "{\"labels\": [\"2001\", \"2002\", \"2003\", \"2004\", \"2005\", \"2006\", \"2007\", \"2008\", \"2009\", \"2010\", \"2011\", \"2012\", \"2013\", \"2014\", \"2015\", \"2016\", \"2017\", \"2018\", \"2019\", \"2020\", \"2021\", \"2022\", \"2023\", \"2024\"], \"values\": [45722, 46065, 46755, 47311, 47991, 48335, 48744, 49507, 50212, 50893, 51588, 50683, 53737, 54196, 51980, 55933, 54218, 53692, 54274, 56678, 58199, 57528, 58656, 60161]}", "profil_mensuel": "{\"labels\": [\"Jan\", \"F\\u00e9v\", \"Mar\", \"Avr\", \"Mai\", \"Jun\", \"Jul\", \"Ao\\u00fb\", \"Sep\", \"Oct\", \"Nov\", \"D\\u00e9c\"], \"values\": [4040.2, 3641.8, 4147.2, 5007.5, 4827.4, 3490.5, 4033.5, 4292.7, 4007.6, 5548.2, 5298.2, 3876.1]}"}}, {"type": "Feature", "geometry": {"type": "Point", "coordinates": [-72.9656484, 45.6248064]}, "properties": {"site": "13731526", "intervenant": "BARRY CALLEBAUT CANADA INC.", "nature": "EGOU", "secteur": "population", "volume_annuel_moyen_m3": 54987, "volumes_annuels": "{\"labels\": [\"2001\", \"2002\", \"2003\", \"2004\", \"2005\", \"2006\", \"2007\", \"2008\", \"2009\", \"2010\", \"2011\", \"2012\", \"2013\", \"2014\", \"2015\", \"2016\", \"2017\", \"2018\", \"2019\", \"2020\", \"2021\", \"2022\", \"2023\", \"2024\"], \"values\": [51948, 52130, 52255, 52287, 52490, 52563, 53003, 53378, 53510, 54101, 54328, 52535, 55181, 55804, 54319, 57245, 55464, 54935, 55628, 58268, 59615, 58385, 59136, 61190]}", "profil_mensuel": "{\"labels\": [\"Jan\", \"F\\u00e9v\", \"Mar\", \"Avr\", \"Mai\", \"Jun\", \"Jul\", \"Ao\\u00fb\", \"Sep\", \"Oct\", \"Nov\", \"D\\u00e9c\"], \"values\": [1039.8, 3877.8, 185.3, 3724.1, 12301.8, 11252.7, 3728.4, 6032.1, 3452.5, 4244.3, 2404.1, 2744.5]}"}}, {"type": "Feature", "geometry": {"type": "Point", "coordinates": [-70.3280105556, 46.1833243333]}, "properties": {"site": "54586102", "intervenant": "Les Produits Forestiers D&G Ltée", "nature": "NATU", "secteur": "bois", "volume_annuel_moyen_m3": 232, "volumes_annuels": "{\"labels\": [\"2001\", \"2002\", \"2003\", \"2004\", \"2005\", \"2006\", \"2007\", \"2008\", \"2009\", \"2010\", \"2011\", \"2012\", \"2013\", \"2014\", \"2015\", \"2016\", \"2017\", \"2018\", \"2019\", \"2020\", \"2021\", \"2022\", \"2023\", \"2024\"], \"values\": [237, 262, 255, 244, 268, 262, 237, 226, 197, 200, 195, 189, 204, 212, 215, 248, 229, 236, 241, 221, 249, 255, 232, 246]}", "profil_mensuel": "{\"labels\": [\"Jan\", \"F\\u00e9v\", \"Mar\", \"Avr\", \"Mai\", \"Jun\", \"Jul\", \"Ao\\u00fb\", \"Sep\", \"Oct\", \"Nov\", \"D\\u00e9c\"], \"values\": [7.6, 7.2, 7.8, 5.2, 5.4, 5.1, 5.3, 5.5, 5.3, 7.7, 7.5, 7.7]}"}}, {"type": "Feature", "geometry": {"type": "Point", "coordinates": [-64.41389, 48.41028]}, "properties": {"site": "X1101253", "intervenant": "Lelièvre Lelièvre et Lemoignan ltée", "nature": "NATU", "secteur": "autre", "volume_annuel_moyen_m3": 105144, "volumes_annuels": "{\"labels\": [\"2001\", \"2002\", \"2003\", \"2004\", \"2005\", \"2006\", \"2007\", \"2008\", \"2009\", \"2010\", \"2011\", \"2012\", \"2013\", \"2014\", \"2015\", \"2016\", \"2017\", \"2018\", \"2019\", \"2020\", \"2021\", \"2022\", \"2023\", \"2024\"], \"values\": [110845, 114364, 111294, 106656, 113606, 110322, 109889, 107214, 94912, 99735, 100222, 92655, 93419, 101479, 102830, 105275, 105335, 104754, 103644, 101893, 109147, 108644, 107062, 108257]}", "profil_mensuel": "{\"labels\": [\"Jan\", \"F\\u00e9v\", \"Mar\", \"Avr\", \"Mai\", \"Jun\", \"Jul\", \"Ao\\u00fb\", \"Sep\", \"Oct\", \"Nov\", \"D\\u00e9c\"], \"values\": [0.0, 0.0, 0.0, 0.0, 20779.6, 25013.8, 13806.1, 18714.1, 16763.6, 10066.7, 0.0, 0.0]}"}}, {"type": "Feature", "geometry": {"type": "Point", "coordinates": [-70.97547, 45.78661]}, "properties": {"site": "11846037", "intervenant": "A. LACROIX & FILS GRANIT LTÉE", "nature": "NATU", "secteur": "autre", "volume_annuel_moyen_m3": 115272, "volumes_annuels": "{\"labels\": [\"2001\", \"2002\", \"2003\", \"2004\", \"2005\", \"2006\", \"2007\", \"2008\", \"2009\", \"2010\", \"2011\", \"2012\", \"2013\", \"2014\", \"2015\", \"2016\", \"2017\", \"2018\", \"2019\", \"2020\", \"2021\", \"2022\", \"2023\", \"2024\"], \"values\": [120534, 124361, 121022, 115979, 123537, 119965, 119495, 116586, 103208, 108453, 108983, 103522, 105609, 114294, 111121, 118776, 114798, 115647, 114461, 111674, 118685, 119408, 118689, 117720]}", "profil_mensuel": "{\"labels\": [\"Jan\", \"F\\u00e9v\", \"Mar\", \"Avr\", \"Mai\", \"Jun\", \"Jul\", \"Ao\\u00fb\", \"Sep\", \"Oct\", \"Nov\", \"D\\u00e9c\"], \"values\": [8994.7, 9029.0, 9333.7, 9163.0, 9649.6, 9600.1, 9010.7, 9644.8, 10104.0, 10292.5, 10519.5, 9930.3]}"}}, {"type": "Feature", "geometry": {"type": "Point", "coordinates": [-71.9312155133, 45.7594821207]}, "properties": {"site": "X2114868", "intervenant": "CANARDS DU LAC BROME LTÉE", "nature": "EGOU", "secteur": "population", "volume_annuel_moyen_m3": 142261, "volumes_annuels": "{\"labels\": [\"2001\", \"2002\", \"2003\", \"2004\", \"2005\", \"2006\", \"2007\", \"2008\", \"2009\", \"2010\", \"2011\", \"2012\", \"2013\", \"2014\", \"2015\", \"2016\", \"2017\", \"2018\", \"2019\", \"2020\", \"2021\", \"2022\", \"2023\", \"2024\"], \"values\": [137676, 137820, 136996, 138171, 139530, 139757, 139324, 140313, 142208, 145752, 145587, 141144, 147476, 145530, 135969, 144184, 137699, 136970, 139221, 143805, 149800, 148101, 149807, 151417]}", "profil_mensuel": "{\"labels\": [\"Jan\", \"F\\u00e9v\", \"Mar\", \"Avr\", \"Mai\", \"Jun\", \"Jul\", \"Ao\\u00fb\", \"Sep\", \"Oct\", \"Nov\", \"D\\u00e9c\"], \"values\": [11441.2, 12514.3, 12662.8, 12251.2, 12291.9, 11132.7, 10628.4, 7181.8, 10206.1, 14045.5, 14758.7, 13146.3]}"}}, {"type": "Feature", "geometry": {"type": "Point", "coordinates": [-72.7927777778, 47.4513888889]}, "properties": {"site": "90289331", "intervenant": "COMPAGNIE WESTROCK DU CANADA CORP.", "nature": "NATU", "secteur": "papier", "volume_annuel_moyen_m3": 61939507, "volumes_annuels": "{\"labels\": [\"2001\", \"2002\", \"2003\", \"2004\", \"2005\", \"2006\", \"2007\", \"2008\", \"2009\", \"2010\", \"2011\", \"2012\", \"2013\", \"2014\", \"2015\", \"2016\", \"2017\", \"2018\", \"2019\", \"2020\", \"2021\", \"2022\", \"2023\", \"2024\"], \"values\": [88311845, 91751267, 86711398, 76252066, 88155391, 81858760, 81284241, 74936314, 57333962, 63689583, 61496663, 54209339, 50615029, 58053227, 55484032, 57237830, 51925002, 49851744, 43877863, 39871475, 41437838, 44139948, 46933913, 41129436]}", "profil_mensuel": "{\"labels\": [\"Jan\", \"F\\u00e9v\", \"Mar\", \"Avr\", \"Mai\", \"Jun\", \"Jul\", \"Ao\\u00fb\", \"Sep\", \"Oct\", \"Nov\", \"D\\u00e9c\"], \"values\": [5347545.0, 4712057.1, 5107011.4, 4895546.7, 4538878.8, 4737655.3, 5403774.9, 5524305.6, 5438019.4, 5726895.2, 5056909.9, 5450907.5]}"}}, {"type": "Feature", "geometry": {"type": "Point", "coordinates": [-73.9341952213, 45.7672938168]}, "properties": {"site": "52487394", "intervenant": "CARRIÈRES UNI-JAC INC.", "nature": "NATU", "secteur": "autre", "volume_annuel_moyen_m3": 783644, "volumes_annuels": "{\"labels\": [\"2001\", \"2002\", \"2003\", \"2004\", \"2005\", \"2006\", \"2007\", \"2008\", \"2009\", \"2010\", \"2011\", \"2012\", \"2013\", \"2014\", \"2015\", \"2016\", \"2017\", \"2018\", \"2019\", \"2020\", \"2021\", \"2022\", \"2023\", \"2024\"], \"values\": [820389, 846435, 823713, 789390, 840828, 816520, 813319, 793517, 702466, 738165, 741768, 703094, 711487, 771589, 758763, 793169, 785483, 786803, 780099, 763928, 808392, 814402, 802506, 801237]}", "profil_mensuel": "{\"labels\": [\"Jan\", \"F\\u00e9v\", \"Mar\", \"Avr\", \"Mai\", \"Jun\", \"Jul\", \"Ao\\u00fb\", \"Sep\", \"Oct\", \"Nov\", \"D\\u00e9c\"], \"values\": [46569.8, 40396.6, 57214.4, 20462.5, 42246.6, 89266.9, 124402.4, 161916.2, 32273.0, 83781.8, 65389.5, 19724.7]}"}}, {"type": "Feature", "geometry": {"type": "Point", "coordinates": [-73.8843066232, 45.6623996193]}, "properties": {"site": "90280397", "intervenant": "Les Brasseurs du Nord inc.", "nature": "EGOU", "secteur": "population", "volume_annuel_moyen_m3": 41575, "volumes_annuels": "{\"labels\": [\"2001\", \"2002\", \"2003\", \"2004\", \"2005\", \"2006\", \"2007\", \"2008\", \"2009\", \"2010\", \"2011\", \"2012\", \"2013\", \"2014\", \"2015\", \"2016\", \"2017\", \"2018\", \"2019\", \"2020\", \"2021\", \"2022\", \"2023\", \"2024\"], \"values\": [29099, 30577, 32253, 34063, 35612, 37024, 38426, 39248, 40428, 41511, 42395, 41976, 44433, 44855, 42954, 46688, 45651, 45258, 45838, 47734, 48467, 47489, 47615, 48216]}", "profil_mensuel": "{\"labels\": [\"Jan\", \"F\\u00e9v\", \"Mar\", \"Avr\", \"Mai\", \"Jun\", \"Jul\", \"Ao\\u00fb\", \"Sep\", \"Oct\", \"Nov\", \"D\\u00e9c\"], \"values\": [3229.0, 2944.0, 3311.7, 3083.2, 3636.2, 3456.9, 3600.0, 3698.3, 3551.3, 3700.4, 3639.9, 3724.7]}"}}, {"type": "Feature", "geometry": {"type": "Point", "coordinates": [-71.9356839, 45.3515851]}, "properties": {"site": "90400896", "intervenant": "CONSTRUCTION DJL INC.", "nature": "NATU", "secteur": "autre", "volume_annuel_moyen_m3": 428089, "volumes_annuels": "{\"labels\": [\"2001\", \"2002\", \"2003\", \"2004\", \"2005\", \"2006\", \"2007\", \"2008\", \"2009\", \"2010\", \"2011\", \"2012\", \"2013\", \"2014\", \"2015\", \"2016\", \"2017\", \"2018\", \"2019\", \"2020\", \"2021\", \"2022\", \"2023\", \"2024\"], \"values\": [449066, 463323, 450885, 432097, 460253, 446948, 445195, 434356, 384517, 404057, 406030, 380969, 389278, 421292, 411000, 436760, 419742, 427376, 426016, 415578, 443506, 446698, 440606, 438582]}", "profil_mensuel": "{\"labels\": [\"Jan\", \"F\\u00e9v\", \"Mar\", \"Avr\", \"Mai\", \"Jun\", \"Jul\", \"Ao\\u00fb\", \"Sep\", \"Oct\", \"Nov\", \"D\\u00e9c\"], \"values\": [19866.3, 18740.0, 91447.9, 82312.3, 85867.8, 42233.9, 18795.9, 36019.6, 7387.1, 14149.0, 11269.0, 0.0]}"}}, {"type": "Feature", "geometry": {"type": "Point", "coordinates": [-73.909143, 45.429241]}, "properties": {"site": "X0600332", "intervenant": "G PRODUCTION INC.", "nature": "EGOU", "secteur": "population", "volume_annuel_moyen_m3": 100708, "volumes_annuels": "{\"labels\": [\"2001\", \"2002\", \"2003\", \"2004\", \"2005\", \"2006\", \"2007\", \"2008\", \"2009\", \"2010\", \"2011\", \"2012\", \"2013\", \"2014\", \"2015\", \"2016\", \"2017\", \"2018\", \"2019\", \"2020\", \"2021\", \"2022\", \"2023\", \"2024\"], \"values\": [101536, 101615, 101116, 102561, 102298, 102824, 103113, 102036, 103376, 101825, 101352, 98971, 101834, 101966, 97282, 103474, 99049, 97829, 97875, 101804, 101045, 97530, 96867, 97805]}", "profil_mensuel": "{\"labels\": [\"Jan\", \"F\\u00e9v\", \"Mar\", \"Avr\", \"Mai\", \"Jun\", \"Jul\", \"Ao\\u00fb\", \"Sep\", \"Oct\", \"Nov\", \"D\\u00e9c\"], \"values\": [7993.9, 7524.4, 8362.1, 8222.0, 8915.8, 14893.2, 10812.2, 5967.3, 7228.8, 7308.0, 6974.2, 6505.6]}"}}, {"type": "Feature", "geometry": {"type": "Point", "coordinates": [-72.7765259064, 45.3265409103]}, "properties": {"site": "53287967", "intervenant": "GROUPE COLAS QUÉBEC INC.", "nature": "NATU", "secteur": "autre", "volume_annuel_moyen_m3": 344418, "volumes_annuels": "{\"labels\": [\"2001\", \"2002\", \"2003\", \"2004\", \"2005\", \"2006\", \"2007\", \"2008\", \"2009\", \"2010\", \"2011\", \"2012\", \"2013\", \"2014\", \"2015\", \"2016\", \"2017\", \"2018\", \"2019\", \"2020\", \"2021\", \"2022\", \"2023\", \"2024\"], \"values\": [360608, 372056, 362069, 346981, 369591, 358907, 357500, 348795, 308774, 324465, 326049, 310166, 315325, 337550, 335327, 349870, 343713, 346765, 341941, 332575, 354746, 358609, 351473, 352189]}", "profil_mensuel": "{\"labels\": [\"Jan\", \"F\\u00e9v\", \"Mar\", \"Avr\", \"Mai\", \"Jun\", \"Jul\", \"Ao\\u00fb\", \"Sep\", \"Oct\", \"Nov\", \"D\\u00e9c\"], \"values\": [44016.6, 24792.4, 36396.7, 4904.5, 68145.2, 15835.0, 36039.9, 59921.3, 25617.3, 18171.2, 10578.5, 0.0]}"}}, {"type": "Feature", "geometry": {"type": "Point", "coordinates": [-73.1763160229, 45.4317683144]}, "properties": {"site": "51932309", "intervenant": "IFASTGROUPE 2004 L.P.", "nature": "NATU", "secteur": "autre", "volume_annuel_moyen_m3": 74269, "volumes_annuels": "{\"labels\": [\"2001\", \"2002\", \"2003\", \"2004\", \"2005\", \"2006\", \"2007\", \"2008\", \"2009\", \"2010\", \"2011\", \"2012\", \"2013\", \"2014\", \"2015\", \"2016\", \"2017\", \"2018\", \"2019\", \"2020\", \"2021\", \"2022\", \"2023\", \"2024\"], \"values\": [77640, 80104, 77954, 74706, 79574, 77273, 76970, 75096, 66480, 69858, 70199, 66663, 68058, 73649, 71646, 76710, 74068, 74509, 73647, 71895, 76510, 76898, 76516, 75827]}", "profil_mensuel": "{\"labels\": [\"Jan\", \"F\\u00e9v\", \"Mar\", \"Avr\", \"Mai\", \"Jun\", \"Jul\", \"Ao\\u00fb\", \"Sep\", \"Oct\", \"Nov\", \"D\\u00e9c\"], \"values\": [5848.0, 5340.9, 5408.0, 5421.6, 6472.2, 6382.9, 4938.8, 5669.6, 8021.5, 7521.7, 8130.0, 5113.4]}"}}, {"type": "Feature", "geometry": {"type": "Point", "coordinates": [-73.532, 45.3406]}, "properties": {"site": "53210936", "intervenant": "Amrize Canada Inc.", "nature": "NATU", "secteur": "metaux", "volume_annuel_moyen_m3": 492556, "volumes_annuels": "{\"labels\": [\"2001\", \"2002\", \"2003\", \"2004\", \"2005\", \"2006\", \"2007\", \"2008\", \"2009\", \"2010\", \"2011\", \"2012\", \"2013\", \"2014\", \"2015\", \"2016\", \"2017\", \"2018\", \"2019\", \"2020\", \"2021\", \"2022\", \"2023\", \"2024\"], \"values\": [497735, 494048, 451209, 499779, 542589, 524266, 553923, 546944, 459181, 479343, 507024, 486084, 474272, 513695, 489323, 479963, 477080, 480278, 500335, 492897, 490887, 461718, 463057, 455721]}", "profil_mensuel": "{\"labels\": [\"Jan\", \"F\\u00e9v\", \"Mar\", \"Avr\", \"Mai\", \"Jun\", \"Jul\", \"Ao\\u00fb\", \"Sep\", \"Oct\", \"Nov\", \"D\\u00e9c\"], \"values\": [14082.2, 31697.6, 71324.0, 46705.6, 45715.6, 32919.2, 39148.5, 92456.8, 26129.8, 16617.4, 14602.6, 61157.1]}"}}, {"type": "Feature", "geometry": {"type": "Point", "coordinates": [-73.509935269, 45.4023697816]}, "properties": {"site": "54518170", "intervenant": "PHARMASCIENCE INC.", "nature": "EGOU", "secteur": "population", "volume_annuel_moyen_m3": 5640, "volumes_annuels": "{\"labels\": [\"2001\", \"2002\", \"2003\", \"2004\", \"2005\", \"2006\", \"2007\", \"2008\", \"2009\", \"2010\", \"2011\", \"2012\", \"2013\", \"2014\", \"2015\", \"2016\", \"2017\", \"2018\", \"2019\", \"2020\", \"2021\", \"2022\", \"2023\", \"2024\"], \"values\": [3760, 3871, 4021, 4202, 4436, 4688, 4896, 5208, 5464, 5695, 5788, 5741, 6124, 6186, 5916, 6341, 6121, 6186, 6315, 6682, 6854, 6840, 6930, 7092]}", "profil_mensuel": "{\"labels\": [\"Jan\", \"F\\u00e9v\", \"Mar\", \"Avr\", \"Mai\", \"Jun\", \"Jul\", \"Ao\\u00fb\", \"Sep\", \"Oct\", \"Nov\", \"D\\u00e9c\"], \"values\": [233.7, 236.0, 239.9, 230.6, 232.8, 228.6, 230.3, 236.8, 234.9, 237.0, 240.9, 238.5]}"}}, {"type": "Feature", "geometry": {"type": "Point", "coordinates": [-71.235744, 48.440913]}, "properties": {"site": "53986931", "intervenant": "PF RÉSOLU CANADA INC.", "nature": "NATU", "secteur": "papier", "volume_annuel_moyen_m3": 8435208, "volumes_annuels": "{\"labels\": [\"2001\", \"2002\", \"2003\", \"2004\", \"2005\", \"2006\", \"2007\", \"2008\", \"2009\", \"2010\", \"2011\", \"2012\", \"2013\", \"2014\", \"2015\", \"2016\", \"2017\", \"2018\", \"2019\", \"2020\", \"2021\", \"2022\", \"2023\", \"2024\"], \"values\": [12031193, 12499763, 11813155, 10388225, 12009878, 11152055, 11073785, 10208973, 7810911, 8676771, 8378018, 7376298, 6876026, 7888164, 7567113, 7774219, 7075579, 6789165, 5974795, 5432902, 5648204, 6013410, 6383119, 5603282]}", "profil_mensuel": "{\"labels\": [\"Jan\", \"F\\u00e9v\", \"Mar\", \"Avr\", \"Mai\", \"Jun\", \"Jul\", \"Ao\\u00fb\", \"Sep\", \"Oct\", \"Nov\", \"D\\u00e9c\"], \"values\": [668532.1, 632892.1, 668762.8, 551884.2, 699873.6, 769510.7, 756917.7, 892386.2, 767095.6, 700274.5, 677927.8, 649151.0]}"}}, {"type": "Feature", "geometry": {"type": "Point", "coordinates": [-74.0075193553, 45.2901068411]}, "properties": {"site": "X1606275", "intervenant": "CARRIÈRE DOLOMITE (1996) INC.", "nature": "NATU", "secteur": "autre", "volume_annuel_moyen_m3": 2658955, "volumes_annuels": "{\"labels\": [\"2001\", \"2002\", \"2003\", \"2004\", \"2005\", \"2006\", \"2007\", \"2008\", \"2009\", \"2010\", \"2011\", \"2012\", \"2013\", \"2014\", \"2015\", \"2016\", \"2017\", \"2018\", \"2019\", \"2020\", \"2021\", \"2022\", \"2023\", \"2024\"], \"values\": [2777360, 2865537, 2788613, 2672412, 2846552, 2764260, 2753423, 2686384, 2378141, 2498995, 2511194, 2388508, 2442683, 2642670, 2554471, 2746510, 2632283, 2669241, 2647152, 2584034, 2745311, 2760721, 2745944, 2712521]}", "profil_mensuel": "{\"labels\": [\"Jan\", \"F\\u00e9v\", \"Mar\", \"Avr\", \"Mai\", \"Jun\", \"Jul\", \"Ao\\u00fb\", \"Sep\", \"Oct\", \"Nov\", \"D\\u00e9c\"], \"values\": [159411.9, 192920.5, 256079.0, 321581.5, 304132.1, 149243.3, 144588.7, 192022.7, 93305.0, 233597.2, 242552.1, 369521.0]}"}}, {"type": "Feature", "geometry": {"type": "Point", "coordinates": [-73.3027202733, 61.6661925541]}, "properties": {"site": "X2186973", "intervenant": "GLENCORE CANADA CORPORATION", "nature": "NATU", "secteur": "autre", "volume_annuel_moyen_m3": 1381, "volumes_annuels": "{\"labels\": [\"2001\", \"2002\", \"2003\", \"2004\", \"2005\", \"2006\", \"2007\", \"2008\", \"2009\", \"2010\", \"2011\", \"2012\", \"2013\", \"2014\", \"2015\", \"2016\", \"2017\", \"2018\", \"2019\", \"2020\", \"2021\", \"2022\", \"2023\", \"2024\"], \"values\": [1440, 1485, 1445, 1385, 1475, 1433, 1427, 1392, 1233, 1295, 1302, 1239, 1223, 1333, 1384, 1355, 1435, 1389, 1388, 1360, 1455, 1471, 1396, 1406]}", "profil_mensuel": "{\"labels\": [\"Jan\", \"F\\u00e9v\", \"Mar\", \"Avr\", \"Mai\", \"Jun\", \"Jul\", \"Ao\\u00fb\", \"Sep\", \"Oct\", \"Nov\", \"D\\u00e9c\"], \"values\": [0.0, 0.0, 0.0, 0.0, 0.0, 0.0, 192.4, 1188.7, 0.0, 0.0, 0.0, 0.0]}"}}, {"type": "Feature", "geometry": {"type": "Point", "coordinates": [-73.1422276051, 46.0313805532]}, "properties": {"site": "X0000329", "intervenant": "LINDE CANADA INC.", "nature": "EGOU", "secteur": "population", "volume_annuel_moyen_m3": 20491, "volumes_annuels": "{\"labels\": [\"2001\", \"2002\", \"2003\", \"2004\", \"2005\", \"2006\", \"2007\", \"2008\", \"2009\", \"2010\", \"2011\", \"2012\", \"2013\", \"2014\", \"2015\", \"2016\", \"2017\", \"2018\", \"2019\", \"2020\", \"2021\", \"2022\", \"2023\", \"2024\"], \"values\": [20461, 20308, 20304, 20257, 20144, 20115, 20234, 20255, 20355, 20434, 20462, 19961, 20900, 20986, 19954, 21212, 20304, 19919, 19993, 20791, 21274, 20916, 20913, 21329]}", "profil_mensuel": "{\"labels\": [\"Jan\", \"F\\u00e9v\", \"Mar\", \"Avr\", \"Mai\", \"Jun\", \"Jul\", \"Ao\\u00fb\", \"Sep\", \"Oct\", \"Nov\", \"D\\u00e9c\"], \"values\": [1737.0, 1578.1, 1772.1, 1654.5, 1724.7, 1642.1, 1709.2, 1751.4, 1683.7, 1752.6, 1722.0, 1763.2]}"}}, {"type": "Feature", "geometry": {"type": "Point", "coordinates": [-73.703749783, 45.3050540302]}, "properties": {"site": "24231300", "intervenant": "Unisoya (1986) inc.", "nature": "NATU", "secteur": "autre", "volume_annuel_moyen_m3": 36220, "volumes_annuels": "{\"labels\": [\"2001\", \"2002\", \"2003\", \"2004\", \"2005\", \"2006\", \"2007\", \"2008\", \"2009\", \"2010\", \"2011\", \"2012\", \"2013\", \"2014\", \"2015\", \"2016\", \"2017\", \"2018\", \"2019\", \"2020\", \"2021\", \"2022\", \"2023\", \"2024\"], \"values\": [37880, 39083, 38034, 36449, 38824, 37702, 37554, 36640, 32435, 34084, 34250, 32544, 33195, 35913, 34903, 37298, 36050, 36338, 35976, 35078, 37266, 37518, 37280, 36996]}", "profil_mensuel": "{\"labels\": [\"Jan\", \"F\\u00e9v\", \"Mar\", \"Avr\", \"Mai\", \"Jun\", \"Jul\", \"Ao\\u00fb\", \"Sep\", \"Oct\", \"Nov\", \"D\\u00e9c\"], \"values\": [3004.4, 3029.6, 3073.4, 2968.3, 2992.9, 2945.0, 2966.4, 3038.8, 3018.5, 3040.0, 3084.9, 3058.1]}"}}, {"type": "Feature", "geometry": {"type": "Point", "coordinates": [-73.8280881374, 45.6365605085]}, "properties": {"site": "12481586", "intervenant": "LA COMPAGNIE COMMONWEALTH PLYWOOD LTÉE", "nature": "NATU", "secteur": "autre", "volume_annuel_moyen_m3": 98998, "volumes_annuels": "{\"labels\": [\"2001\", \"2002\", \"2003\", \"2004\", \"2005\", \"2006\", \"2007\", \"2008\", \"2009\", \"2010\", \"2011\", \"2012\", \"2013\", \"2014\", \"2015\", \"2016\", \"2017\", \"2018\", \"2019\", \"2020\", \"2021\", \"2022\", \"2023\", \"2024\"], \"values\": [97108, 99041, 98550, 97521, 99676, 98538, 99101, 98590, 95221, 97742, 97863, 94078, 97902, 100115, 97031, 102110, 100195, 98063, 98432, 99882, 103180, 102013, 101387, 102612]}", "profil_mensuel": "{\"labels\": [\"Jan\", \"F\\u00e9v\", \"Mar\", \"Avr\", \"Mai\", \"Jun\", \"Jul\", \"Ao\\u00fb\", \"Sep\", \"Oct\", \"Nov\", \"D\\u00e9c\"], \"values\": [2216.9, 3353.3, 2439.3, 3132.1, 3135.2, 2896.9, 6274.3, 6826.6, 6526.3, 5810.0, 3998.7, 2889.4]}"}}, {"type": "Feature", "geometry": {"type": "Point", "coordinates": [-74.000468, 45.783333]}, "properties": {"site": "X2132881", "intervenant": "Présentoir Filotech inc.", "nature": "EGOU", "secteur": "population", "volume_annuel_moyen_m3": 13893, "volumes_annuels": "{\"labels\": [\"2001\", \"2002\", \"2003\", \"2004\", \"2005\", \"2006\", \"2007\", \"2008\", \"2009\", \"2010\", \"2011\", \"2012\", \"2013\", \"2014\", \"2015\", \"2016\", \"2017\", \"2018\", \"2019\", \"2020\", \"2021\", \"2022\", \"2023\", \"2024\"], \"values\": [11749, 11808, 12005, 12245, 12408, 12498, 12709, 12871, 13079, 13288, 13419, 13278, 14155, 14413, 13934, 15131, 14755, 14664, 14912, 15638, 16167, 15893, 16027, 16392]}", "profil_mensuel": "{\"labels\": [\"Jan\", \"F\\u00e9v\", \"Mar\", \"Avr\", \"Mai\", \"Jun\", \"Jul\", \"Ao\\u00fb\", \"Sep\", \"Oct\", \"Nov\", \"D\\u00e9c\"], \"values\": [865.8, 1019.8, 1036.0, 997.6, 1054.4, 895.5, 762.7, 1477.5, 1466.0, 1625.8, 1577.0, 1115.3]}"}}, {"type": "Feature", "geometry": {"type": "Point", "coordinates": [-72.47078, 45.91553]}, "properties": {"site": "X2099606", "intervenant": "GROUPE COLAS QUÉBEC INC.", "nature": "NATU", "secteur": "autre", "volume_annuel_moyen_m3": 278404, "volumes_annuels": "{\"labels\": [\"2001\", \"2002\", \"2003\", \"2004\", \"2005\", \"2006\", \"2007\", \"2008\", \"2009\", \"2010\", \"2011\", \"2012\", \"2013\", \"2014\", \"2015\", \"2016\", \"2017\", \"2018\", \"2019\", \"2020\", \"2021\", \"2022\", \"2023\", \"2024\"], \"values\": [291163, 300407, 292343, 280161, 298417, 289790, 288654, 281626, 249311, 261981, 263260, 250143, 255149, 276040, 268278, 286689, 277096, 279312, 276527, 269621, 286444, 288381, 286547, 284366]}", "profil_mensuel": "{\"labels\": [\"Jan\", \"F\\u00e9v\", \"Mar\", \"Avr\", \"Mai\", \"Jun\", \"Jul\", \"Ao\\u00fb\", \"Sep\", \"Oct\", \"Nov\", \"D\\u00e9c\"], \"values\": [23092.9, 23286.9, 23622.8, 22816.6, 23004.7, 22636.2, 22800.5, 23357.6, 23201.9, 23366.7, 23711.7, 23506.0]}"}}, {"type": "Feature", "geometry": {"type": "Point", "coordinates": [-74.205227, 45.301327]}, "properties": {"site": "27305903", "intervenant": "Arcelormittal Coteau-du-Lac Société en commandite", "nature": "EGOU", "secteur": "population", "volume_annuel_moyen_m3": 19043, "volumes_annuels": "{\"labels\": [\"2001\", \"2002\", \"2003\", \"2004\", \"2005\", \"2006\", \"2007\", \"2008\", \"2009\", \"2010\", \"2011\", \"2012\", \"2013\", \"2014\", \"2015\", \"2016\", \"2017\", \"2018\", \"2019\", \"2020\", \"2021\", \"2022\", \"2023\", \"2024\"], \"values\": [15739, 16275, 16794, 17102, 17513, 17851, 18318, 18518, 18864, 18945, 19142, 18963, 19676, 20083, 19030, 20265, 19630, 19288, 19564, 20700, 21387, 20882, 21134, 21379]}", "profil_mensuel": "{\"labels\": [\"Jan\", \"F\\u00e9v\", \"Mar\", \"Avr\", \"Mai\", \"Jun\", \"Jul\", \"Ao\\u00fb\", \"Sep\", \"Oct\", \"Nov\", \"D\\u00e9c\"], \"values\": [1378.7, 1442.0, 1384.3, 1209.6, 1471.8, 1777.3, 1655.1, 1687.6, 1425.8, 1752.4, 1938.3, 1920.4]}"}}, {"type": "Feature", "geometry": {"type": "Point", "coordinates": [-73.6673072839, 45.511723]}, "properties": {"site": "X0000027", "intervenant": "ALPHACASTING INC.", "nature": "EGOU", "secteur": "population", "volume_annuel_moyen_m3": 54829, "volumes_annuels": "{\"labels\": [\"2001\", \"2002\", \"2003\", \"2004\", \"2005\", \"2006\", \"2007\", \"2008\", \"2009\", \"2010\", \"2011\", \"2012\", \"2013\", \"2014\", \"2015\", \"2016\", \"2017\", \"2018\", \"2019\", \"2020\", \"2021\", \"2022\", \"2023\", \"2024\"], \"values\": [51859, 52263, 52388, 52458, 52492, 52572, 52529, 52620, 53085, 53414, 53689, 52671, 55707, 56060, 53350, 57094, 55360, 55631, 56780, 58847, 58151, 57090, 58600, 61178]}", "profil_mensuel": "{\"labels\": [\"Jan\", \"F\\u00e9v\", \"Mar\", \"Avr\", \"Mai\", \"Jun\", \"Jul\", \"Ao\\u00fb\", \"Sep\", \"Oct\", \"Nov\", \"D\\u00e9c\"], \"values\": [5938.8, 2808.5, 4651.8, 4235.3, 4662.8, 5018.2, 4816.4, 3957.6, 3903.0, 5418.0, 5500.2, 3918.1]}"}}, {"type": "Feature", "geometry": {"type": "Point", "coordinates": [-70.4825265253, 46.0122720506]}, "properties": {"site": "12187886", "intervenant": "Les Produits Forestiers D&G Ltée", "nature": "NATU", "secteur": "bois", "volume_annuel_moyen_m3": 2004, "volumes_annuels": "{\"labels\": [\"2001\", \"2002\", \"2003\", \"2004\", \"2005\", \"2006\", \"2007\", \"2008\", \"2009\", \"2010\", \"2011\", \"2012\", \"2013\", \"2014\", \"2015\", \"2016\", \"2017\", \"2018\", \"2019\", \"2020\", \"2021\", \"2022\", \"2023\", \"2024\"], \"values\": [2055, 2269, 2206, 2117, 2318, 2267, 2052, 1956, 1704, 1730, 1693, 1630, 1760, 1824, 1865, 2132, 1978, 2042, 2087, 1912, 2155, 2209, 2006, 2130]}", "profil_mensuel": "{\"labels\": [\"Jan\", \"F\\u00e9v\", \"Mar\", \"Avr\", \"Mai\", \"Jun\", \"Jul\", \"Ao\\u00fb\", \"Sep\", \"Oct\", \"Nov\", \"D\\u00e9c\"], \"values\": [175.6, 165.6, 179.6, 128.8, 175.0, 166.7, 173.4, 177.7, 130.9, 177.7, 174.5, 178.7]}"}}, {"type": "Feature", "geometry": {"type": "Point", "coordinates": [-73.480089, 45.74772]}, "properties": {"site": "27195437", "intervenant": "General Dynamics produits de défense et systèmes tactiques-Canada inc.", "nature": "EGOU", "secteur": "population", "volume_annuel_moyen_m3": 81371, "volumes_annuels": "{\"labels\": [\"2001\", \"2002\", \"2003\", \"2004\", \"2005\", \"2006\", \"2007\", \"2008\", \"2009\", \"2010\", \"2011\", \"2012\", \"2013\", \"2014\", \"2015\", \"2016\", \"2017\", \"2018\", \"2019\", \"2020\", \"2021\", \"2022\", \"2023\", \"2024\"], \"values\": [72998, 73422, 73655, 74047, 74865, 76337, 78409, 79610, 80356, 81245, 82104, 80770, 85439, 85892, 81612, 86971, 83354, 81961, 82860, 86285, 87973, 86380, 87234, 89123]}", "profil_mensuel": "{\"labels\": [\"Jan\", \"F\\u00e9v\", \"Mar\", \"Avr\", \"Mai\", \"Jun\", \"Jul\", \"Ao\\u00fb\", \"Sep\", \"Oct\", \"Nov\", \"D\\u00e9c\"], \"values\": [4693.4, 5970.7, 9215.1, 7946.0, 6937.8, 6887.0, 7187.5, 5285.6, 6277.6, 7423.0, 6763.8, 6783.2]}"}}, {"type": "Feature", "geometry": {"type": "Point", "coordinates": [-72.463712, 45.1322703]}, "properties": {"site": "19299478", "intervenant": "Albany international Canada corp. ", "nature": "EGOU", "secteur": "population", "volume_annuel_moyen_m3": 25026, "volumes_annuels": "{\"labels\": [\"2001\", \"2002\", \"2003\", \"2004\", \"2005\", \"2006\", \"2007\", \"2008\", \"2009\", \"2010\", \"2011\", \"2012\", \"2013\", \"2014\", \"2015\", \"2016\", \"2017\", \"2018\", \"2019\", \"2020\", \"2021\", \"2022\", \"2023\", \"2024\"], \"values\": [23768, 24062, 24770, 24249, 23781, 23888, 23688, 23581, 24008, 24409, 24930, 23738, 24693, 24933, 23926, 25596, 25045, 24719, 24289, 26079, 27481, 27268, 28611, 29112]}", "profil_mensuel": "{\"labels\": [\"Jan\", \"F\\u00e9v\", \"Mar\", \"Avr\", \"Mai\", \"Jun\", \"Jul\", \"Ao\\u00fb\", \"Sep\", \"Oct\", \"Nov\", \"D\\u00e9c\"], \"values\": [1967.7, 1627.9, 1829.6, 1707.3, 1320.0, 2528.7, 2875.2, 2443.2, 2843.7, 2445.1, 1783.5, 1654.2]}"}}, {"type": "Feature", "geometry": {"type": "Point", "coordinates": [-73.436261, 45.56252]}, "properties": {"site": "X2159966", "intervenant": "BRIDOR INC.", "nature": "EGOU", "secteur": "population", "volume_annuel_moyen_m3": 70851, "volumes_annuels": "{\"labels\": [\"2001\", \"2002\", \"2003\", \"2004\", \"2005\", \"2006\", \"2007\", \"2008\", \"2009\", \"2010\", \"2011\", \"2012\", \"2013\", \"2014\", \"2015\", \"2016\", \"2017\", \"2018\", \"2019\", \"2020\", \"2021\", \"2022\", \"2023\", \"2024\"], \"values\": [64840, 65595, 66591, 67465, 68347, 68854, 69562, 69900, 70627, 71171, 71977, 69673, 72733, 73444, 70836, 75115, 72576, 71632, 72215, 74736, 74769, 72359, 72176, 73237]}", "profil_mensuel": "{\"labels\": [\"Jan\", \"F\\u00e9v\", \"Mar\", \"Avr\", \"Mai\", \"Jun\", \"Jul\", \"Ao\\u00fb\", \"Sep\", \"Oct\", \"Nov\", \"D\\u00e9c\"], \"values\": [3571.8, 3783.1, 3896.2, 4114.8, 4903.7, 11294.0, 8611.3, 6256.6, 6860.1, 8447.8, 4993.3, 4118.5]}"}}, {"type": "Feature", "geometry": {"type": "Point", "coordinates": [-73.2561546547, 45.4748048557]}, "properties": {"site": "90441809", "intervenant": "IFASTGROUPE 2004 L.P.", "nature": "NATU", "secteur": "autre", "volume_annuel_moyen_m3": 24413, "volumes_annuels": "{\"labels\": [\"2001\", \"2002\", \"2003\", \"2004\", \"2005\", \"2006\", \"2007\", \"2008\", \"2009\", \"2010\", \"2011\", \"2012\", \"2013\", \"2014\", \"2015\", \"2016\", \"2017\", \"2018\", \"2019\", \"2020\", \"2021\", \"2022\", \"2023\", \"2024\"], \"values\": [25532, 26343, 25636, 24567, 26168, 25412, 25312, 24696, 21862, 22973, 23085, 21935, 22374, 24206, 23525, 25140, 24299, 24493, 24249, 23643, 25118, 25288, 25127, 24936]}", "profil_mensuel": "{\"labels\": [\"Jan\", \"F\\u00e9v\", \"Mar\", \"Avr\", \"Mai\", \"Jun\", \"Jul\", \"Ao\\u00fb\", \"Sep\", \"Oct\", \"Nov\", \"D\\u00e9c\"], \"values\": [2025.0, 2042.0, 2071.5, 2000.7, 2017.3, 1985.0, 1999.4, 2048.2, 2034.5, 2049.0, 2079.3, 2061.2]}"}}, {"type": "Feature", "geometry": {"type": "Point", "coordinates": [-74.073414, 45.394119]}, "properties": {"site": "X2124560", "intervenant": "CIMENT QUÉBEC INC.", "nature": "EGOU", "secteur": "population", "volume_annuel_moyen_m3": 9472, "volumes_annuels": "{\"labels\": [\"2001\", \"2002\", \"2003\", \"2004\", \"2005\", \"2006\", \"2007\", \"2008\", \"2009\", \"2010\", \"2011\", \"2012\", \"2013\", \"2014\", \"2015\", \"2016\", \"2017\", \"2018\", \"2019\", \"2020\", \"2021\", \"2022\", \"2023\", \"2024\"], \"values\": [5674, 5911, 6147, 6464, 6802, 7298, 7701, 8113, 8494, 8880, 9398, 9512, 10392, 10580, 10127, 11015, 10680, 10911, 11287, 11997, 12392, 12295, 12495, 12772]}", "profil_mensuel": "{\"labels\": [\"Jan\", \"F\\u00e9v\", \"Mar\", \"Avr\", \"Mai\", \"Jun\", \"Jul\", \"Ao\\u00fb\", \"Sep\", \"Oct\", \"Nov\", \"D\\u00e9c\"], \"values\": [791.9, 1015.4, 1482.6, 1246.2, 1303.4, 908.3, 329.3, 455.9, 434.8, 249.4, 502.0, 753.3]}"}}, {"type": "Feature", "geometry": {"type": "Point", "coordinates": [-73.518901, 45.584771]}, "properties": {"site": "X2116035", "intervenant": "MAISON DES FUTAILLES, S.E.C.", "nature": "EGOU", "secteur": "population", "volume_annuel_moyen_m3": 43518, "volumes_annuels": "{\"labels\": [\"2001\", \"2002\", \"2003\", \"2004\", \"2005\", \"2006\", \"2007\", \"2008\", \"2009\", \"2010\", \"2011\", \"2012\", \"2013\", \"2014\", \"2015\", \"2016\", \"2017\", \"2018\", \"2019\", \"2020\", \"2021\", \"2022\", \"2023\", \"2024\"], \"values\": [41175, 41496, 41595, 41650, 41678, 41741, 41707, 41779, 42148, 42410, 42628, 41685, 44113, 44397, 42592, 45313, 44156, 44107, 45036, 46583, 46109, 45285, 46467, 48574]}", "profil_mensuel": "{\"labels\": [\"Jan\", \"F\\u00e9v\", \"Mar\", \"Avr\", \"Mai\", \"Jun\", \"Jul\", \"Ao\\u00fb\", \"Sep\", \"Oct\", \"Nov\", \"D\\u00e9c\"], \"values\": [3366.9, 2627.6, 3306.2, 3575.3, 3878.1, 3457.3, 4292.5, 3277.9, 5008.9, 3586.1, 3701.7, 3439.1]}"}}, {"type": "Feature", "geometry": {"type": "Point", "coordinates": [-73.338118, 45.563684]}, "properties": {"site": "54748876", "intervenant": "CONSTRUCTION DJL INC.", "nature": "NATU", "secteur": "autre", "volume_annuel_moyen_m3": 640360, "volumes_annuels": "{\"labels\": [\"2001\", \"2002\", \"2003\", \"2004\", \"2005\", \"2006\", \"2007\", \"2008\", \"2009\", \"2010\", \"2011\", \"2012\", \"2013\", \"2014\", \"2015\", \"2016\", \"2017\", \"2018\", \"2019\", \"2020\", \"2021\", \"2022\", \"2023\", \"2024\"], \"values\": [670966, 692268, 673685, 645612, 687682, 667801, 665183, 648988, 574521, 603718, 606665, 575739, 589217, 633495, 618495, 657707, 636737, 642264, 634733, 614112, 655431, 662843, 655476, 655302]}", "profil_mensuel": "{\"labels\": [\"Jan\", \"F\\u00e9v\", \"Mar\", \"Avr\", \"Mai\", \"Jun\", \"Jul\", \"Ao\\u00fb\", \"Sep\", \"Oct\", \"Nov\", \"D\\u00e9c\"], \"values\": [130030.5, 25392.8, 59489.2, 82234.3, 72870.9, 13683.8, 50012.5, 62765.9, 62347.0, 18658.3, 10377.4, 52497.4]}"}}, {"type": "Feature", "geometry": {"type": "Point", "coordinates": [-77.973327, 49.131492]}, "properties": {"site": "54785654", "intervenant": "MINES ABCOURT INC.", "nature": "NATU", "secteur": "mines", "volume_annuel_moyen_m3": 10, "volumes_annuels": "{\"labels\": [\"2001\", \"2002\", \"2003\", \"2004\", \"2005\", \"2006\", \"2007\", \"2008\", \"2009\", \"2010\", \"2011\", \"2012\", \"2013\", \"2014\", \"2015\", \"2016\", \"2017\", \"2018\", \"2019\", \"2020\", \"2021\", \"2022\", \"2023\", \"2024\"], \"values\": [9, 8, 9, 8, 7, 7, 7, 8, 7, 8, 8, 8, 9, 11, 11, 12, 13, 13, 13, 13, 14, 13, 13, 14]}", "profil_mensuel": "{\"labels\": [\"Jan\", \"F\\u00e9v\", \"Mar\", \"Avr\", \"Mai\", \"Jun\", \"Jul\", \"Ao\\u00fb\", \"Sep\", \"Oct\", \"Nov\", \"D\\u00e9c\"], \"values\": [0.7, 0.7, 0.8, 0.6, 0.9, 0.1, 1.3, 0.9, 1.1, 0.8, 1.0, 1.2]}"}}, {"type": "Feature", "geometry": {"type": "Point", "coordinates": [-73.643799, 45.139973]}, "properties": {"site": "90247545", "intervenant": "CONSTRUCTION DJL INC.", "nature": "NATU", "secteur": "autre", "volume_annuel_moyen_m3": 240731, "volumes_annuels": "{\"labels\": [\"2001\", \"2002\", \"2003\", \"2004\", \"2005\", \"2006\", \"2007\", \"2008\", \"2009\", \"2010\", \"2011\", \"2012\", \"2013\", \"2014\", \"2015\", \"2016\", \"2017\", \"2018\", \"2019\", \"2020\", \"2021\", \"2022\", \"2023\", \"2024\"], \"values\": [252629, 260649, 253652, 243083, 258922, 251437, 250451, 244354, 216316, 227309, 228418, 215570, 220613, 238872, 230000, 248456, 236914, 240227, 238581, 231363, 246837, 248479, 247687, 246731]}", "profil_mensuel": "{\"labels\": [\"Jan\", \"F\\u00e9v\", \"Mar\", \"Avr\", \"Mai\", \"Jun\", \"Jul\", \"Ao\\u00fb\", \"Sep\", \"Oct\", \"Nov\", \"D\\u00e9c\"], \"values\": [39100.2, 16327.5, 23859.1, 46935.9, 21657.2, 21253.1, 8376.6, 8581.3, 19552.0, 9027.4, 6628.1, 19433.1]}"}}, {"type": "Feature", "geometry": {"type": "Point", "coordinates": [-73.79919, 45.25008]}, "properties": {"site": "90430190", "intervenant": "ALIMENTS NORTERA INC.", "nature": "NATU", "secteur": "autre", "volume_annuel_moyen_m3": 85003, "volumes_annuels": "{\"labels\": [\"2001\", \"2002\", \"2003\", \"2004\", \"2005\", \"2006\", \"2007\", \"2008\", \"2009\", \"2010\", \"2011\", \"2012\", \"2013\", \"2014\", \"2015\", \"2016\", \"2017\", \"2018\", \"2019\", \"2020\", \"2021\", \"2022\", \"2023\", \"2024\"], \"values\": [87721, 90506, 88076, 84406, 89906, 87307, 86965, 84847, 75112, 78929, 79314, 76955, 79524, 86334, 81645, 90931, 85929, 86157, 84309, 83512, 88452, 88227, 89334, 85673]}", "profil_mensuel": "{\"labels\": [\"Jan\", \"F\\u00e9v\", \"Mar\", \"Avr\", \"Mai\", \"Jun\", \"Jul\", \"Ao\\u00fb\", \"Sep\", \"Oct\", \"Nov\", \"D\\u00e9c\"], \"values\": [0.0, 0.0, 0.0, 0.0, 0.0, 0.0, 0.0, 0.0, 8883.1, 28944.9, 35724.1, 11450.9]}"}}, {"type": "Feature", "geometry": {"type": "Point", "coordinates": [-71.435759, 46.751532]}, "properties": {"site": "53972600", "intervenant": "General Dynamics produits de défense et systèmes tactiques-Canada inc.", "nature": "EGOU", "secteur": "population", "volume_annuel_moyen_m3": 54163, "volumes_annuels": "{\"labels\": [\"2001\", \"2002\", \"2003\", \"2004\", \"2005\", \"2006\", \"2007\", \"2008\", \"2009\", \"2010\", \"2011\", \"2012\", \"2013\", \"2014\", \"2015\", \"2016\", \"2017\", \"2018\", \"2019\", \"2020\", \"2021\", \"2022\", \"2023\", \"2024\"], \"values\": [47136, 48401, 49290, 50103, 50816, 51215, 51779, 52119, 52501, 53179, 53751, 52710, 55616, 56324, 53252, 57603, 54871, 54856, 55939, 58394, 59835, 59223, 60039, 60963]}", "profil_mensuel": "{\"labels\": [\"Jan\", \"F\\u00e9v\", \"Mar\", \"Avr\", \"Mai\", \"Jun\", \"Jul\", \"Ao\\u00fb\", \"Sep\", \"Oct\", \"Nov\", \"D\\u00e9c\"], \"values\": [4740.4, 4975.5, 5124.9, 5670.8, 5240.9, 4969.0, 4255.7, 1962.7, 4532.0, 5224.1, 5020.1, 2446.9]}"}}, {"type": "Feature", "geometry": {"type": "Point", "coordinates": [-71.6184885849, 45.614277564]}, "properties": {"site": "X2080823", "intervenant": "GRAYMONT (QC) INC.", "nature": "NATU", "secteur": "chimie", "volume_annuel_moyen_m3": 506061, "volumes_annuels": "{\"labels\": [\"2001\", \"2002\", \"2003\", \"2004\", \"2005\", \"2006\", \"2007\", \"2008\", \"2009\", \"2010\", \"2011\", \"2012\", \"2013\", \"2014\", \"2015\", \"2016\", \"2017\", \"2018\", \"2019\", \"2020\", \"2021\", \"2022\", \"2023\", \"2024\"], \"values\": [587824, 594645, 601995, 585017, 577600, 571680, 491661, 458181, 458115, 472008, 452023, 465129, 439672, 452300, 405180, 446473, 443916, 468159, 468066, 483362, 526070, 560579, 562715, 573084]}", "profil_mensuel": "{\"labels\": [\"Jan\", \"F\\u00e9v\", \"Mar\", \"Avr\", \"Mai\", \"Jun\", \"Jul\", \"Ao\\u00fb\", \"Sep\", \"Oct\", \"Nov\", \"D\\u00e9c\"], \"values\": [41637.8, 26216.3, 65798.5, 40333.3, 31486.3, 48749.0, 43226.8, 57804.1, 30339.2, 30823.8, 31636.5, 58009.1]}"}}, {"type": "Feature", "geometry": {"type": "Point", "coordinates": [-74.100318, 45.224858]}, "properties": {"site": "11307774", "intervenant": "ZINC ÉLECTROLYTIQUE DU CANADA LIMITÉE", "nature": "NATU", "secteur": "metaux", "volume_annuel_moyen_m3": 41945748, "volumes_annuels": "{\"labels\": [\"2001\", \"2002\", \"2003\", \"2004\", \"2005\", \"2006\", \"2007\", \"2008\", \"2009\", \"2010\", \"2011\", \"2012\", \"2013\", \"2014\", \"2015\", \"2016\", \"2017\", \"2018\", \"2019\", \"2020\", \"2021\", \"2022\", \"2023\", \"2024\"], \"values\": [42475871, 42161291, 38505450, 42650358, 46303682, 44740009, 47270911, 46675306, 39185782, 40906326, 43268613, 41485728, 40586587, 43816571, 41398619, 40939199, 40344989, 40982781, 42566936, 41763233, 41445272, 39005602, 39328342, 38890496]}", "profil_mensuel": "{\"labels\": [\"Jan\", \"F\\u00e9v\", \"Mar\", \"Avr\", \"Mai\", \"Jun\", \"Jul\", \"Ao\\u00fb\", \"Sep\", \"Oct\", \"Nov\", \"D\\u00e9c\"], \"values\": [3653811.8, 3627644.6, 3803907.3, 3900065.9, 4599521.4, 3851583.7, 4178037.7, 4137555.6, 2272775.5, 446935.6, 3755350.1, 3718558.7]}"}}, {"type": "Feature", "geometry": {"type": "Point", "coordinates": [-73.491164, 45.633769]}, "properties": {"site": "51474831", "intervenant": "PRODUITS SUNCOR ÉNERGIE, S.E.N.C.", "nature": "NATU", "secteur": "chimie", "volume_annuel_moyen_m3": 2799097, "volumes_annuels": "{\"labels\": [\"2001\", \"2002\", \"2003\", \"2004\", \"2005\", \"2006\", \"2007\", \"2008\", \"2009\", \"2010\", \"2011\", \"2012\", \"2013\", \"2014\", \"2015\", \"2016\", \"2017\", \"2018\", \"2019\", \"2020\", \"2021\", \"2022\", \"2023\", \"2024\"], \"values\": [3255268, 3293039, 3333744, 3239720, 3198648, 3165865, 2722735, 2537327, 2536960, 2613896, 2503223, 2567653, 2428536, 2493636, 2246737, 2467131, 2461064, 2587738, 2583887, 2664520, 2904052, 3090568, 3108749, 3173639]}", "profil_mensuel": "{\"labels\": [\"Jan\", \"F\\u00e9v\", \"Mar\", \"Avr\", \"Mai\", \"Jun\", \"Jul\", \"Ao\\u00fb\", \"Sep\", \"Oct\", \"Nov\", \"D\\u00e9c\"], \"values\": [201527.1, 171671.2, 216127.5, 204969.6, 241524.8, 266537.2, 278568.2, 302533.7, 247153.5, 240003.7, 218126.7, 210354.2]}"}}, {"type": "Feature", "geometry": {"type": "Point", "coordinates": [-75.481467, 46.556502]}, "properties": {"site": "53587036", "intervenant": "UNIBOARD CANADA INC.", "nature": "EGOU", "secteur": "population", "volume_annuel_moyen_m3": 8523, "volumes_annuels": "{\"labels\": [\"2001\", \"2002\", \"2003\", \"2004\", \"2005\", \"2006\", \"2007\", \"2008\", \"2009\", \"2010\", \"2011\", \"2012\", \"2013\", \"2014\", \"2015\", \"2016\", \"2017\", \"2018\", \"2019\", \"2020\", \"2021\", \"2022\", \"2023\", \"2024\"], \"values\": [8071, 8120, 8224, 8256, 8276, 8317, 8276, 8281, 8355, 8497, 8550, 8260, 8630, 8763, 8446, 8935, 8649, 8452, 8491, 8891, 9074, 8830, 8905, 8993]}", "profil_mensuel": "{\"labels\": [\"Jan\", \"F\\u00e9v\", \"Mar\", \"Avr\", \"Mai\", \"Jun\", \"Jul\", \"Ao\\u00fb\", \"Sep\", \"Oct\", \"Nov\", \"D\\u00e9c\"], \"values\": [201.6, 203.4, 339.1, 603.7, 687.1, 1836.0, 649.0, 925.8, 726.4, 590.1, 785.9, 974.5]}"}}, {"type": "Feature", "geometry": {"type": "Point", "coordinates": [-73.544434, 45.539146]}, "properties": {"site": "X0600851", "intervenant": "LALLEMAND INC.", "nature": "EGOU", "secteur": "population", "volume_annuel_moyen_m3": 932593, "volumes_annuels": "{\"labels\": [\"2001\", \"2002\", \"2003\", \"2004\", \"2005\", \"2006\", \"2007\", \"2008\", \"2009\", \"2010\", \"2011\", \"2012\", \"2013\", \"2014\", \"2015\", \"2016\", \"2017\", \"2018\", \"2019\", \"2020\", \"2021\", \"2022\", \"2023\", \"2024\"], \"values\": [881777, 888637, 890769, 891949, 892535, 893892, 893159, 894712, 902612, 908220, 912895, 896010, 946881, 952742, 910192, 971265, 944133, 945892, 966173, 1000300, 988950, 971636, 996679, 1040225]}", "profil_mensuel": "{\"labels\": [\"Jan\", \"F\\u00e9v\", \"Mar\", \"Avr\", \"Mai\", \"Jun\", \"Jul\", \"Ao\\u00fb\", \"Sep\", \"Oct\", \"Nov\", \"D\\u00e9c\"], \"values\": [76723.9, 72919.3, 80766.8, 66875.2, 76768.2, 75912.1, 84854.5, 79261.7, 81409.4, 85272.7, 78570.3, 73259.1]}"}}, {"type": "Feature", "geometry": {"type": "Point", "coordinates": [-73.731251, 45.472268]}, "properties": {"site": "X2106576", "intervenant": "BOMBARDIER INC.", "nature": "EGOU", "secteur": "population", "volume_annuel_moyen_m3": 28486, "volumes_annuels": "{\"labels\": [\"2001\", \"2002\", \"2003\", \"2004\", \"2005\", \"2006\", \"2007\", \"2008\", \"2009\", \"2010\", \"2011\", \"2012\", \"2013\", \"2014\", \"2015\", \"2016\", \"2017\", \"2018\", \"2019\", \"2020\", \"2021\", \"2022\", \"2023\", \"2024\"], \"values\": [27251, 27384, 27367, 27317, 27286, 27529, 27493, 27493, 27379, 27603, 27808, 27377, 28965, 29122, 27970, 29932, 28944, 29041, 29453, 30255, 29923, 29665, 30043, 31059]}", "profil_mensuel": "{\"labels\": [\"Jan\", \"F\\u00e9v\", \"Mar\", \"Avr\", \"Mai\", \"Jun\", \"Jul\", \"Ao\\u00fb\", \"Sep\", \"Oct\", \"Nov\", \"D\\u00e9c\"], \"values\": [2323.9, 2344.2, 2378.9, 2345.9, 2366.2, 2326.8, 2370.3, 2430.0, 2412.7, 2378.6, 2415.2, 2393.3]}"}}, {"type": "Feature", "geometry": {"type": "Point", "coordinates": [-69.636647, 47.682235]}, "properties": {"site": "90265059", "intervenant": "ALIMENTS ASTA INC.", "nature": "EGOU", "secteur": "population", "volume_annuel_moyen_m3": 138339, "volumes_annuels": "{\"labels\": [\"2001\", \"2002\", \"2003\", \"2004\", \"2005\", \"2006\", \"2007\", \"2008\", \"2009\", \"2010\", \"2011\", \"2012\", \"2013\", \"2014\", \"2015\", \"2016\", \"2017\", \"2018\", \"2019\", \"2020\", \"2021\", \"2022\", \"2023\", \"2024\"], \"values\": [124215, 122819, 122553, 123284, 124082, 125744, 127073, 129266, 133254, 135846, 137839, 135967, 146513, 145377, 138885, 144589, 141805, 138980, 141108, 149885, 153939, 154817, 156807, 165487]}", "profil_mensuel": "{\"labels\": [\"Jan\", \"F\\u00e9v\", \"Mar\", \"Avr\", \"Mai\", \"Jun\", \"Jul\", \"Ao\\u00fb\", \"Sep\", \"Oct\", \"Nov\", \"D\\u00e9c\"], \"values\": [12068.8, 10857.8, 11744.0, 13116.9, 10635.4, 9997.4, 12599.6, 11679.9, 11901.0, 10018.7, 12035.6, 11684.0]}"}}, {"type": "Feature", "geometry": {"type": "Point", "coordinates": [-71.4389228, 46.7528085]}, "properties": {"site": "X2004788", "intervenant": "BISCUITS LECLERC LTÉE", "nature": "EGOU", "secteur": "population", "volume_annuel_moyen_m3": 13754, "volumes_annuels": "{\"labels\": [\"2001\", \"2002\", \"2003\", \"2004\", \"2005\", \"2006\", \"2007\", \"2008\", \"2009\", \"2010\", \"2011\", \"2012\", \"2013\", \"2014\", \"2015\", \"2016\", \"2017\", \"2018\", \"2019\", \"2020\", \"2021\", \"2022\", \"2023\", \"2024\"], \"values\": [11951, 12272, 12497, 12703, 12884, 12986, 13128, 13215, 13311, 13483, 13629, 13402, 14106, 14296, 13573, 14601, 14010, 13945, 14214, 14867, 15236, 15082, 15238, 15457]}", "profil_mensuel": "{\"labels\": [\"Jan\", \"F\\u00e9v\", \"Mar\", \"Avr\", \"Mai\", \"Jun\", \"Jul\", \"Ao\\u00fb\", \"Sep\", \"Oct\", \"Nov\", \"D\\u00e9c\"], \"values\": [1118.9, 1086.0, 1292.1, 1040.8, 1040.2, 1108.5, 1127.2, 1322.2, 1109.7, 1416.3, 1185.2, 906.4]}"}}, {"type": "Feature", "geometry": {"type": "Point", "coordinates": [-72.860491, 46.31991]}, "properties": {"site": "13641519", "intervenant": "ATRAHAN TRANSFORMATION INC.", "nature": "NATU", "secteur": "autre", "volume_annuel_moyen_m3": 315389, "volumes_annuels": "{\"labels\": [\"2001\", \"2002\", \"2003\", \"2004\", \"2005\", \"2006\", \"2007\", \"2008\", \"2009\", \"2010\", \"2011\", \"2012\", \"2013\", \"2014\", \"2015\", \"2016\", \"2017\", \"2018\", \"2019\", \"2020\", \"2021\", \"2022\", \"2023\", \"2024\"], \"values\": [329821, 340292, 331157, 317358, 338038, 328265, 326978, 319017, 282412, 296764, 298213, 283271, 288888, 312585, 304054, 324581, 314162, 316433, 313246, 305590, 324681, 326803, 324615, 322121]}", "profil_mensuel": "{\"labels\": [\"Jan\", \"F\\u00e9v\", \"Mar\", \"Avr\", \"Mai\", \"Jun\", \"Jul\", \"Ao\\u00fb\", \"Sep\", \"Oct\", \"Nov\", \"D\\u00e9c\"], \"values\": [25066.3, 24497.6, 25941.6, 25062.8, 26161.7, 25726.4, 26521.2, 29213.5, 25987.4, 28929.1, 29129.0, 23152.8]}"}}, {"type": "Feature", "geometry": {"type": "Point", "coordinates": [-75.483094, 46.538824]}, "properties": {"site": "55342828", "intervenant": "SAPUTO PRODUITS LAITIERS CANADA S.E.N.C.", "nature": "EGOU", "secteur": "population", "volume_annuel_moyen_m3": 90, "volumes_annuels": "{\"labels\": [\"2001\", \"2002\", \"2003\", \"2004\", \"2005\", \"2006\", \"2007\", \"2008\", \"2009\", \"2010\", \"2011\", \"2012\", \"2013\", \"2014\", \"2015\", \"2016\", \"2017\", \"2018\", \"2019\", \"2020\", \"2021\", \"2022\", \"2023\", \"2024\"], \"values\": [85, 85, 87, 87, 87, 87, 87, 87, 88, 89, 90, 88, 93, 93, 89, 95, 92, 90, 90, 93, 95, 93, 94, 95]}", "profil_mensuel": "{\"labels\": [\"Jan\", \"F\\u00e9v\", \"Mar\", \"Avr\", \"Mai\", \"Jun\", \"Jul\", \"Ao\\u00fb\", \"Sep\", \"Oct\", \"Nov\", \"D\\u00e9c\"], \"values\": [7.4, 7.3, 6.2, 6.8, 6.8, 6.6, 7.7, 7.8, 7.9, 8.9, 9.1, 7.4]}"}}, {"type": "Feature", "geometry": {"type": "Point", "coordinates": [-71.961711, 45.747386]}, "properties": {"site": "X2177825", "intervenant": "9190-4805 QUÉBEC INC.", "nature": "NATU", "secteur": "autre", "volume_annuel_moyen_m3": 5362, "volumes_annuels": "{\"labels\": [\"2001\", \"2002\", \"2003\", \"2004\", \"2005\", \"2006\", \"2007\", \"2008\", \"2009\", \"2010\", \"2011\", \"2012\", \"2013\", \"2014\", \"2015\", \"2016\", \"2017\", \"2018\", \"2019\", \"2020\", \"2021\", \"2022\", \"2023\", \"2024\"], \"values\": [5604, 5782, 5627, 5392, 5743, 5577, 5556, 5420, 4798, 5042, 5067, 4825, 4920, 5320, 5170, 5532, 5346, 5382, 5324, 5191, 5517, 5551, 5521, 5473]}", "profil_mensuel": "{\"labels\": [\"Jan\", \"F\\u00e9v\", \"Mar\", \"Avr\", \"Mai\", \"Jun\", \"Jul\", \"Ao\\u00fb\", \"Sep\", \"Oct\", \"Nov\", \"D\\u00e9c\"], \"values\": [448.3, 511.0, 329.0, 370.7, 410.6, 391.6, 407.0, 502.7, 478.8, 515.7, 498.3, 498.0]}"}}, {"type": "Feature", "geometry": {"type": "Point", "coordinates": [-72.628917, 45.506126]}, "properties": {"site": "55361331", "intervenant": "CONSTRUCTION DJL INC.", "nature": "NATU", "secteur": "autre", "volume_annuel_moyen_m3": 68399, "volumes_annuels": "{\"labels\": [\"2001\", \"2002\", \"2003\", \"2004\", \"2005\", \"2006\", \"2007\", \"2008\", \"2009\", \"2010\", \"2011\", \"2012\", \"2013\", \"2014\", \"2015\", \"2016\", \"2017\", \"2018\", \"2019\", \"2020\", \"2021\", \"2022\", \"2023\", \"2024\"], \"values\": [71416, 73684, 71706, 68718, 73195, 71079, 70801, 69077, 61151, 64258, 64572, 61506, 62254, 67544, 66431, 69711, 68643, 68801, 68262, 66722, 70839, 71346, 70116, 69749]}", "profil_mensuel": "{\"labels\": [\"Jan\", \"F\\u00e9v\", \"Mar\", \"Avr\", \"Mai\", \"Jun\", \"Jul\", \"Ao\\u00fb\", \"Sep\", \"Oct\", \"Nov\", \"D\\u00e9c\"], \"values\": [4117.3, 3883.6, 4211.8, 3936.0, 4101.6, 4786.7, 6234.8, 17863.4, 2607.3, 2533.2, 5756.6, 8367.0]}"}}, {"type": "Feature", "geometry": {"type": "Point", "coordinates": [-72.144419, 45.271305]}, "properties": {"site": "18141382", "intervenant": "MAGOTTEAUX LTÉE", "nature": "EGOU", "secteur": "population", "volume_annuel_moyen_m3": 51213, "volumes_annuels": "{\"labels\": [\"2001\", \"2002\", \"2003\", \"2004\", \"2005\", \"2006\", \"2007\", \"2008\", \"2009\", \"2010\", \"2011\", \"2012\", \"2013\", \"2014\", \"2015\", \"2016\", \"2017\", \"2018\", \"2019\", \"2020\", \"2021\", \"2022\", \"2023\", \"2024\"], \"values\": [45309, 45656, 46111, 46523, 47110, 47189, 47936, 48555, 49285, 50136, 50836, 49890, 53045, 53149, 50828, 54287, 52551, 52014, 52761, 55273, 57108, 56138, 57753, 59671]}", "profil_mensuel": "{\"labels\": [\"Jan\", \"F\\u00e9v\", \"Mar\", \"Avr\", \"Mai\", \"Jun\", \"Jul\", \"Ao\\u00fb\", \"Sep\", \"Oct\", \"Nov\", \"D\\u00e9c\"], \"values\": [4882.6, 4487.0, 4713.7, 4695.0, 4386.3, 4114.5, 5467.7, 4008.2, 3957.9, 4744.6, 4308.1, 1447.5]}"}}, {"type": "Feature", "geometry": {"type": "Point", "coordinates": [-73.5202710205, 45.6541629677]}, "properties": {"site": "X0000237", "intervenant": "Tékalia Aéronautik (2010) inc.", "nature": "EGOU", "secteur": "population", "volume_annuel_moyen_m3": 14807, "volumes_annuels": "{\"labels\": [\"2001\", \"2002\", \"2003\", \"2004\", \"2005\", \"2006\", \"2007\", \"2008\", \"2009\", \"2010\", \"2011\", \"2012\", \"2013\", \"2014\", \"2015\", \"2016\", \"2017\", \"2018\", \"2019\", \"2020\", \"2021\", \"2022\", \"2023\", \"2024\"], \"values\": [14000, 14109, 14143, 14162, 14171, 14193, 14181, 14206, 14331, 14420, 14494, 14230, 15060, 15139, 14415, 15458, 14946, 15017, 15332, 15872, 15710, 15419, 15842, 16516]}", "profil_mensuel": "{\"labels\": [\"Jan\", \"F\\u00e9v\", \"Mar\", \"Avr\", \"Mai\", \"Jun\", \"Jul\", \"Ao\\u00fb\", \"Sep\", \"Oct\", \"Nov\", \"D\\u00e9c\"], \"values\": [1428.7, 1082.0, 1119.1, 1304.0, 1479.6, 1115.1, 1037.2, 1067.9, 1142.7, 1509.4, 1396.8, 1124.3]}"}}, {"type": "Feature", "geometry": {"type": "Point", "coordinates": [-72.5326381, 45.9008423]}, "properties": {"site": "X2186214", "intervenant": "Soucy International inc.", "nature": "EGOU", "secteur": "population", "volume_annuel_moyen_m3": 31856, "volumes_annuels": "{\"labels\": [\"2001\", \"2002\", \"2003\", \"2004\", \"2005\", \"2006\", \"2007\", \"2008\", \"2009\", \"2010\", \"2011\", \"2012\", \"2013\", \"2014\", \"2015\", \"2016\", \"2017\", \"2018\", \"2019\", \"2020\", \"2021\", \"2022\", \"2023\", \"2024\"], \"values\": [27886, 28096, 28517, 28856, 29270, 29480, 29730, 30195, 30625, 31040, 31464, 31225, 33144, 33264, 31446, 34268, 32766, 32892, 33150, 34465, 35301, 35064, 35706, 36693]}", "profil_mensuel": "{\"labels\": [\"Jan\", \"F\\u00e9v\", \"Mar\", \"Avr\", \"Mai\", \"Jun\", \"Jul\", \"Ao\\u00fb\", \"Sep\", \"Oct\", \"Nov\", \"D\\u00e9c\"], \"values\": [6501.4, 2891.8, 3751.8, 2842.9, 2823.4, 1840.8, 1631.5, 1172.6, 1307.8, 1175.9, 3236.4, 2679.7]}"}}, {"type": "Feature", "geometry": {"type": "Point", "coordinates": [-73.658867, 45.526039]}, "properties": {"site": "X2001031", "intervenant": "AGROPUR COOPÉRATIVE", "nature": "EGOU", "secteur": "population", "volume_annuel_moyen_m3": 374572, "volumes_annuels": "{\"labels\": [\"2001\", \"2002\", \"2003\", \"2004\", \"2005\", \"2006\", \"2007\", \"2008\", \"2009\", \"2010\", \"2011\", \"2012\", \"2013\", \"2014\", \"2015\", \"2016\", \"2017\", \"2018\", \"2019\", \"2020\", \"2021\", \"2022\", \"2023\", \"2024\"], \"values\": [354233, 356988, 357845, 358319, 358554, 359099, 358805, 359429, 362602, 364855, 366733, 359580, 379941, 382453, 365641, 389850, 379202, 379764, 388039, 401885, 397407, 390275, 400332, 417885]}", "profil_mensuel": "{\"labels\": [\"Jan\", \"F\\u00e9v\", \"Mar\", \"Avr\", \"Mai\", \"Jun\", \"Jul\", \"Ao\\u00fb\", \"Sep\", \"Oct\", \"Nov\", \"D\\u00e9c\"], \"values\": [28559.7, 27845.9, 31784.5, 28050.3, 31668.5, 31602.5, 34376.8, 32812.0, 32379.3, 35190.5, 30462.5, 29839.0]}"}}, {"type": "Feature", "geometry": {"type": "Point", "coordinates": [-72.1495475401, 45.2667082817]}, "properties": {"site": "28271401", "intervenant": "MESSER CANADA INC.", "nature": "EGOU", "secteur": "population", "volume_annuel_moyen_m3": 2098, "volumes_annuels": "{\"labels\": [\"2001\", \"2002\", \"2003\", \"2004\", \"2005\", \"2006\", \"2007\", \"2008\", \"2009\", \"2010\", \"2011\", \"2012\", \"2013\", \"2014\", \"2015\", \"2016\", \"2017\", \"2018\", \"2019\", \"2020\", \"2021\", \"2022\", \"2023\", \"2024\"], \"values\": [1858, 1872, 1891, 1908, 1932, 1935, 1966, 1991, 2021, 2056, 2085, 2035, 2161, 2164, 2092, 2224, 2146, 2127, 2158, 2262, 2352, 2304, 2365, 2447]}", "profil_mensuel": "{\"labels\": [\"Jan\", \"F\\u00e9v\", \"Mar\", \"Avr\", \"Mai\", \"Jun\", \"Jul\", \"Ao\\u00fb\", \"Sep\", \"Oct\", \"Nov\", \"D\\u00e9c\"], \"values\": [109.5, 212.3, 221.7, 202.6, 356.9, 214.3, 111.3, 163.6, 226.8, 102.2, 83.6, 93.2]}"}}, {"type": "Feature", "geometry": {"type": "Point", "coordinates": [-73.8000896, 45.4656]}, "properties": {"site": "X2078428", "intervenant": "ANODISATION & PEINTURE T.N.M. INC.", "nature": "EGOU", "secteur": "population", "volume_annuel_moyen_m3": 14668, "volumes_annuels": "{\"labels\": [\"2001\", \"2002\", \"2003\", \"2004\", \"2005\", \"2006\", \"2007\", \"2008\", \"2009\", \"2010\", \"2011\", \"2012\", \"2013\", \"2014\", \"2015\", \"2016\", \"2017\", \"2018\", \"2019\", \"2020\", \"2021\", \"2022\", \"2023\", \"2024\"], \"values\": [13786, 13919, 13918, 13930, 13930, 14034, 14039, 14199, 14329, 14296, 14322, 13997, 14683, 14628, 14020, 15148, 14593, 14601, 15041, 15724, 15873, 15809, 16277, 16940]}", "profil_mensuel": "{\"labels\": [\"Jan\", \"F\\u00e9v\", \"Mar\", \"Avr\", \"Mai\", \"Jun\", \"Jul\", \"Ao\\u00fb\", \"Sep\", \"Oct\", \"Nov\", \"D\\u00e9c\"], \"values\": [1326.8, 1216.7, 1296.7, 1250.7, 1321.5, 1240.7, 833.1, 1342.4, 1211.4, 1282.2, 1301.6, 1044.3]}"}}, {"type": "Feature", "geometry": {"type": "Point", "coordinates": [-75.65008, 49.06867]}, "properties": {"site": "X2095752", "intervenant": "Groupe Minier Windfall Inc.", "nature": "NATU", "secteur": "autre", "volume_annuel_moyen_m3": 309013, "volumes_annuels": "{\"labels\": [\"2001\", \"2002\", \"2003\", \"2004\", \"2005\", \"2006\", \"2007\", \"2008\", \"2009\", \"2010\", \"2011\", \"2012\", \"2013\", \"2014\", \"2015\", \"2016\", \"2017\", \"2018\", \"2019\", \"2020\", \"2021\", \"2022\", \"2023\", \"2024\"], \"values\": [323936, 334221, 325249, 311696, 332007, 322409, 321145, 313326, 277374, 291469, 292892, 275059, 281187, 305696, 296922, 317970, 306738, 308283, 306341, 299104, 318659, 319411, 318838, 316374]}", "profil_mensuel": "{\"labels\": [\"Jan\", \"F\\u00e9v\", \"Mar\", \"Avr\", \"Mai\", \"Jun\", \"Jul\", \"Ao\\u00fb\", \"Sep\", \"Oct\", \"Nov\", \"D\\u00e9c\"], \"values\": [13808.8, 13795.1, 19581.5, 50152.6, 27619.8, 33037.8, 21932.6, 21155.6, 27707.6, 37377.7, 29720.4, 13123.4]}"}}, {"type": "Feature", "geometry": {"type": "Point", "coordinates": [-72.877076, 45.58604]}, "properties": {"site": "23155971", "intervenant": "LES CARRIERES DE SAINT-DOMINIQUE LTÉE", "nature": "NATU", "secteur": "autre", "volume_annuel_moyen_m3": 1079300, "volumes_annuels": "{\"labels\": [\"2001\", \"2002\", \"2003\", \"2004\", \"2005\", \"2006\", \"2007\", \"2008\", \"2009\", \"2010\", \"2011\", \"2012\", \"2013\", \"2014\", \"2015\", \"2016\", \"2017\", \"2018\", \"2019\", \"2020\", \"2021\", \"2022\", \"2023\", \"2024\"], \"values\": [1130484, 1166375, 1135064, 1087766, 1158647, 1125151, 1120740, 1093453, 967987, 1017179, 1022145, 967442, 985349, 1065056, 1045122, 1107502, 1078165, 1080153, 1068870, 1040033, 1110485, 1118842, 1107098, 1104092]}", "profil_mensuel": "{\"labels\": [\"Jan\", \"F\\u00e9v\", \"Mar\", \"Avr\", \"Mai\", \"Jun\", \"Jul\", \"Ao\\u00fb\", \"Sep\", \"Oct\", \"Nov\", \"D\\u00e9c\"], \"values\": [127609.8, 70211.5, 105610.4, 92654.8, 96585.3, 87175.9, 78301.1, 133169.9, 138504.6, 66862.9, 31702.6, 50911.3]}"}}, {"type": "Feature", "geometry": {"type": "Point", "coordinates": [-73.845893, 45.63386]}, "properties": {"site": "51980662", "intervenant": "PACCAR DU CANADA LTÉE", "nature": "EGOU", "secteur": "population", "volume_annuel_moyen_m3": 159596, "volumes_annuels": "{\"labels\": [\"2001\", \"2002\", \"2003\", \"2004\", \"2005\", \"2006\", \"2007\", \"2008\", \"2009\", \"2010\", \"2011\", \"2012\", \"2013\", \"2014\", \"2015\", \"2016\", \"2017\", \"2018\", \"2019\", \"2020\", \"2021\", \"2022\", \"2023\", \"2024\"], \"values\": [151857, 153981, 154930, 155689, 155989, 155567, 157183, 157813, 158327, 160941, 160892, 155884, 163669, 163434, 155996, 165337, 160514, 157442, 159019, 164350, 167466, 164138, 163358, 166530]}", "profil_mensuel": "{\"labels\": [\"Jan\", \"F\\u00e9v\", \"Mar\", \"Avr\", \"Mai\", \"Jun\", \"Jul\", \"Ao\\u00fb\", \"Sep\", \"Oct\", \"Nov\", \"D\\u00e9c\"], \"values\": [10893.5, 10940.4, 11987.3, 11390.4, 14021.0, 12896.1, 15762.1, 15975.0, 15122.1, 14847.9, 15073.3, 10687.0]}"}}, {"type": "Feature", "geometry": {"type": "Point", "coordinates": [-71.971597, 46.1483306]}, "properties": {"site": "X2091429", "intervenant": "CARRIÈRES P.C.M. INC.", "nature": "NATU", "secteur": "autre", "volume_annuel_moyen_m3": 296064, "volumes_annuels": "{\"labels\": [\"2001\", \"2002\", \"2003\", \"2004\", \"2005\", \"2006\", \"2007\", \"2008\", \"2009\", \"2010\", \"2011\", \"2012\", \"2013\", \"2014\", \"2015\", \"2016\", \"2017\", \"2018\", \"2019\", \"2020\", \"2021\", \"2022\", \"2023\", \"2024\"], \"values\": [313443, 323395, 314713, 301599, 321252, 311965, 310742, 303176, 268389, 282028, 283405, 260536, 261968, 287867, 285281, 292156, 295416, 294626, 293235, 288614, 302519, 302423, 300652, 306126]}", "profil_mensuel": "{\"labels\": [\"Jan\", \"F\\u00e9v\", \"Mar\", \"Avr\", \"Mai\", \"Jun\", \"Jul\", \"Ao\\u00fb\", \"Sep\", \"Oct\", \"Nov\", \"D\\u00e9c\"], \"values\": [0.0, 0.0, 0.0, 0.0, 0.0, 103882.0, 98698.1, 20113.7, 26969.4, 32083.5, 14316.9, 0.0]}"}}, {"type": "Feature", "geometry": {"type": "Point", "coordinates": [-73.5105, 45.6180555556]}, "properties": {"site": "X0600605", "intervenant": "ENTREPRISE INDORAMA PTA MONTRÉAL S.E.C.", "nature": "EGOU", "secteur": "population", "volume_annuel_moyen_m3": 1219, "volumes_annuels": "{\"labels\": [\"2001\", \"2002\", \"2003\", \"2004\", \"2005\", \"2006\", \"2007\", \"2008\", \"2009\", \"2010\", \"2011\", \"2012\", \"2013\", \"2014\", \"2015\", \"2016\", \"2017\", \"2018\", \"2019\", \"2020\", \"2021\", \"2022\", \"2023\", \"2024\"], \"values\": [1116, 1110, 1073, 1167, 1188, 1190, 1168, 1160, 1168, 1165, 1164, 1139, 1175, 1203, 1147, 1218, 1209, 1195, 1251, 1320, 1388, 1397, 1428, 1517]}", "profil_mensuel": "{\"labels\": [\"Jan\", \"F\\u00e9v\", \"Mar\", \"Avr\", \"Mai\", \"Jun\", \"Jul\", \"Ao\\u00fb\", \"Sep\", \"Oct\", \"Nov\", \"D\\u00e9c\"], \"values\": [136.7, 117.3, 135.1, 131.6, 130.3, 136.2, 138.1, 174.4, 77.4, 36.8, 5.3, 0.0]}"}}, {"type": "Feature", "geometry": {"type": "Point", "coordinates": [-71.5961343067, 45.6291164665]}, "properties": {"site": "X0501602", "intervenant": "GRAYMONT (QC) INC.", "nature": "NATU", "secteur": "chimie", "volume_annuel_moyen_m3": 141442, "volumes_annuels": "{\"labels\": [\"2001\", \"2002\", \"2003\", \"2004\", \"2005\", \"2006\", \"2007\", \"2008\", \"2009\", \"2010\", \"2011\", \"2012\", \"2013\", \"2014\", \"2015\", \"2016\", \"2017\", \"2018\", \"2019\", \"2020\", \"2021\", \"2022\", \"2023\", \"2024\"], \"values\": [165412, 167331, 169399, 164622, 162535, 160869, 138352, 128931, 128912, 132821, 127198, 127737, 121603, 124536, 114903, 122471, 125183, 130193, 130849, 133147, 145259, 155463, 155616, 161264]}", "profil_mensuel": "{\"labels\": [\"Jan\", \"F\\u00e9v\", \"Mar\", \"Avr\", \"Mai\", \"Jun\", \"Jul\", \"Ao\\u00fb\", \"Sep\", \"Oct\", \"Nov\", \"D\\u00e9c\"], \"values\": [5955.3, 0.0, 0.0, 33183.9, 20174.4, 278.6, 31116.1, 23554.1, 14543.1, 3139.0, 9497.2, 0.0]}"}}, {"type": "Feature", "geometry": {"type": "Point", "coordinates": [-72.6789139876, 45.3042009271]}, "properties": {"site": "54748744", "intervenant": "CONSTRUCTION DJL INC.", "nature": "NATU", "secteur": "autre", "volume_annuel_moyen_m3": 196247, "volumes_annuels": "{\"labels\": [\"2001\", \"2002\", \"2003\", \"2004\", \"2005\", \"2006\", \"2007\", \"2008\", \"2009\", \"2010\", \"2011\", \"2012\", \"2013\", \"2014\", \"2015\", \"2016\", \"2017\", \"2018\", \"2019\", \"2020\", \"2021\", \"2022\", \"2023\", \"2024\"], \"values\": [200799, 207257, 202091, 194188, 206692, 201181, 200804, 196517, 175203, 184110, 185255, 176699, 179901, 194644, 191383, 201620, 198270, 198337, 197169, 194124, 206484, 207629, 205151, 204416]}", "profil_mensuel": "{\"labels\": [\"Jan\", \"F\\u00e9v\", \"Mar\", \"Avr\", \"Mai\", \"Jun\", \"Jul\", \"Ao\\u00fb\", \"Sep\", \"Oct\", \"Nov\", \"D\\u00e9c\"], \"values\": [5699.0, 5376.5, 5831.1, 5448.9, 5677.4, 7094.5, 9560.4, 19613.5, 7647.7, 6922.7, 5386.4, 13865.3]}"}}, {"type": "Feature", "geometry": {"type": "Point", "coordinates": [-73.920963, 45.0376]}, "properties": {"site": "13324124", "intervenant": "VERGERS LEAHY INC.", "nature": "NATU", "secteur": "autre", "volume_annuel_moyen_m3": 121158, "volumes_annuels": "{\"labels\": [\"2001\", \"2002\", \"2003\", \"2004\", \"2005\", \"2006\", \"2007\", \"2008\", \"2009\", \"2010\", \"2011\", \"2012\", \"2013\", \"2014\", \"2015\", \"2016\", \"2017\", \"2018\", \"2019\", \"2020\", \"2021\", \"2022\", \"2023\", \"2024\"], \"values\": [126721, 130745, 127235, 121933, 129878, 126124, 125629, 122570, 108506, 114021, 114577, 109132, 111433, 120227, 116337, 125061, 119859, 121550, 120376, 117106, 124620, 125641, 124759, 123763]}", "profil_mensuel": "{\"labels\": [\"Jan\", \"F\\u00e9v\", \"Mar\", \"Avr\", \"Mai\", \"Jun\", \"Jul\", \"Ao\\u00fb\", \"Sep\", \"Oct\", \"Nov\", \"D\\u00e9c\"], \"values\": [6833.2, 6413.6, 6811.1, 6426.7, 6833.8, 4073.6, 2888.4, 4326.1, 3927.5, 3952.1, 4307.7, 3785.2]}"}}, {"type": "Feature", "geometry": {"type": "Point", "coordinates": [-73.37013, 45.528041]}, "properties": {"site": "X2136092", "intervenant": "EXCELDOR COOPÉRATIVE", "nature": "EGOU", "secteur": "population", "volume_annuel_moyen_m3": 42276, "volumes_annuels": "{\"labels\": [\"2001\", \"2002\", \"2003\", \"2004\", \"2005\", \"2006\", \"2007\", \"2008\", \"2009\", \"2010\", \"2011\", \"2012\", \"2013\", \"2014\", \"2015\", \"2016\", \"2017\", \"2018\", \"2019\", \"2020\", \"2021\", \"2022\", \"2023\", \"2024\"], \"values\": [39832, 40140, 40318, 40189, 40217, 40220, 40633, 41225, 41928, 42642, 43052, 42233, 44155, 44194, 42277, 44714, 43179, 42434, 42632, 44017, 44058, 43454, 43135, 43757]}", "profil_mensuel": "{\"labels\": [\"Jan\", \"F\\u00e9v\", \"Mar\", \"Avr\", \"Mai\", \"Jun\", \"Jul\", \"Ao\\u00fb\", \"Sep\", \"Oct\", \"Nov\", \"D\\u00e9c\"], \"values\": [3757.1, 3483.7, 2719.0, 2162.3, 3577.2, 3867.7, 4129.6, 5924.1, 3977.8, 3102.5, 3393.7, 2181.8]}"}}, {"type": "Feature", "geometry": {"type": "Point", "coordinates": [-72.3996666667, 46.3726944444]}, "properties": {"site": "55206361", "intervenant": "Alubar Métaux Inc.", "nature": "NATU", "secteur": "autre", "volume_annuel_moyen_m3": 28, "volumes_annuels": "{\"labels\": [\"2001\", \"2002\", \"2003\", \"2004\", \"2005\", \"2006\", \"2007\", \"2008\", \"2009\", \"2010\", \"2011\", \"2012\", \"2013\", \"2014\", \"2015\", \"2016\", \"2017\", \"2018\", \"2019\", \"2020\", \"2021\", \"2022\", \"2023\", \"2024\"], \"values\": [30, 31, 30, 29, 30, 29, 29, 29, 25, 27, 27, 25, 26, 28, 27, 29, 28, 28, 28, 28, 29, 29, 29, 29]}", "profil_mensuel": "{\"labels\": [\"Jan\", \"F\\u00e9v\", \"Mar\", \"Avr\", \"Mai\", \"Jun\", \"Jul\", \"Ao\\u00fb\", \"Sep\", \"Oct\", \"Nov\", \"D\\u00e9c\"], \"values\": [1.4, 1.3, 3.1, 3.5, 2.8, 2.5, 2.4, 3.7, 1.4, 2.2, 2.3, 1.8]}"}}, {"type": "Feature", "geometry": {"type": "Point", "coordinates": [-73.8502, 45.6254]}, "properties": {"site": "X2123983", "intervenant": "LES ALIMENTS O SOLE MIO INC.", "nature": "EGOU", "secteur": "population", "volume_annuel_moyen_m3": 68057, "volumes_annuels": "{\"labels\": [\"2001\", \"2002\", \"2003\", \"2004\", \"2005\", \"2006\", \"2007\", \"2008\", \"2009\", \"2010\", \"2011\", \"2012\", \"2013\", \"2014\", \"2015\", \"2016\", \"2017\", \"2018\", \"2019\", \"2020\", \"2021\", \"2022\", \"2023\", \"2024\"], \"values\": [67762, 67355, 66901, 66980, 66635, 66439, 66392, 66151, 66489, 66809, 67263, 65987, 69231, 69322, 66169, 69673, 65892, 65059, 66537, 70362, 72953, 71649, 72274, 73086]}", "profil_mensuel": "{\"labels\": [\"Jan\", \"F\\u00e9v\", \"Mar\", \"Avr\", \"Mai\", \"Jun\", \"Jul\", \"Ao\\u00fb\", \"Sep\", \"Oct\", \"Nov\", \"D\\u00e9c\"], \"values\": [5605.4, 4992.5, 5479.5, 4391.1, 4404.4, 5221.8, 4142.8, 6236.9, 6020.8, 8125.7, 7131.1, 6305.0]}"}}, {"type": "Feature", "geometry": {"type": "Point", "coordinates": [-73.541389, 45.658333]}, "properties": {"site": "X0600586", "intervenant": "KIK Holdco Company inc.", "nature": "EGOU", "secteur": "population", "volume_annuel_moyen_m3": 15, "volumes_annuels": "{\"labels\": [\"2001\", \"2002\", \"2003\", \"2004\", \"2005\", \"2006\", \"2007\", \"2008\", \"2009\", \"2010\", \"2011\", \"2012\", \"2013\", \"2014\", \"2015\", \"2016\", \"2017\", \"2018\", \"2019\", \"2020\", \"2021\", \"2022\", \"2023\", \"2024\"], \"values\": [14, 14, 14, 14, 14, 14, 14, 14, 14, 14, 15, 14, 15, 15, 14, 15, 15, 15, 15, 16, 16, 15, 16, 17]}", "profil_mensuel": "{\"labels\": [\"Jan\", \"F\\u00e9v\", \"Mar\", \"Avr\", \"Mai\", \"Jun\", \"Jul\", \"Ao\\u00fb\", \"Sep\", \"Oct\", \"Nov\", \"D\\u00e9c\"], \"values\": [1.3, 1.3, 1.1, 1.3, 1.6, 1.2, 1.2, 1.0, 0.9, 1.3, 1.2, 1.4]}"}}, {"type": "Feature", "geometry": {"type": "Point", "coordinates": [-72.0751054127, 45.8608682691]}, "properties": {"site": "X1700119", "intervenant": "CASCADES CANADA ULC", "nature": "NATU", "secteur": "papier", "volume_annuel_moyen_m3": 2965626, "volumes_annuels": "{\"labels\": [\"2001\", \"2002\", \"2003\", \"2004\", \"2005\", \"2006\", \"2007\", \"2008\", \"2009\", \"2010\", \"2011\", \"2012\", \"2013\", \"2014\", \"2015\", \"2016\", \"2017\", \"2018\", \"2019\", \"2020\", \"2021\", \"2022\", \"2023\", \"2024\"], \"values\": [4227769, 4392425, 4151151, 3650429, 4220279, 3918839, 3891335, 3587440, 2744759, 3049023, 2944041, 2597880, 2424595, 2780205, 2653799, 2741142, 2482376, 2387539, 2102379, 1910759, 1984854, 2114577, 2248442, 1968997]}", "profil_mensuel": "{\"labels\": [\"Jan\", \"F\\u00e9v\", \"Mar\", \"Avr\", \"Mai\", \"Jun\", \"Jul\", \"Ao\\u00fb\", \"Sep\", \"Oct\", \"Nov\", \"D\\u00e9c\"], \"values\": [228321.1, 272869.1, 262829.5, 229463.4, 236123.3, 234319.0, 246198.0, 260151.2, 227866.3, 275514.1, 253967.7, 238003.7]}"}}, {"type": "Feature", "geometry": {"type": "Point", "coordinates": [-72.444049, 48.614976]}, "properties": {"site": "28683803", "intervenant": "Usine de congélation de St-Bruno inc.", "nature": "EGOU", "secteur": "population", "volume_annuel_moyen_m3": 23586, "volumes_annuels": "{\"labels\": [\"2001\", \"2002\", \"2003\", \"2004\", \"2005\", \"2006\", \"2007\", \"2008\", \"2009\", \"2010\", \"2011\", \"2012\", \"2013\", \"2014\", \"2015\", \"2016\", \"2017\", \"2018\", \"2019\", \"2020\", \"2021\", \"2022\", \"2023\", \"2024\"], \"values\": [24557, 24384, 24055, 23910, 24012, 23905, 23985, 23892, 23812, 23699, 23481, 22791, 23470, 23590, 23254, 23735, 23735, 22507, 22716, 23223, 23819, 23476, 22758, 23306]}", "profil_mensuel": "{\"labels\": [\"Jan\", \"F\\u00e9v\", \"Mar\", \"Avr\", \"Mai\", \"Jun\", \"Jul\", \"Ao\\u00fb\", \"Sep\", \"Oct\", \"Nov\", \"D\\u00e9c\"], \"values\": [424.7, 590.6, 577.2, 651.9, 564.1, 777.8, 2808.8, 10179.3, 3322.3, 2185.3, 848.0, 656.3]}"}}, {"type": "Feature", "geometry": {"type": "Point", "coordinates": [-71.4389228, 46.7528085]}, "properties": {"site": "X0300893", "intervenant": "BISCUITS LECLERC LTÉE", "nature": "EGOU", "secteur": "population", "volume_annuel_moyen_m3": 28838, "volumes_annuels": "{\"labels\": [\"2001\", \"2002\", \"2003\", \"2004\", \"2005\", \"2006\", \"2007\", \"2008\", \"2009\", \"2010\", \"2011\", \"2012\", \"2013\", \"2014\", \"2015\", \"2016\", \"2017\", \"2018\", \"2019\", \"2020\", \"2021\", \"2022\", \"2023\", \"2024\"], \"values\": [25033, 25705, 26178, 26609, 26988, 27200, 27499, 27680, 27883, 28243, 28547, 28068, 29556, 29962, 28578, 30583, 29510, 29292, 29841, 31228, 31971, 31647, 31931, 32377]}", "profil_mensuel": "{\"labels\": [\"Jan\", \"F\\u00e9v\", \"Mar\", \"Avr\", \"Mai\", \"Jun\", \"Jul\", \"Ao\\u00fb\", \"Sep\", \"Oct\", \"Nov\", \"D\\u00e9c\"], \"values\": [1606.7, 1726.4, 2030.2, 1953.2, 2251.5, 1833.1, 2867.4, 3502.5, 2361.6, 2897.1, 3523.6, 2284.6]}"}}, {"type": "Feature", "geometry": {"type": "Point", "coordinates": [-72.778968, 45.385144]}, "properties": {"site": "52485471", "intervenant": "AGROPUR COOPÉRATIVE", "nature": "EGOU", "secteur": "population", "volume_annuel_moyen_m3": 643451, "volumes_annuels": "{\"labels\": [\"2001\", \"2002\", \"2003\", \"2004\", \"2005\", \"2006\", \"2007\", \"2008\", \"2009\", \"2010\", \"2011\", \"2012\", \"2013\", \"2014\", \"2015\", \"2016\", \"2017\", \"2018\", \"2019\", \"2020\", \"2021\", \"2022\", \"2023\", \"2024\"], \"values\": [567208, 571090, 575142, 583427, 592504, 600860, 609134, 617179, 624130, 633227, 642304, 631148, 668805, 673574, 642337, 690727, 665505, 658316, 667494, 695502, 711106, 698295, 704928, 718885]}", "profil_mensuel": "{\"labels\": [\"Jan\", \"F\\u00e9v\", \"Mar\", \"Avr\", \"Mai\", \"Jun\", \"Jul\", \"Ao\\u00fb\", \"Sep\", \"Oct\", \"Nov\", \"D\\u00e9c\"], \"values\": [63212.0, 50958.3, 45260.5, 58667.2, 47734.0, 47184.3, 58865.6, 47714.0, 48122.4, 71764.7, 49341.5, 54626.6]}"}}, {"type": "Feature", "geometry": {"type": "Point", "coordinates": [-71.207278, 46.781111]}, "properties": {"site": "52670411", "intervenant": "ÉNERGIE VALERO INC.", "nature": "NATU", "secteur": "chimie", "volume_annuel_moyen_m3": 3461308, "volumes_annuels": "{\"labels\": [\"2001\", \"2002\", \"2003\", \"2004\", \"2005\", \"2006\", \"2007\", \"2008\", \"2009\", \"2010\", \"2011\", \"2012\", \"2013\", \"2014\", \"2015\", \"2016\", \"2017\", \"2018\", \"2019\", \"2020\", \"2021\", \"2022\", \"2023\", \"2024\"], \"values\": [4024130, 4070822, 4121141, 4004909, 3954137, 3913611, 3365817, 3136618, 3136165, 3231272, 3094460, 3177393, 3007829, 3088329, 2773519, 3057607, 3037034, 3200223, 3196996, 3294767, 3591053, 3822467, 3847871, 3923221]}", "profil_mensuel": "{\"labels\": [\"Jan\", \"F\\u00e9v\", \"Mar\", \"Avr\", \"Mai\", \"Jun\", \"Jul\", \"Ao\\u00fb\", \"Sep\", \"Oct\", \"Nov\", \"D\\u00e9c\"], \"values\": [129526.9, 118617.8, 143966.8, 153347.6, 152550.0, 153967.5, 148397.6, 170145.3, 138770.2, 134530.4, 142279.4, 144554.5]}"}}, {"type": "Feature", "geometry": {"type": "Point", "coordinates": [-72.027518, 46.667017]}, "properties": {"site": "X2140128", "intervenant": "CIMENT QUÉBEC INC.", "nature": "NATU", "secteur": "chimie", "volume_annuel_moyen_m3": 30, "volumes_annuels": "{\"labels\": [\"2001\", \"2002\", \"2003\", \"2004\", \"2005\", \"2006\", \"2007\", \"2008\", \"2009\", \"2010\", \"2011\", \"2012\", \"2013\", \"2014\", \"2015\", \"2016\", \"2017\", \"2018\", \"2019\", \"2020\", \"2021\", \"2022\", \"2023\", \"2024\"], \"values\": [35, 35, 36, 35, 34, 34, 29, 27, 27, 28, 27, 27, 25, 26, 24, 25, 26, 27, 27, 28, 31, 33, 32, 34]}", "profil_mensuel": "{\"labels\": [\"Jan\", \"F\\u00e9v\", \"Mar\", \"Avr\", \"Mai\", \"Jun\", \"Jul\", \"Ao\\u00fb\", \"Sep\", \"Oct\", \"Nov\", \"D\\u00e9c\"], \"values\": [0.0, 0.0, 0.0, 0.0, 0.0, 10.4, 6.1, 8.0, 5.3, 0.0, 0.0, 0.0]}"}}, {"type": "Feature", "geometry": {"type": "Point", "coordinates": [-73.681305, 45.636805]}, "properties": {"site": "18424408", "intervenant": "CONSTRUCTION DJL INC.", "nature": "NATU", "secteur": "autre", "volume_annuel_moyen_m3": 674419, "volumes_annuels": "{\"labels\": [\"2001\", \"2002\", \"2003\", \"2004\", \"2005\", \"2006\", \"2007\", \"2008\", \"2009\", \"2010\", \"2011\", \"2012\", \"2013\", \"2014\", \"2015\", \"2016\", \"2017\", \"2018\", \"2019\", \"2020\", \"2021\", \"2022\", \"2023\", \"2024\"], \"values\": [703354, 725685, 706204, 676777, 720877, 700037, 697292, 680315, 602254, 632860, 635949, 608663, 622094, 673522, 645262, 699338, 666243, 677128, 670033, 656023, 696874, 705166, 697168, 686934]}", "profil_mensuel": "{\"labels\": [\"Jan\", \"F\\u00e9v\", \"Mar\", \"Avr\", \"Mai\", \"Jun\", \"Jul\", \"Ao\\u00fb\", \"Sep\", \"Oct\", \"Nov\", \"D\\u00e9c\"], \"values\": [83691.7, 45098.8, 208582.1, 48423.4, 44320.2, 68490.5, 16681.1, 16199.6, 46578.1, 39080.6, 50553.3, 6719.4]}"}}, {"type": "Feature", "geometry": {"type": "Point", "coordinates": [-73.5120467, 45.6290149]}, "properties": {"site": "90251398", "intervenant": "NEXANS CANADA INC.", "nature": "EGOU", "secteur": "population", "volume_annuel_moyen_m3": 98383, "volumes_annuels": "{\"labels\": [\"2001\", \"2002\", \"2003\", \"2004\", \"2005\", \"2006\", \"2007\", \"2008\", \"2009\", \"2010\", \"2011\", \"2012\", \"2013\", \"2014\", \"2015\", \"2016\", \"2017\", \"2018\", \"2019\", \"2020\", \"2021\", \"2022\", \"2023\", \"2024\"], \"values\": [89630, 89160, 86217, 93760, 95393, 95591, 93810, 93191, 93835, 93587, 93464, 91950, 95339, 97765, 92858, 99722, 98307, 96657, 100806, 106956, 112483, 112792, 116048, 121881]}", "profil_mensuel": "{\"labels\": [\"Jan\", \"F\\u00e9v\", \"Mar\", \"Avr\", \"Mai\", \"Jun\", \"Jul\", \"Ao\\u00fb\", \"Sep\", \"Oct\", \"Nov\", \"D\\u00e9c\"], \"values\": [5783.8, 6271.2, 9430.3, 6869.0, 8361.0, 8388.9, 8789.3, 9006.8, 10578.2, 10337.3, 9052.6, 5514.7]}"}}, {"type": "Feature", "geometry": {"type": "Point", "coordinates": [-71.96768, 46.06527]}, "properties": {"site": "26442293", "intervenant": "LACTALIS CANADA INC.", "nature": "EGOU", "secteur": "population", "volume_annuel_moyen_m3": 766747, "volumes_annuels": "{\"labels\": [\"2001\", \"2002\", \"2003\", \"2004\", \"2005\", \"2006\", \"2007\", \"2008\", \"2009\", \"2010\", \"2011\", \"2012\", \"2013\", \"2014\", \"2015\", \"2016\", \"2017\", \"2018\", \"2019\", \"2020\", \"2021\", \"2022\", \"2023\", \"2024\"], \"values\": [684644, 687669, 694722, 696554, 699821, 705542, 716207, 725766, 735117, 745436, 758711, 749118, 793776, 807411, 769703, 828401, 797049, 793316, 801908, 833426, 848734, 832232, 838559, 858100]}", "profil_mensuel": "{\"labels\": [\"Jan\", \"F\\u00e9v\", \"Mar\", \"Avr\", \"Mai\", \"Jun\", \"Jul\", \"Ao\\u00fb\", \"Sep\", \"Oct\", \"Nov\", \"D\\u00e9c\"], \"values\": [57902.0, 62955.4, 62090.1, 74036.9, 59103.2, 75573.9, 51325.7, 65511.5, 57588.6, 66324.8, 59290.8, 75043.7]}"}}, {"type": "Feature", "geometry": {"type": "Point", "coordinates": [-65.7381776035, 49.2349139115]}, "properties": {"site": "28643864", "intervenant": "Cusimer (1991) inc.", "nature": "NATU", "secteur": "autre", "volume_annuel_moyen_m3": 3789, "volumes_annuels": "{\"labels\": [\"2001\", \"2002\", \"2003\", \"2004\", \"2005\", \"2006\", \"2007\", \"2008\", \"2009\", \"2010\", \"2011\", \"2012\", \"2013\", \"2014\", \"2015\", \"2016\", \"2017\", \"2018\", \"2019\", \"2020\", \"2021\", \"2022\", \"2023\", \"2024\"], \"values\": [4004, 4132, 4021, 3853, 4104, 3986, 3970, 3873, 3429, 3603, 3621, 3322, 3353, 3656, 3693, 3778, 3771, 3764, 3750, 3664, 3920, 3911, 3849, 3911]}", "profil_mensuel": "{\"labels\": [\"Jan\", \"F\\u00e9v\", \"Mar\", \"Avr\", \"Mai\", \"Jun\", \"Jul\", \"Ao\\u00fb\", \"Sep\", \"Oct\", \"Nov\", \"D\\u00e9c\"], \"values\": [0.0, 0.0, 0.0, 466.0, 723.2, 883.6, 508.0, 733.3, 474.8, 0.0, 0.0, 0.0]}"}}, {"type": "Feature", "geometry": {"type": "Point", "coordinates": [-72.305338, 46.1375917]}, "properties": {"site": "90203613", "intervenant": "CARRIÈRES P.C.M. INC.", "nature": "NATU", "secteur": "autre", "volume_annuel_moyen_m3": 399930, "volumes_annuels": "{\"labels\": [\"2001\", \"2002\", \"2003\", \"2004\", \"2005\", \"2006\", \"2007\", \"2008\", \"2009\", \"2010\", \"2011\", \"2012\", \"2013\", \"2014\", \"2015\", \"2016\", \"2017\", \"2018\", \"2019\", \"2020\", \"2021\", \"2022\", \"2023\", \"2024\"], \"values\": [422822, 436246, 424535, 406845, 433356, 420828, 419178, 408972, 362045, 380444, 382301, 348202, 358318, 391194, 382876, 406755, 390902, 393627, 397219, 383266, 411865, 411897, 411688, 412951]}", "profil_mensuel": "{\"labels\": [\"Jan\", \"F\\u00e9v\", \"Mar\", \"Avr\", \"Mai\", \"Jun\", \"Jul\", \"Ao\\u00fb\", \"Sep\", \"Oct\", \"Nov\", \"D\\u00e9c\"], \"values\": [0.0, 0.0, 3848.9, 192483.5, 77846.2, 28201.5, 19838.9, 39275.3, 16418.0, 14933.9, 7084.4, 0.0]}"}}, {"type": "Feature", "geometry": {"type": "Point", "coordinates": [-73.6744705652, 45.4888397636]}, "properties": {"site": "90545534", "intervenant": "PHARMASCIENCE INC.", "nature": "EGOU", "secteur": "population", "volume_annuel_moyen_m3": 2937, "volumes_annuels": "{\"labels\": [\"2001\", \"2002\", \"2003\", \"2004\", \"2005\", \"2006\", \"2007\", \"2008\", \"2009\", \"2010\", \"2011\", \"2012\", \"2013\", \"2014\", \"2015\", \"2016\", \"2017\", \"2018\", \"2019\", \"2020\", \"2021\", \"2022\", \"2023\", \"2024\"], \"values\": [2777, 2799, 2805, 2809, 2811, 2815, 2813, 2818, 2843, 2860, 2875, 2822, 2983, 3002, 2864, 3062, 2970, 2978, 3044, 3150, 3115, 3060, 3140, 3276]}", "profil_mensuel": "{\"labels\": [\"Jan\", \"F\\u00e9v\", \"Mar\", \"Avr\", \"Mai\", \"Jun\", \"Jul\", \"Ao\\u00fb\", \"Sep\", \"Oct\", \"Nov\", \"D\\u00e9c\"], \"values\": [243.6, 245.7, 249.4, 240.5, 242.6, 238.6, 240.4, 246.4, 244.7, 246.6, 250.4, 248.1]}"}}, {"type": "Feature", "geometry": {"type": "Point", "coordinates": [-72.942189, 45.646585]}, "properties": {"site": "55342869", "intervenant": "SAPUTO PRODUITS LAITIERS CANADA S.E.N.C.", "nature": "EGOU", "secteur": "population", "volume_annuel_moyen_m3": 524, "volumes_annuels": "{\"labels\": [\"2001\", \"2002\", \"2003\", \"2004\", \"2005\", \"2006\", \"2007\", \"2008\", \"2009\", \"2010\", \"2011\", \"2012\", \"2013\", \"2014\", \"2015\", \"2016\", \"2017\", \"2018\", \"2019\", \"2020\", \"2021\", \"2022\", \"2023\", \"2024\"], \"values\": [492, 494, 495, 496, 497, 498, 502, 506, 507, 513, 515, 506, 536, 541, 519, 554, 535, 526, 532, 554, 564, 558, 566, 580]}", "profil_mensuel": "{\"labels\": [\"Jan\", \"F\\u00e9v\", \"Mar\", \"Avr\", \"Mai\", \"Jun\", \"Jul\", \"Ao\\u00fb\", \"Sep\", \"Oct\", \"Nov\", \"D\\u00e9c\"], \"values\": [39.6, 39.2, 43.7, 41.6, 44.3, 42.4, 47.1, 47.3, 46.8, 42.9, 44.4, 45.3]}"}}, {"type": "Feature", "geometry": {"type": "Point", "coordinates": [-71.2191, 46.82908]}, "properties": {"site": "11561354", "intervenant": "Nordic Paper Québec Inc.", "nature": "EGOU", "secteur": "population", "volume_annuel_moyen_m3": 470261, "volumes_annuels": "{\"labels\": [\"2001\", \"2002\", \"2003\", \"2004\", \"2005\", \"2006\", \"2007\", \"2008\", \"2009\", \"2010\", \"2011\", \"2012\", \"2013\", \"2014\", \"2015\", \"2016\", \"2017\", \"2018\", \"2019\", \"2020\", \"2021\", \"2022\", \"2023\", \"2024\"], \"values\": [434630, 436795, 438330, 439825, 441032, 443808, 447727, 452914, 457980, 462916, 467793, 457452, 482520, 485741, 465150, 496511, 479827, 473964, 480694, 500286, 506283, 499839, 508906, 525337]}", "profil_mensuel": "{\"labels\": [\"Jan\", \"F\\u00e9v\", \"Mar\", \"Avr\", \"Mai\", \"Jun\", \"Jul\", \"Ao\\u00fb\", \"Sep\", \"Oct\", \"Nov\", \"D\\u00e9c\"], \"values\": [34350.2, 34562.9, 38297.8, 38113.3, 39855.0, 39279.4, 36623.5, 42716.5, 45021.2, 39853.1, 37684.6, 43903.4]}"}}, {"type": "Feature", "geometry": {"type": "Point", "coordinates": [-73.7889, 45.47]}, "properties": {"site": "X2085523", "intervenant": "BOMBARDIER INC.", "nature": "EGOU", "secteur": "population", "volume_annuel_moyen_m3": 12692, "volumes_annuels": "{\"labels\": [\"2001\", \"2002\", \"2003\", \"2004\", \"2005\", \"2006\", \"2007\", \"2008\", \"2009\", \"2010\", \"2011\", \"2012\", \"2013\", \"2014\", \"2015\", \"2016\", \"2017\", \"2018\", \"2019\", \"2020\", \"2021\", \"2022\", \"2023\", \"2024\"], \"values\": [11932, 12047, 12046, 12057, 12057, 12147, 12151, 12290, 12402, 12374, 12396, 12103, 12699, 12653, 12145, 13083, 12642, 12637, 13021, 13604, 13711, 13666, 14073, 14662]}", "profil_mensuel": "{\"labels\": [\"Jan\", \"F\\u00e9v\", \"Mar\", \"Avr\", \"Mai\", \"Jun\", \"Jul\", \"Ao\\u00fb\", \"Sep\", \"Oct\", \"Nov\", \"D\\u00e9c\"], \"values\": [1038.1, 1047.2, 1062.9, 1048.2, 1057.2, 1039.8, 1047.3, 1073.9, 1066.0, 1062.8, 1078.9, 1069.2]}"}}, {"type": "Feature", "geometry": {"type": "Point", "coordinates": [-73.6030359026, 45.402125438]}, "properties": {"site": "23406218", "intervenant": "TERRAPURE BR LTD.", "nature": "EGOU", "secteur": "population", "volume_annuel_moyen_m3": 114472, "volumes_annuels": "{\"labels\": [\"2001\", \"2002\", \"2003\", \"2004\", \"2005\", \"2006\", \"2007\", \"2008\", \"2009\", \"2010\", \"2011\", \"2012\", \"2013\", \"2014\", \"2015\", \"2016\", \"2017\", \"2018\", \"2019\", \"2020\", \"2021\", \"2022\", \"2023\", \"2024\"], \"values\": [110023, 110536, 111109, 111291, 111001, 110583, 110435, 110165, 111271, 112983, 114102, 111280, 117848, 118043, 113574, 120464, 116141, 113961, 116000, 119676, 121581, 117991, 118123, 119151]}", "profil_mensuel": "{\"labels\": [\"Jan\", \"F\\u00e9v\", \"Mar\", \"Avr\", \"Mai\", \"Jun\", \"Jul\", \"Ao\\u00fb\", \"Sep\", \"Oct\", \"Nov\", \"D\\u00e9c\"], \"values\": [2522.1, 3170.2, 11797.5, 12293.6, 12655.8, 5143.5, 4798.8, 16939.0, 10587.3, 9441.8, 12605.9, 12516.6]}"}}, {"type": "Feature", "geometry": {"type": "Point", "coordinates": [-74.056639, 45.677769]}, "properties": {"site": "X2118301", "intervenant": "PRATT & WHITNEY CANADA CIE.", "nature": "EGOU", "secteur": "population", "volume_annuel_moyen_m3": 1033, "volumes_annuels": "{\"labels\": [\"2001\", \"2002\", \"2003\", \"2004\", \"2005\", \"2006\", \"2007\", \"2008\", \"2009\", \"2010\", \"2011\", \"2012\", \"2013\", \"2014\", \"2015\", \"2016\", \"2017\", \"2018\", \"2019\", \"2020\", \"2021\", \"2022\", \"2023\", \"2024\"], \"values\": [624, 654, 686, 719, 751, 786, 817, 854, 882, 916, 950, 960, 1047, 1087, 1076, 1182, 1177, 1204, 1260, 1350, 1419, 1425, 1458, 1500]}", "profil_mensuel": "{\"labels\": [\"Jan\", \"F\\u00e9v\", \"Mar\", \"Avr\", \"Mai\", \"Jun\", \"Jul\", \"Ao\\u00fb\", \"Sep\", \"Oct\", \"Nov\", \"D\\u00e9c\"], \"values\": [86.8, 82.2, 89.4, 83.0, 86.6, 82.3, 85.6, 88.2, 84.6, 88.2, 86.9, 88.8]}"}}, {"type": "Feature", "geometry": {"type": "Point", "coordinates": [-73.8594977935, 45.637611589]}, "properties": {"site": "X1500250", "intervenant": "SPÉCIALITÉS LASSONDE INC.", "nature": "EGOU", "secteur": "population", "volume_annuel_moyen_m3": 193145, "volumes_annuels": "{\"labels\": [\"2001\", \"2002\", \"2003\", \"2004\", \"2005\", \"2006\", \"2007\", \"2008\", \"2009\", \"2010\", \"2011\", \"2012\", \"2013\", \"2014\", \"2015\", \"2016\", \"2017\", \"2018\", \"2019\", \"2020\", \"2021\", \"2022\", \"2023\", \"2024\"], \"values\": [192650, 191492, 190200, 190426, 189445, 188887, 188753, 188068, 189028, 189939, 191231, 186742, 195801, 195963, 188166, 196583, 186804, 184481, 189028, 199475, 206708, 203250, 204582, 207785]}", "profil_mensuel": "{\"labels\": [\"Jan\", \"F\\u00e9v\", \"Mar\", \"Avr\", \"Mai\", \"Jun\", \"Jul\", \"Ao\\u00fb\", \"Sep\", \"Oct\", \"Nov\", \"D\\u00e9c\"], \"values\": [11874.2, 16112.4, 15999.9, 15528.3, 17405.8, 15971.9, 16859.8, 18589.2, 16505.8, 17207.7, 17043.6, 14046.7]}"}}, {"type": "Feature", "geometry": {"type": "Point", "coordinates": [-73.56823, 45.62009]}, "properties": {"site": "X0601167", "intervenant": "La Verrerie Walker Ltée", "nature": "EGOU", "secteur": "population", "volume_annuel_moyen_m3": 52330, "volumes_annuels": "{\"labels\": [\"2001\", \"2002\", \"2003\", \"2004\", \"2005\", \"2006\", \"2007\", \"2008\", \"2009\", \"2010\", \"2011\", \"2012\", \"2013\", \"2014\", \"2015\", \"2016\", \"2017\", \"2018\", \"2019\", \"2020\", \"2021\", \"2022\", \"2023\", \"2024\"], \"values\": [49477, 49862, 49982, 50048, 50081, 50157, 50116, 50203, 50646, 50961, 51223, 50285, 53144, 53488, 51025, 54549, 52914, 53067, 54230, 56124, 55497, 54517, 55944, 58368]}", "profil_mensuel": "{\"labels\": [\"Jan\", \"F\\u00e9v\", \"Mar\", \"Avr\", \"Mai\", \"Jun\", \"Jul\", \"Ao\\u00fb\", \"Sep\", \"Oct\", \"Nov\", \"D\\u00e9c\"], \"values\": [4340.5, 4378.4, 4443.5, 4285.5, 4322.5, 4250.8, 4282.8, 4390.9, 4359.2, 4393.6, 4461.1, 4420.7]}"}}, {"type": "Feature", "geometry": {"type": "Point", "coordinates": [-68.138978, 49.250231]}, "properties": {"site": "90404385", "intervenant": "ALCOA CANADA CIE", "nature": "NATU", "secteur": "metaux", "volume_annuel_moyen_m3": 983019, "volumes_annuels": "{\"labels\": [\"2001\", \"2002\", \"2003\", \"2004\", \"2005\", \"2006\", \"2007\", \"2008\", \"2009\", \"2010\", \"2011\", \"2012\", \"2013\", \"2014\", \"2015\", \"2016\", \"2017\", \"2018\", \"2019\", \"2020\", \"2021\", \"2022\", \"2023\", \"2024\"], \"values\": [994891, 987395, 905407, 998055, 1079444, 1044074, 1100344, 1086685, 919064, 957328, 1010399, 969219, 953582, 1030770, 970989, 968298, 952346, 955709, 992949, 980977, 977375, 918924, 928770, 909458]}", "profil_mensuel": "{\"labels\": [\"Jan\", \"F\\u00e9v\", \"Mar\", \"Avr\", \"Mai\", \"Jun\", \"Jul\", \"Ao\\u00fb\", \"Sep\", \"Oct\", \"Nov\", \"D\\u00e9c\"], \"values\": [11190.5, 13575.1, 42398.0, 40515.5, 18933.3, 18104.3, 23295.7, 38472.5, 23426.9, 34640.2, 25420.2, 37700.9]}"}}, {"type": "Feature", "geometry": {"type": "Point", "coordinates": [-71.24646, 46.738228]}, "properties": {"site": "90350919", "intervenant": "PEPSICO CANADA ULC", "nature": "EGOU", "secteur": "population", "volume_annuel_moyen_m3": 1867, "volumes_annuels": "{\"labels\": [\"2001\", \"2002\", \"2003\", \"2004\", \"2005\", \"2006\", \"2007\", \"2008\", \"2009\", \"2010\", \"2011\", \"2012\", \"2013\", \"2014\", \"2015\", \"2016\", \"2017\", \"2018\", \"2019\", \"2020\", \"2021\", \"2022\", \"2023\", \"2024\"], \"values\": [1656, 1670, 1683, 1698, 1722, 1750, 1780, 1805, 1828, 1849, 1865, 1827, 1922, 1933, 1854, 1985, 1911, 1892, 1914, 2005, 2052, 2032, 2057, 2114]}", "profil_mensuel": "{\"labels\": [\"Jan\", \"F\\u00e9v\", \"Mar\", \"Avr\", \"Mai\", \"Jun\", \"Jul\", \"Ao\\u00fb\", \"Sep\", \"Oct\", \"Nov\", \"D\\u00e9c\"], \"values\": [158.2, 150.8, 161.2, 154.5, 156.7, 160.1, 150.0, 176.1, 146.6, 135.3, 141.0, 176.4]}"}}, {"type": "Feature", "geometry": {"type": "Point", "coordinates": [-73.5912604973, 45.5338438118]}, "properties": {"site": "25727603", "intervenant": "Les Brasseurs GMT inc.", "nature": "EGOU", "secteur": "population", "volume_annuel_moyen_m3": 11808, "volumes_annuels": "{\"labels\": [\"2001\", \"2002\", \"2003\", \"2004\", \"2005\", \"2006\", \"2007\", \"2008\", \"2009\", \"2010\", \"2011\", \"2012\", \"2013\", \"2014\", \"2015\", \"2016\", \"2017\", \"2018\", \"2019\", \"2020\", \"2021\", \"2022\", \"2023\", \"2024\"], \"values\": [11172, 11259, 11286, 11301, 11309, 11326, 11317, 11336, 11436, 11507, 11567, 11315, 11966, 12043, 11539, 12248, 11954, 11963, 12243, 12667, 12527, 12329, 12609, 13180]}", "profil_mensuel": "{\"labels\": [\"Jan\", \"F\\u00e9v\", \"Mar\", \"Avr\", \"Mai\", \"Jun\", \"Jul\", \"Ao\\u00fb\", \"Sep\", \"Oct\", \"Nov\", \"D\\u00e9c\"], \"values\": [924.5, 633.7, 1427.0, 1194.7, 1065.5, 812.8, 1255.6, 1193.4, 890.8, 974.7, 761.2, 674.4]}"}}, {"type": "Feature", "geometry": {"type": "Point", "coordinates": [-73.433325, 45.715268]}, "properties": {"site": "53983623", "intervenant": "KRONOS CANADA, INC.", "nature": "NATU", "secteur": "chimie", "volume_annuel_moyen_m3": 16993398, "volumes_annuels": "{\"labels\": [\"2001\", \"2002\", \"2003\", \"2004\", \"2005\", \"2006\", \"2007\", \"2008\", \"2009\", \"2010\", \"2011\", \"2012\", \"2013\", \"2014\", \"2015\", \"2016\", \"2017\", \"2018\", \"2019\", \"2020\", \"2021\", \"2022\", \"2023\", \"2024\"], \"values\": [19766124, 19995471, 20242631, 19671713, 19422327, 19223263, 16532558, 15406755, 15404529, 15871683, 15199675, 15569961, 14743415, 15139592, 13648924, 14991540, 14936408, 15697970, 15690148, 16155029, 17619357, 18765545, 18876458, 19270468]}", "profil_mensuel": "{\"labels\": [\"Jan\", \"F\\u00e9v\", \"Mar\", \"Avr\", \"Mai\", \"Jun\", \"Jul\", \"Ao\\u00fb\", \"Sep\", \"Oct\", \"Nov\", \"D\\u00e9c\"], \"values\": [1084131.5, 1138469.7, 1520458.9, 1616616.0, 1543371.1, 1458693.1, 1630133.6, 1689029.8, 1650364.3, 1189106.2, 1197832.3, 1275191.1]}"}}, {"type": "Feature", "geometry": {"type": "Point", "coordinates": [-71.4283383, 46.8662507]}, "properties": {"site": "X2175216", "intervenant": "ARCHIBALD INC.", "nature": "EGOU", "secteur": "population", "volume_annuel_moyen_m3": 1004, "volumes_annuels": "{\"labels\": [\"2001\", \"2002\", \"2003\", \"2004\", \"2005\", \"2006\", \"2007\", \"2008\", \"2009\", \"2010\", \"2011\", \"2012\", \"2013\", \"2014\", \"2015\", \"2016\", \"2017\", \"2018\", \"2019\", \"2020\", \"2021\", \"2022\", \"2023\", \"2024\"], \"values\": [929, 934, 937, 940, 943, 949, 957, 968, 979, 990, 1000, 978, 1031, 1036, 994, 1058, 1022, 1013, 1028, 1066, 1078, 1066, 1083, 1123]}", "profil_mensuel": "{\"labels\": [\"Jan\", \"F\\u00e9v\", \"Mar\", \"Avr\", \"Mai\", \"Jun\", \"Jul\", \"Ao\\u00fb\", \"Sep\", \"Oct\", \"Nov\", \"D\\u00e9c\"], \"values\": [99.9, 91.9, 75.4, 94.5, 99.5, 86.4, 80.1, 97.3, 92.4, 14.0, 75.3, 97.9]}"}}, {"type": "Feature", "geometry": {"type": "Point", "coordinates": [-73.971475, 46.630564]}, "properties": {"site": "X2197434", "intervenant": "Nouveau Monde Graphite inc.", "nature": "NATU", "secteur": "mines", "volume_annuel_moyen_m3": 49631, "volumes_annuels": "{\"labels\": [\"2001\", \"2002\", \"2003\", \"2004\", \"2005\", \"2006\", \"2007\", \"2008\", \"2009\", \"2010\", \"2011\", \"2012\", \"2013\", \"2014\", \"2015\", \"2016\", \"2017\", \"2018\", \"2019\", \"2020\", \"2021\", \"2022\", \"2023\", \"2024\"], \"values\": [42190, 40661, 43735, 37904, 34573, 34293, 36263, 37532, 36364, 37689, 40965, 38571, 45419, 53792, 55372, 59590, 60947, 62598, 62667, 62559, 67601, 63252, 66557, 70042]}", "profil_mensuel": "{\"labels\": [\"Jan\", \"F\\u00e9v\", \"Mar\", \"Avr\", \"Mai\", \"Jun\", \"Jul\", \"Ao\\u00fb\", \"Sep\", \"Oct\", \"Nov\", \"D\\u00e9c\"], \"values\": [0.0, 0.0, 3789.4, 7056.9, 1376.2, 4156.5, 0.0, 2673.3, 2763.6, 2999.5, 0.0, 0.0]}"}}, {"type": "Feature", "geometry": {"type": "Point", "coordinates": [-73.863462, 45.581936]}, "properties": {"site": "25427956", "intervenant": "Amrize Canada Inc.", "nature": "NATU", "secteur": "metaux", "volume_annuel_moyen_m3": 3654898, "volumes_annuels": "{\"labels\": [\"2001\", \"2002\", \"2003\", \"2004\", \"2005\", \"2006\", \"2007\", \"2008\", \"2009\", \"2010\", \"2011\", \"2012\", \"2013\", \"2014\", \"2015\", \"2016\", \"2017\", \"2018\", \"2019\", \"2020\", \"2021\", \"2022\", \"2023\", \"2024\"], \"values\": [3690164, 3662834, 3345226, 3705322, 4022711, 3886864, 4106741, 4054997, 3404331, 3553807, 3759034, 3619929, 3558002, 3849999, 3580783, 3615624, 3511103, 3561873, 3699081, 3650447, 3630933, 3405300, 3463759, 3378678]}", "profil_mensuel": "{\"labels\": [\"Jan\", \"F\\u00e9v\", \"Mar\", \"Avr\", \"Mai\", \"Jun\", \"Jul\", \"Ao\\u00fb\", \"Sep\", \"Oct\", \"Nov\", \"D\\u00e9c\"], \"values\": [267003.4, 245332.2, 455555.0, 419919.1, 259213.9, 245214.4, 170855.0, 171505.1, 167409.8, 538879.0, 351901.5, 362109.1]}"}}, {"type": "Feature", "geometry": {"type": "Point", "coordinates": [-73.5182905009, 45.6375084386]}, "properties": {"site": "52671898", "intervenant": "LINDE CANADA INC.", "nature": "EGOU", "secteur": "population", "volume_annuel_moyen_m3": 9542, "volumes_annuels": "{\"labels\": [\"2001\", \"2002\", \"2003\", \"2004\", \"2005\", \"2006\", \"2007\", \"2008\", \"2009\", \"2010\", \"2011\", \"2012\", \"2013\", \"2014\", \"2015\", \"2016\", \"2017\", \"2018\", \"2019\", \"2020\", \"2021\", \"2022\", \"2023\", \"2024\"], \"values\": [9022, 9092, 9114, 9126, 9132, 9146, 9138, 9154, 9235, 9292, 9340, 9168, 9690, 9752, 9307, 9943, 9651, 9677, 9888, 10236, 10122, 9943, 10200, 10643]}", "profil_mensuel": "{\"labels\": [\"Jan\", \"F\\u00e9v\", \"Mar\", \"Avr\", \"Mai\", \"Jun\", \"Jul\", \"Ao\\u00fb\", \"Sep\", \"Oct\", \"Nov\", \"D\\u00e9c\"], \"values\": [804.9, 735.4, 825.9, 770.9, 803.4, 764.7, 796.0, 816.1, 784.2, 816.6, 802.5, 821.6]}"}}, {"type": "Feature", "geometry": {"type": "Point", "coordinates": [-71.22583, 46.73167]}, "properties": {"site": "25429184", "intervenant": "GROUPE COLAS QUÉBEC INC.", "nature": "NATU", "secteur": "autre", "volume_annuel_moyen_m3": 267277, "volumes_annuels": "{\"labels\": [\"2001\", \"2002\", \"2003\", \"2004\", \"2005\", \"2006\", \"2007\", \"2008\", \"2009\", \"2010\", \"2011\", \"2012\", \"2013\", \"2014\", \"2015\", \"2016\", \"2017\", \"2018\", \"2019\", \"2020\", \"2021\", \"2022\", \"2023\", \"2024\"], \"values\": [279526, 288400, 280658, 268963, 286489, 278207, 277117, 270369, 239347, 251510, 252738, 240145, 244951, 265007, 257555, 275230, 266021, 268148, 265475, 258845, 274995, 276854, 275094, 273000]}", "profil_mensuel": "{\"labels\": [\"Jan\", \"F\\u00e9v\", \"Mar\", \"Avr\", \"Mai\", \"Jun\", \"Jul\", \"Ao\\u00fb\", \"Sep\", \"Oct\", \"Nov\", \"D\\u00e9c\"], \"values\": [22170.0, 22356.3, 22678.8, 21903.9, 22085.3, 21731.6, 21889.3, 22424.2, 22273.8, 22432.9, 22764.1, 22566.6]}"}}, {"type": "Feature", "geometry": {"type": "Point", "coordinates": [-71.8958666667, 45.4039333333]}, "properties": {"site": "11613049", "intervenant": "PRODUITS AMERICAN BILTRITE (CANADA) LTÉE", "nature": "NATU", "secteur": "autre", "volume_annuel_moyen_m3": 1012, "volumes_annuels": "{\"labels\": [\"2001\", \"2002\", \"2003\", \"2004\", \"2005\", \"2006\", \"2007\", \"2008\", \"2009\", \"2010\", \"2011\", \"2012\", \"2013\", \"2014\", \"2015\", \"2016\", \"2017\", \"2018\", \"2019\", \"2020\", \"2021\", \"2022\", \"2023\", \"2024\"], \"values\": [1036, 1066, 1043, 1007, 1064, 1039, 1036, 1016, 919, 959, 965, 917, 942, 1006, 978, 1041, 1009, 1017, 1012, 997, 1052, 1057, 1054, 1057]}", "profil_mensuel": "{\"labels\": [\"Jan\", \"F\\u00e9v\", \"Mar\", \"Avr\", \"Mai\", \"Jun\", \"Jul\", \"Ao\\u00fb\", \"Sep\", \"Oct\", \"Nov\", \"D\\u00e9c\"], \"values\": [42.1, 44.9, 41.6, 49.7, 58.4, 45.4, 58.8, 21.2, 46.3, 34.4, 28.7, 34.3]}"}}, {"type": "Feature", "geometry": {"type": "Point", "coordinates": [-72.335842, 46.002384]}, "properties": {"site": "52294303", "intervenant": "AGROPUR COOPÉRATIVE", "nature": "NATU", "secteur": "agroalimentaire", "volume_annuel_moyen_m3": 4784199, "volumes_annuels": "{\"labels\": [\"2001\", \"2002\", \"2003\", \"2004\", \"2005\", \"2006\", \"2007\", \"2008\", \"2009\", \"2010\", \"2011\", \"2012\", \"2013\", \"2014\", \"2015\", \"2016\", \"2017\", \"2018\", \"2019\", \"2020\", \"2021\", \"2022\", \"2023\", \"2024\"], \"values\": [3900953, 3884725, 3767232, 3905903, 3997187, 3997187, 4160119, 4408655, 4489228, 4526310, 4504402, 4241203, 4561803, 4950228, 4981056, 5379324, 5350092, 5246111, 5347253, 5394223, 5841831, 5960294, 5999563, 6025884]}", "profil_mensuel": "{\"labels\": [\"Jan\", \"F\\u00e9v\", \"Mar\", \"Avr\", \"Mai\", \"Jun\", \"Jul\", \"Ao\\u00fb\", \"Sep\", \"Oct\", \"Nov\", \"D\\u00e9c\"], \"values\": [146336.8, 131278.8, 126581.1, 122650.9, 120587.3, 140305.9, 135037.8, 132260.1, 134834.1, 135619.6, 131993.6, 137247.1]}"}}, {"type": "Feature", "geometry": {"type": "Point", "coordinates": [-75.6164381337, 45.4998016029]}, "properties": {"site": "X2206331", "intervenant": "LA SOYARIE INC.", "nature": "EGOU", "secteur": "population", "volume_annuel_moyen_m3": 17617, "volumes_annuels": "{\"labels\": [\"2001\", \"2002\", \"2003\", \"2004\", \"2005\", \"2006\", \"2007\", \"2008\", \"2009\", \"2010\", \"2011\", \"2012\", \"2013\", \"2014\", \"2015\", \"2016\", \"2017\", \"2018\", \"2019\", \"2020\", \"2021\", \"2022\", \"2023\", \"2024\"], \"values\": [15211, 15363, 15610, 15834, 15983, 16100, 16354, 16651, 16990, 17343, 17670, 17373, 18336, 18445, 17652, 18962, 18357, 18258, 18600, 19396, 19693, 19271, 19420, 19938]}", "profil_mensuel": "{\"labels\": [\"Jan\", \"F\\u00e9v\", \"Mar\", \"Avr\", \"Mai\", \"Jun\", \"Jul\", \"Ao\\u00fb\", \"Sep\", \"Oct\", \"Nov\", \"D\\u00e9c\"], \"values\": [1512.2, 1457.0, 1409.7, 1492.5, 1505.8, 1279.2, 1491.4, 1530.5, 1450.5, 1531.4, 1485.4, 1471.6]}"}}, {"type": "Feature", "geometry": {"type": "Point", "coordinates": [-64.380623, 48.996484]}, "properties": {"site": "90272428", "intervenant": "LES PÊCHERIES MARINARD LTÉE", "nature": "EGOU", "secteur": "population", "volume_annuel_moyen_m3": 480918, "volumes_annuels": "{\"labels\": [\"2001\", \"2002\", \"2003\", \"2004\", \"2005\", \"2006\", \"2007\", \"2008\", \"2009\", \"2010\", \"2011\", \"2012\", \"2013\", \"2014\", \"2015\", \"2016\", \"2017\", \"2018\", \"2019\", \"2020\", \"2021\", \"2022\", \"2023\", \"2024\"], \"values\": [485793, 481913, 478867, 477167, 475916, 477712, 480374, 483164, 484927, 486659, 487172, 472159, 490333, 485824, 458104, 483203, 466516, 464137, 468487, 484319, 497045, 485885, 489319, 497049]}", "profil_mensuel": "{\"labels\": [\"Jan\", \"F\\u00e9v\", \"Mar\", \"Avr\", \"Mai\", \"Jun\", \"Jul\", \"Ao\\u00fb\", \"Sep\", \"Oct\", \"Nov\", \"D\\u00e9c\"], \"values\": [40565.8, 38266.6, 41489.1, 38761.1, 40391.0, 38453.3, 40030.4, 41008.4, 39410.4, 41037.3, 40303.7, 41201.5]}"}}, {"type": "Feature", "geometry": {"type": "Point", "coordinates": [-72.945831, 45.364678]}, "properties": {"site": "X1601994", "intervenant": "OlyM s.e.c.", "nature": "NATU", "secteur": "autre", "volume_annuel_moyen_m3": 391513, "volumes_annuels": "{\"labels\": [\"2001\", \"2002\", \"2003\", \"2004\", \"2005\", \"2006\", \"2007\", \"2008\", \"2009\", \"2010\", \"2011\", \"2012\", \"2013\", \"2014\", \"2015\", \"2016\", \"2017\", \"2018\", \"2019\", \"2020\", \"2021\", \"2022\", \"2023\", \"2024\"], \"values\": [409418, 422416, 411077, 393947, 419618, 407487, 405889, 396007, 350568, 368384, 370182, 351654, 358810, 387989, 377711, 402920, 390045, 392937, 388943, 379168, 402786, 405658, 402844, 399860]}", "profil_mensuel": "{\"labels\": [\"Jan\", \"F\\u00e9v\", \"Mar\", \"Avr\", \"Mai\", \"Jun\", \"Jul\", \"Ao\\u00fb\", \"Sep\", \"Oct\", \"Nov\", \"D\\u00e9c\"], \"values\": [30217.5, 31705.6, 33066.2, 31298.0, 34818.1, 29466.2, 34628.4, 34239.5, 33144.3, 33315.1, 36089.3, 29525.1]}"}}, {"type": "Feature", "geometry": {"type": "Point", "coordinates": [-73.5506093, 45.4902101]}, "properties": {"site": "51543981", "intervenant": "Canada malting co. Limited", "nature": "EGOU", "secteur": "population", "volume_annuel_moyen_m3": 294954, "volumes_annuels": "{\"labels\": [\"2001\", \"2002\", \"2003\", \"2004\", \"2005\", \"2006\", \"2007\", \"2008\", \"2009\", \"2010\", \"2011\", \"2012\", \"2013\", \"2014\", \"2015\", \"2016\", \"2017\", \"2018\", \"2019\", \"2020\", \"2021\", \"2022\", \"2023\", \"2024\"], \"values\": [278840, 281009, 281683, 282057, 282242, 282671, 282439, 282930, 285428, 287202, 288680, 283973, 299914, 301502, 287630, 307162, 298253, 299269, 305895, 316230, 312420, 307398, 315126, 328945]}", "profil_mensuel": "{\"labels\": [\"Jan\", \"F\\u00e9v\", \"Mar\", \"Avr\", \"Mai\", \"Jun\", \"Jul\", \"Ao\\u00fb\", \"Sep\", \"Oct\", \"Nov\", \"D\\u00e9c\"], \"values\": [25833.4, 30203.5, 27215.8, 21914.6, 23395.9, 21366.1, 26817.6, 26831.3, 22443.0, 23286.9, 22114.5, 23531.4]}"}}, {"type": "Feature", "geometry": {"type": "Point", "coordinates": [-73.8474961013, 45.4564397038]}, "properties": {"site": "90466087", "intervenant": "Jubilant HollisterStier General Partnership", "nature": "EGOU", "secteur": "population", "volume_annuel_moyen_m3": 128615, "volumes_annuels": "{\"labels\": [\"2001\", \"2002\", \"2003\", \"2004\", \"2005\", \"2006\", \"2007\", \"2008\", \"2009\", \"2010\", \"2011\", \"2012\", \"2013\", \"2014\", \"2015\", \"2016\", \"2017\", \"2018\", \"2019\", \"2020\", \"2021\", \"2022\", \"2023\", \"2024\"], \"values\": [129961, 130742, 131661, 131442, 130261, 129011, 130142, 130755, 131736, 132542, 133667, 129482, 133647, 132949, 125537, 131313, 125811, 122784, 123117, 125930, 124899, 123063, 123147, 123161]}", "profil_mensuel": "{\"labels\": [\"Jan\", \"F\\u00e9v\", \"Mar\", \"Avr\", \"Mai\", \"Jun\", \"Jul\", \"Ao\\u00fb\", \"Sep\", \"Oct\", \"Nov\", \"D\\u00e9c\"], \"values\": [7724.4, 7678.0, 8255.1, 7518.2, 8892.9, 9193.7, 11655.4, 14005.2, 13089.8, 13717.9, 13211.6, 13672.6]}"}}, {"type": "Feature", "geometry": {"type": "Point", "coordinates": [-73.7203, 45.475]}, "properties": {"site": "90499740", "intervenant": "BOMBARDIER INC.", "nature": "EGOU", "secteur": "population", "volume_annuel_moyen_m3": 24414, "volumes_annuels": "{\"labels\": [\"2001\", \"2002\", \"2003\", \"2004\", \"2005\", \"2006\", \"2007\", \"2008\", \"2009\", \"2010\", \"2011\", \"2012\", \"2013\", \"2014\", \"2015\", \"2016\", \"2017\", \"2018\", \"2019\", \"2020\", \"2021\", \"2022\", \"2023\", \"2024\"], \"values\": [23354, 23468, 23454, 23411, 23384, 23592, 23561, 23561, 23464, 23656, 23832, 23466, 24828, 24963, 23973, 25657, 24811, 24890, 25244, 25929, 25644, 25425, 25749, 26618]}", "profil_mensuel": "{\"labels\": [\"Jan\", \"F\\u00e9v\", \"Mar\", \"Avr\", \"Mai\", \"Jun\", \"Jul\", \"Ao\\u00fb\", \"Sep\", \"Oct\", \"Nov\", \"D\\u00e9c\"], \"values\": [1999.0, 2016.4, 2046.2, 2017.9, 1990.6, 1957.5, 2038.8, 2090.2, 2075.3, 2046.0, 2077.5, 2058.7]}"}}, {"type": "Feature", "geometry": {"type": "Point", "coordinates": [-73.414212, 45.706053]}, "properties": {"site": "51708337", "intervenant": "TAGHLEEF INDUSTRIES CANADA INC.", "nature": "NATU", "secteur": "autre", "volume_annuel_moyen_m3": 33743, "volumes_annuels": "{\"labels\": [\"2001\", \"2002\", \"2003\", \"2004\", \"2005\", \"2006\", \"2007\", \"2008\", \"2009\", \"2010\", \"2011\", \"2012\", \"2013\", \"2014\", \"2015\", \"2016\", \"2017\", \"2018\", \"2019\", \"2020\", \"2021\", \"2022\", \"2023\", \"2024\"], \"values\": [35300, 36421, 35443, 33966, 36180, 35134, 34996, 34144, 30226, 31762, 31917, 30295, 30915, 33422, 32554, 34681, 33599, 33857, 33526, 32659, 34694, 34971, 34693, 34476]}", "profil_mensuel": "{\"labels\": [\"Jan\", \"F\\u00e9v\", \"Mar\", \"Avr\", \"Mai\", \"Jun\", \"Jul\", \"Ao\\u00fb\", \"Sep\", \"Oct\", \"Nov\", \"D\\u00e9c\"], \"values\": [950.8, 870.5, 1077.3, 990.9, 1021.7, 836.9, 1041.4, 1003.4, 936.2, 835.5, 967.8, 715.3]}"}}, {"type": "Feature", "geometry": {"type": "Point", "coordinates": [-72.374972, 46.383104]}, "properties": {"site": "53579330", "intervenant": "AIR LIQUIDE CANADA INC.", "nature": "NATU", "secteur": "autre", "volume_annuel_moyen_m3": 17970, "volumes_annuels": "{\"labels\": [\"2001\", \"2002\", \"2003\", \"2004\", \"2005\", \"2006\", \"2007\", \"2008\", \"2009\", \"2010\", \"2011\", \"2012\", \"2013\", \"2014\", \"2015\", \"2016\", \"2017\", \"2018\", \"2019\", \"2020\", \"2021\", \"2022\", \"2023\", \"2024\"], \"values\": [18835, 19433, 18911, 18123, 19304, 18746, 18672, 18218, 16127, 16947, 17030, 16051, 16329, 17698, 17394, 18340, 17948, 17993, 17830, 17408, 18504, 18597, 18437, 18395]}", "profil_mensuel": "{\"labels\": [\"Jan\", \"F\\u00e9v\", \"Mar\", \"Avr\", \"Mai\", \"Jun\", \"Jul\", \"Ao\\u00fb\", \"Sep\", \"Oct\", \"Nov\", \"D\\u00e9c\"], \"values\": [910.2, 1075.1, 1098.6, 1297.9, 1709.6, 2046.1, 2139.9, 2078.8, 1791.7, 1600.4, 1325.8, 895.7]}"}}, {"type": "Feature", "geometry": {"type": "Point", "coordinates": [-71.8811, 45.27811]}, "properties": {"site": "19238351", "intervenant": "Waterville TG inc.", "nature": "NATU", "secteur": "autre", "volume_annuel_moyen_m3": 719485, "volumes_annuels": "{\"labels\": [\"2001\", \"2002\", \"2003\", \"2004\", \"2005\", \"2006\", \"2007\", \"2008\", \"2009\", \"2010\", \"2011\", \"2012\", \"2013\", \"2014\", \"2015\", \"2016\", \"2017\", \"2018\", \"2019\", \"2020\", \"2021\", \"2022\", \"2023\", \"2024\"], \"values\": [753487, 776735, 756190, 725585, 771692, 750018, 747126, 729273, 648031, 680122, 683889, 651981, 661273, 711098, 687240, 731181, 708361, 721601, 717067, 696058, 735488, 744102, 737315, 742738]}", "profil_mensuel": "{\"labels\": [\"Jan\", \"F\\u00e9v\", \"Mar\", \"Avr\", \"Mai\", \"Jun\", \"Jul\", \"Ao\\u00fb\", \"Sep\", \"Oct\", \"Nov\", \"D\\u00e9c\"], \"values\": [33177.8, 28669.9, 14324.7, 15578.2, 13574.7, 20537.8, 22858.1, 19678.2, 2302.1, 2430.7, 2448.5, 4290.5]}"}}, {"type": "Feature", "geometry": {"type": "Point", "coordinates": [-74.043217079, 45.3986521142]}, "properties": {"site": "29597440", "intervenant": "CASCADES CANADA ULC", "nature": "EGOU", "secteur": "population", "volume_annuel_moyen_m3": 2684, "volumes_annuels": "{\"labels\": [\"2001\", \"2002\", \"2003\", \"2004\", \"2005\", \"2006\", \"2007\", \"2008\", \"2009\", \"2010\", \"2011\", \"2012\", \"2013\", \"2014\", \"2015\", \"2016\", \"2017\", \"2018\", \"2019\", \"2020\", \"2021\", \"2022\", \"2023\", \"2024\"], \"values\": [1606, 1674, 1740, 1830, 1926, 2066, 2180, 2297, 2405, 2514, 2661, 2695, 2942, 2998, 2885, 3116, 3063, 3095, 3192, 3397, 3504, 3473, 3536, 3616]}", "profil_mensuel": "{\"labels\": [\"Jan\", \"F\\u00e9v\", \"Mar\", \"Avr\", \"Mai\", \"Jun\", \"Jul\", \"Ao\\u00fb\", \"Sep\", \"Oct\", \"Nov\", \"D\\u00e9c\"], \"values\": [236.2, 207.2, 221.6, 222.7, 214.7, 220.8, 232.6, 229.1, 216.6, 229.2, 222.5, 230.8]}"}}, {"type": "Feature", "geometry": {"type": "Point", "coordinates": [-74.0911, 45.2376]}, "properties": {"site": "X1605934", "intervenant": "Produits chimiques Regent ltée", "nature": "NATU", "secteur": "chimie", "volume_annuel_moyen_m3": 104520, "volumes_annuels": "{\"labels\": [\"2001\", \"2002\", \"2003\", \"2004\", \"2005\", \"2006\", \"2007\", \"2008\", \"2009\", \"2010\", \"2011\", \"2012\", \"2013\", \"2014\", \"2015\", \"2016\", \"2017\", \"2018\", \"2019\", \"2020\", \"2021\", \"2022\", \"2023\", \"2024\"], \"values\": [121540, 122950, 124470, 120959, 119426, 118202, 101657, 94734, 94721, 97593, 93461, 96048, 91098, 93298, 83726, 92454, 91661, 96653, 96476, 99228, 108132, 115296, 116200, 118492]}", "profil_mensuel": "{\"labels\": [\"Jan\", \"F\\u00e9v\", \"Mar\", \"Avr\", \"Mai\", \"Jun\", \"Jul\", \"Ao\\u00fb\", \"Sep\", \"Oct\", \"Nov\", \"D\\u00e9c\"], \"values\": [8768.2, 8842.7, 9551.5, 9234.5, 10282.9, 7645.2, 10036.5, 7093.3, 9407.3, 9285.4, 8600.7, 5771.6]}"}}, {"type": "Feature", "geometry": {"type": "Point", "coordinates": [-73.5096237026, 45.6283789165]}, "properties": {"site": "53995098", "intervenant": "GLENCORE CANADA CORPORATION", "nature": "EGOU", "secteur": "population", "volume_annuel_moyen_m3": 3925943, "volumes_annuels": "{\"labels\": [\"2001\", \"2002\", \"2003\", \"2004\", \"2005\", \"2006\", \"2007\", \"2008\", \"2009\", \"2010\", \"2011\", \"2012\", \"2013\", \"2014\", \"2015\", \"2016\", \"2017\", \"2018\", \"2019\", \"2020\", \"2021\", \"2022\", \"2023\", \"2024\"], \"values\": [3578734, 3559971, 3442458, 3743648, 3808824, 3816724, 3745623, 3720935, 3746610, 3736735, 3731798, 3675126, 3805688, 3898855, 3701505, 3968614, 3914723, 3860150, 4027876, 4267856, 4482599, 4497982, 4623159, 4866446]}", "profil_mensuel": "{\"labels\": [\"Jan\", \"F\\u00e9v\", \"Mar\", \"Avr\", \"Mai\", \"Jun\", \"Jul\", \"Ao\\u00fb\", \"Sep\", \"Oct\", \"Nov\", \"D\\u00e9c\"], \"values\": [57674.0, 59409.3, 62222.6, 55298.3, 70459.3, 66446.9, 76940.1, 81772.0, 66145.7, 66877.4, 64284.5, 57658.6]}"}}, {"type": "Feature", "geometry": {"type": "Point", "coordinates": [-73.535128, 45.544423]}, "properties": {"site": "X0000247", "intervenant": "ADM AGRI-INDUSTRIES COMPANY", "nature": "EGOU", "secteur": "population", "volume_annuel_moyen_m3": 3986, "volumes_annuels": "{\"labels\": [\"2001\", \"2002\", \"2003\", \"2004\", \"2005\", \"2006\", \"2007\", \"2008\", \"2009\", \"2010\", \"2011\", \"2012\", \"2013\", \"2014\", \"2015\", \"2016\", \"2017\", \"2018\", \"2019\", \"2020\", \"2021\", \"2022\", \"2023\", \"2024\"], \"values\": [3774, 3803, 3812, 3817, 3820, 3826, 3823, 3829, 3863, 3887, 3907, 3817, 4017, 4055, 3911, 4136, 4063, 4037, 4121, 4273, 4234, 4150, 4249, 4452]}", "profil_mensuel": "{\"labels\": [\"Jan\", \"F\\u00e9v\", \"Mar\", \"Avr\", \"Mai\", \"Jun\", \"Jul\", \"Ao\\u00fb\", \"Sep\", \"Oct\", \"Nov\", \"D\\u00e9c\"], \"values\": [286.5, 267.4, 225.6, 170.0, 234.6, 499.0, 376.0, 538.9, 548.5, 326.1, 342.1, 171.8]}"}}, {"type": "Feature", "geometry": {"type": "Point", "coordinates": [-73.551397, 45.375647]}, "properties": {"site": "55488266", "intervenant": "STELLA-JONES INC.", "nature": "EGOU", "secteur": "population", "volume_annuel_moyen_m3": 88629, "volumes_annuels": "{\"labels\": [\"2001\", \"2002\", \"2003\", \"2004\", \"2005\", \"2006\", \"2007\", \"2008\", \"2009\", \"2010\", \"2011\", \"2012\", \"2013\", \"2014\", \"2015\", \"2016\", \"2017\", \"2018\", \"2019\", \"2020\", \"2021\", \"2022\", \"2023\", \"2024\"], \"values\": [82716, 82750, 83315, 83223, 84145, 85378, 85897, 86553, 86968, 86991, 86888, 85724, 89712, 89579, 83765, 89992, 85648, 88848, 91959, 95497, 98126, 97094, 97819, 98505]}", "profil_mensuel": "{\"labels\": [\"Jan\", \"F\\u00e9v\", \"Mar\", \"Avr\", \"Mai\", \"Jun\", \"Jul\", \"Ao\\u00fb\", \"Sep\", \"Oct\", \"Nov\", \"D\\u00e9c\"], \"values\": [16563.0, 13752.9, 13951.3, 12074.2, 5690.8, 3877.2, 4258.1, 5184.7, 4309.3, 2399.7, 3423.2, 3144.3]}"}}, {"type": "Feature", "geometry": {"type": "Point", "coordinates": [-74.16572, 45.08201]}, "properties": {"site": "11469335", "intervenant": "MAISON RUSSET INC.", "nature": "EGOU", "secteur": "population", "volume_annuel_moyen_m3": 51426, "volumes_annuels": "{\"labels\": [\"2001\", \"2002\", \"2003\", \"2004\", \"2005\", \"2006\", \"2007\", \"2008\", \"2009\", \"2010\", \"2011\", \"2012\", \"2013\", \"2014\", \"2015\", \"2016\", \"2017\", \"2018\", \"2019\", \"2020\", \"2021\", \"2022\", \"2023\", \"2024\"], \"values\": [54454, 54193, 53911, 53750, 52201, 52019, 51214, 50410, 49303, 49625, 49645, 47828, 49786, 50356, 47418, 50985, 49496, 48329, 48992, 51209, 52818, 53331, 54824, 58137]}", "profil_mensuel": "{\"labels\": [\"Jan\", \"F\\u00e9v\", \"Mar\", \"Avr\", \"Mai\", \"Jun\", \"Jul\", \"Ao\\u00fb\", \"Sep\", \"Oct\", \"Nov\", \"D\\u00e9c\"], \"values\": [4656.3, 6222.6, 4901.9, 4374.8, 2231.6, 4463.5, 3706.1, 4204.9, 5597.9, 3539.5, 2785.3, 4742.0]}"}}, {"type": "Feature", "geometry": {"type": "Point", "coordinates": [-74.105814, 45.264854]}, "properties": {"site": "24885642", "intervenant": "Macco Organiques inc.", "nature": "EGOU", "secteur": "population", "volume_annuel_moyen_m3": 89509, "volumes_annuels": "{\"labels\": [\"2001\", \"2002\", \"2003\", \"2004\", \"2005\", \"2006\", \"2007\", \"2008\", \"2009\", \"2010\", \"2011\", \"2012\", \"2013\", \"2014\", \"2015\", \"2016\", \"2017\", \"2018\", \"2019\", \"2020\", \"2021\", \"2022\", \"2023\", \"2024\"], \"values\": [86485, 86581, 86842, 86792, 86689, 86564, 86905, 86950, 87165, 87252, 87795, 85691, 90291, 90574, 86505, 92274, 88932, 87755, 89055, 93015, 95933, 95111, 96927, 100125]}", "profil_mensuel": "{\"labels\": [\"Jan\", \"F\\u00e9v\", \"Mar\", \"Avr\", \"Mai\", \"Jun\", \"Jul\", \"Ao\\u00fb\", \"Sep\", \"Oct\", \"Nov\", \"D\\u00e9c\"], \"values\": [8448.9, 9977.5, 6425.1, 6522.9, 7001.3, 6495.8, 7007.4, 7913.8, 7878.7, 7883.7, 7024.4, 6929.2]}"}}, {"type": "Feature", "geometry": {"type": "Point", "coordinates": [-70.2300833333, 47.7046388889]}, "properties": {"site": "54584552", "intervenant": "PF RÉSOLU CANADA INC.", "nature": "NATU", "secteur": "papier", "volume_annuel_moyen_m3": 11206138, "volumes_annuels": "{\"labels\": [\"2001\", \"2002\", \"2003\", \"2004\", \"2005\", \"2006\", \"2007\", \"2008\", \"2009\", \"2010\", \"2011\", \"2012\", \"2013\", \"2014\", \"2015\", \"2016\", \"2017\", \"2018\", \"2019\", \"2020\", \"2021\", \"2022\", \"2023\", \"2024\"], \"values\": [15981490, 16603910, 15691862, 13799073, 15953177, 14813697, 14709728, 13560966, 10375529, 11525684, 11128839, 9805968, 9154083, 10497014, 10032955, 10341265, 9379593, 9021732, 7943130, 7216757, 7495201, 7986383, 8486212, 7443052]}", "profil_mensuel": "{\"labels\": [\"Jan\", \"F\\u00e9v\", \"Mar\", \"Avr\", \"Mai\", \"Jun\", \"Jul\", \"Ao\\u00fb\", \"Sep\", \"Oct\", \"Nov\", \"D\\u00e9c\"], \"values\": [940533.4, 880337.5, 981620.3, 898215.6, 930321.3, 916588.0, 1022627.5, 962610.4, 878017.6, 907872.0, 938597.9, 948796.1]}"}}, {"type": "Feature", "geometry": {"type": "Point", "coordinates": [-73.1784632951, 46.0878089806]}, "properties": {"site": "90424672", "intervenant": "CASCADES CANADA ULC", "nature": "EGOU", "secteur": "population", "volume_annuel_moyen_m3": 136, "volumes_annuels": "{\"labels\": [\"2001\", \"2002\", \"2003\", \"2004\", \"2005\", \"2006\", \"2007\", \"2008\", \"2009\", \"2010\", \"2011\", \"2012\", \"2013\", \"2014\", \"2015\", \"2016\", \"2017\", \"2018\", \"2019\", \"2020\", \"2021\", \"2022\", \"2023\", \"2024\"], \"values\": [130, 130, 129, 130, 129, 131, 130, 131, 133, 134, 134, 131, 139, 139, 133, 142, 138, 138, 140, 145, 148, 144, 144, 148]}", "profil_mensuel": "{\"labels\": [\"Jan\", \"F\\u00e9v\", \"Mar\", \"Avr\", \"Mai\", \"Jun\", \"Jul\", \"Ao\\u00fb\", \"Sep\", \"Oct\", \"Nov\", \"D\\u00e9c\"], \"values\": [11.9, 12.0, 12.2, 11.8, 11.9, 11.7, 11.8, 12.1, 10.1, 10.2, 10.4, 10.3]}"}}, {"type": "Feature", "geometry": {"type": "Point", "coordinates": [-73.5172222222, 45.4016666667]}, "properties": {"site": "55042428", "intervenant": "COMPAGNIE WESTROCK DU CANADA CORP.", "nature": "EGOU", "secteur": "population", "volume_annuel_moyen_m3": 13840, "volumes_annuels": "{\"labels\": [\"2001\", \"2002\", \"2003\", \"2004\", \"2005\", \"2006\", \"2007\", \"2008\", \"2009\", \"2010\", \"2011\", \"2012\", \"2013\", \"2014\", \"2015\", \"2016\", \"2017\", \"2018\", \"2019\", \"2020\", \"2021\", \"2022\", \"2023\", \"2024\"], \"values\": [9220, 9494, 9862, 10305, 10878, 11497, 12006, 12772, 13399, 13965, 14195, 14045, 14986, 15168, 14651, 15601, 15197, 15164, 15478, 16330, 16793, 16773, 16984, 17392]}", "profil_mensuel": "{\"labels\": [\"Jan\", \"F\\u00e9v\", \"Mar\", \"Avr\", \"Mai\", \"Jun\", \"Jul\", \"Ao\\u00fb\", \"Sep\", \"Oct\", \"Nov\", \"D\\u00e9c\"], \"values\": [789.4, 1167.5, 814.4, 1215.7, 598.6, 812.2, 1224.5, 1654.1, 2273.9, 805.9, 1371.2, 1112.3]}"}}, {"type": "Feature", "geometry": {"type": "Point", "coordinates": [-73.270342, 46.088888]}, "properties": {"site": "X2046085", "intervenant": "GROUPE COLAS QUÉBEC INC.", "nature": "NATU", "secteur": "autre", "volume_annuel_moyen_m3": 268132, "volumes_annuels": "{\"labels\": [\"2001\", \"2002\", \"2003\", \"2004\", \"2005\", \"2006\", \"2007\", \"2008\", \"2009\", \"2010\", \"2011\", \"2012\", \"2013\", \"2014\", \"2015\", \"2016\", \"2017\", \"2018\", \"2019\", \"2020\", \"2021\", \"2022\", \"2023\", \"2024\"], \"values\": [283083, 292070, 284230, 272386, 290135, 281747, 280643, 273810, 242392, 254710, 255954, 234170, 240162, 261386, 260460, 269931, 266607, 264966, 267157, 256639, 274920, 277047, 274080, 276474]}", "profil_mensuel": "{\"labels\": [\"Jan\", \"F\\u00e9v\", \"Mar\", \"Avr\", \"Mai\", \"Jun\", \"Jul\", \"Ao\\u00fb\", \"Sep\", \"Oct\", \"Nov\", \"D\\u00e9c\"], \"values\": [0.0, 0.0, 0.0, 114781.1, 39882.7, 0.0, 38128.8, 58679.3, 16659.8, 0.0, 0.0, 0.0]}"}}, {"type": "Feature", "geometry": {"type": "Point", "coordinates": [-75.624444, 45.564722]}, "properties": {"site": "90414673", "intervenant": "CONSTRUCTION DJL INC.", "nature": "NATU", "secteur": "autre", "volume_annuel_moyen_m3": 107519, "volumes_annuels": "{\"labels\": [\"2001\", \"2002\", \"2003\", \"2004\", \"2005\", \"2006\", \"2007\", \"2008\", \"2009\", \"2010\", \"2011\", \"2012\", \"2013\", \"2014\", \"2015\", \"2016\", \"2017\", \"2018\", \"2019\", \"2020\", \"2021\", \"2022\", \"2023\", \"2024\"], \"values\": [111952, 115506, 112405, 107721, 114741, 111424, 110987, 108284, 95860, 100731, 101223, 96157, 98643, 107340, 103529, 110385, 106551, 107826, 107588, 105595, 111597, 113731, 111348, 109338]}", "profil_mensuel": "{\"labels\": [\"Jan\", \"F\\u00e9v\", \"Mar\", \"Avr\", \"Mai\", \"Jun\", \"Jul\", \"Ao\\u00fb\", \"Sep\", \"Oct\", \"Nov\", \"D\\u00e9c\"], \"values\": [0.0, 0.0, 54050.3, 15360.6, 6215.9, 6292.1, 11024.5, 4798.3, 1831.8, 2462.2, 5483.4, 0.0]}"}}, {"type": "Feature", "geometry": {"type": "Point", "coordinates": [-73.59467, 45.948385]}, "properties": {"site": "X2019530", "intervenant": "GROUPE COLAS QUÉBEC INC.", "nature": "NATU", "secteur": "autre", "volume_annuel_moyen_m3": 524238, "volumes_annuels": "{\"labels\": [\"2001\", \"2002\", \"2003\", \"2004\", \"2005\", \"2006\", \"2007\", \"2008\", \"2009\", \"2010\", \"2011\", \"2012\", \"2013\", \"2014\", \"2015\", \"2016\", \"2017\", \"2018\", \"2019\", \"2020\", \"2021\", \"2022\", \"2023\", \"2024\"], \"values\": [548263, 565670, 550485, 527546, 561922, 545677, 543538, 530304, 469456, 493313, 495721, 471022, 480448, 519786, 505170, 539838, 521775, 525946, 520703, 507700, 539378, 543024, 539571, 535464]}", "profil_mensuel": "{\"labels\": [\"Jan\", \"F\\u00e9v\", \"Mar\", \"Avr\", \"Mai\", \"Jun\", \"Jul\", \"Ao\\u00fb\", \"Sep\", \"Oct\", \"Nov\", \"D\\u00e9c\"], \"values\": [43484.5, 43849.8, 44482.3, 42962.4, 43318.3, 42624.6, 42933.8, 43982.9, 43687.9, 44000.1, 44649.6, 44262.3]}"}}, {"type": "Feature", "geometry": {"type": "Point", "coordinates": [-73.7610555556, 45.6897222222]}, "properties": {"site": "X2066692", "intervenant": "Tergel inc.", "nature": "EGOU", "secteur": "population", "volume_annuel_moyen_m3": 186102, "volumes_annuels": "{\"labels\": [\"2001\", \"2002\", \"2003\", \"2004\", \"2005\", \"2006\", \"2007\", \"2008\", \"2009\", \"2010\", \"2011\", \"2012\", \"2013\", \"2014\", \"2015\", \"2016\", \"2017\", \"2018\", \"2019\", \"2020\", \"2021\", \"2022\", \"2023\", \"2024\"], \"values\": [143369, 146970, 151063, 157123, 162669, 167378, 171993, 176337, 180311, 183896, 187647, 185375, 196123, 197670, 189289, 203052, 198221, 197066, 200975, 210629, 215505, 212194, 213561, 218029]}", "profil_mensuel": "{\"labels\": [\"Jan\", \"F\\u00e9v\", \"Mar\", \"Avr\", \"Mai\", \"Jun\", \"Jul\", \"Ao\\u00fb\", \"Sep\", \"Oct\", \"Nov\", \"D\\u00e9c\"], \"values\": [16223.1, 14993.2, 17661.1, 16230.0, 14413.9, 13151.1, 16306.7, 15906.9, 15714.7, 16024.6, 14767.4, 14709.1]}"}}, {"type": "Feature", "geometry": {"type": "Point", "coordinates": [-71.960229, 45.483809]}, "properties": {"site": "51615177", "intervenant": "KRUGER ÉNERGIE BROMPTONVILLE S.E.C.", "nature": "NATU", "secteur": "papier", "volume_annuel_moyen_m3": 3332750, "volumes_annuels": "{\"labels\": [\"2001\", \"2002\", \"2003\", \"2004\", \"2005\", \"2006\", \"2007\", \"2008\", \"2009\", \"2010\", \"2011\", \"2012\", \"2013\", \"2014\", \"2015\", \"2016\", \"2017\", \"2018\", \"2019\", \"2020\", \"2021\", \"2022\", \"2023\", \"2024\"], \"values\": [4749548, 4934526, 4663474, 4100955, 4741134, 4402491, 4371593, 4030191, 3083510, 3425325, 3307386, 2917488, 2723835, 3126293, 2985768, 3083655, 2794742, 2684319, 2362068, 2148773, 2232866, 2376725, 2527318, 2212005]}", "profil_mensuel": "{\"labels\": [\"Jan\", \"F\\u00e9v\", \"Mar\", \"Avr\", \"Mai\", \"Jun\", \"Jul\", \"Ao\\u00fb\", \"Sep\", \"Oct\", \"Nov\", \"D\\u00e9c\"], \"values\": [262356.2, 237738.5, 270599.3, 247990.4, 242770.6, 266260.2, 263177.8, 305415.0, 283069.6, 303298.8, 317863.2, 332209.9]}"}}, {"type": "Feature", "geometry": {"type": "Point", "coordinates": [-71.668938, 48.528114]}, "properties": {"site": "X0202112", "intervenant": "NUTRINOR COOPÉRATIVE", "nature": "EGOU", "secteur": "population", "volume_annuel_moyen_m3": 96509, "volumes_annuels": "{\"labels\": [\"2001\", \"2002\", \"2003\", \"2004\", \"2005\", \"2006\", \"2007\", \"2008\", \"2009\", \"2010\", \"2011\", \"2012\", \"2013\", \"2014\", \"2015\", \"2016\", \"2017\", \"2018\", \"2019\", \"2020\", \"2021\", \"2022\", \"2023\", \"2024\"], \"values\": [96682, 96329, 95560, 95582, 95208, 95097, 95230, 96143, 96754, 97324, 97995, 95448, 99937, 99878, 94858, 100503, 96036, 93538, 93975, 97178, 98149, 95859, 95965, 96978]}", "profil_mensuel": "{\"labels\": [\"Jan\", \"F\\u00e9v\", \"Mar\", \"Avr\", \"Mai\", \"Jun\", \"Jul\", \"Ao\\u00fb\", \"Sep\", \"Oct\", \"Nov\", \"D\\u00e9c\"], \"values\": [7596.8, 7901.0, 8681.8, 8391.7, 8016.0, 7493.6, 8031.8, 8512.7, 8245.1, 7865.5, 7377.5, 8395.1]}"}}, {"type": "Feature", "geometry": {"type": "Point", "coordinates": [-73.0130361111, 45.8774083333]}, "properties": {"site": "53052973", "intervenant": "SPÉCIALITÉS LASSONDE INC.", "nature": "EGOU", "secteur": "population", "volume_annuel_moyen_m3": 72508, "volumes_annuels": "{\"labels\": [\"2001\", \"2002\", \"2003\", \"2004\", \"2005\", \"2006\", \"2007\", \"2008\", \"2009\", \"2010\", \"2011\", \"2012\", \"2013\", \"2014\", \"2015\", \"2016\", \"2017\", \"2018\", \"2019\", \"2020\", \"2021\", \"2022\", \"2023\", \"2024\"], \"values\": [75163, 74580, 72343, 71760, 70690, 71371, 71565, 71565, 73705, 75649, 76038, 72902, 76134, 75196, 69657, 72508, 69762, 69157, 68343, 71512, 74568, 72206, 70805, 73024]}", "profil_mensuel": "{\"labels\": [\"Jan\", \"F\\u00e9v\", \"Mar\", \"Avr\", \"Mai\", \"Jun\", \"Jul\", \"Ao\\u00fb\", \"Sep\", \"Oct\", \"Nov\", \"D\\u00e9c\"], \"values\": [6440.5, 6772.8, 7295.5, 4738.1, 5200.1, 6013.6, 6267.8, 6110.0, 5527.1, 5785.9, 6003.8, 6353.3]}"}}, {"type": "Feature", "geometry": {"type": "Point", "coordinates": [-72.733889, 45.392083]}, "properties": {"site": "53920732", "intervenant": "PRODUITS BELT-TECH INC.", "nature": "EGOU", "secteur": "population", "volume_annuel_moyen_m3": 18928, "volumes_annuels": "{\"labels\": [\"2001\", \"2002\", \"2003\", \"2004\", \"2005\", \"2006\", \"2007\", \"2008\", \"2009\", \"2010\", \"2011\", \"2012\", \"2013\", \"2014\", \"2015\", \"2016\", \"2017\", \"2018\", \"2019\", \"2020\", \"2021\", \"2022\", \"2023\", \"2024\"], \"values\": [16684, 16798, 16917, 17161, 17428, 17673, 17917, 18153, 18358, 18625, 18892, 18517, 19635, 19794, 18971, 20324, 19620, 19375, 19639, 20457, 20929, 20543, 20715, 21145]}", "profil_mensuel": "{\"labels\": [\"Jan\", \"F\\u00e9v\", \"Mar\", \"Avr\", \"Mai\", \"Jun\", \"Jul\", \"Ao\\u00fb\", \"Sep\", \"Oct\", \"Nov\", \"D\\u00e9c\"], \"values\": [735.3, 623.1, 667.8, 862.5, 812.5, 730.2, 861.4, 649.3, 947.6, 685.4, 788.7, 1100.1]}"}}, {"type": "Feature", "geometry": {"type": "Point", "coordinates": [-73.2208135567, 46.1503425245]}, "properties": {"site": "26927525", "intervenant": "Volaille Giannone s.e.c.", "nature": "NATU", "secteur": "agroalimentaire", "volume_annuel_moyen_m3": 220907, "volumes_annuels": "{\"labels\": [\"2001\", \"2002\", \"2003\", \"2004\", \"2005\", \"2006\", \"2007\", \"2008\", \"2009\", \"2010\", \"2011\", \"2012\", \"2013\", \"2014\", \"2015\", \"2016\", \"2017\", \"2018\", \"2019\", \"2020\", \"2021\", \"2022\", \"2023\", \"2024\"], \"values\": [180153, 179403, 173977, 180382, 184597, 184597, 192122, 203599, 207321, 209033, 208021, 195589, 210582, 227996, 230468, 248058, 246851, 242259, 246946, 248978, 270058, 275520, 276973, 278286]}", "profil_mensuel": "{\"labels\": [\"Jan\", \"F\\u00e9v\", \"Mar\", \"Avr\", \"Mai\", \"Jun\", \"Jul\", \"Ao\\u00fb\", \"Sep\", \"Oct\", \"Nov\", \"D\\u00e9c\"], \"values\": [16365.3, 18268.0, 17604.9, 18553.2, 26629.4, 15634.4, 18139.5, 19359.7, 17432.4, 19678.0, 17090.5, 16151.9]}"}}, {"type": "Feature", "geometry": {"type": "Point", "coordinates": [-71.987497, 45.398207]}, "properties": {"site": "X0501318", "intervenant": "Cooper-Standard Automotive Canada Limited", "nature": "EGOU", "secteur": "population", "volume_annuel_moyen_m3": 4329, "volumes_annuels": "{\"labels\": [\"2001\", \"2002\", \"2003\", \"2004\", \"2005\", \"2006\", \"2007\", \"2008\", \"2009\", \"2010\", \"2011\", \"2012\", \"2013\", \"2014\", \"2015\", \"2016\", \"2017\", \"2018\", \"2019\", \"2020\", \"2021\", \"2022\", \"2023\", \"2024\"], \"values\": [3837, 3883, 3935, 3973, 4002, 4036, 4061, 4094, 4140, 4187, 4241, 4176, 4420, 4455, 4255, 4581, 4438, 4433, 4518, 4746, 4852, 4809, 4858, 4962]}", "profil_mensuel": "{\"labels\": [\"Jan\", \"F\\u00e9v\", \"Mar\", \"Avr\", \"Mai\", \"Jun\", \"Jul\", \"Ao\\u00fb\", \"Sep\", \"Oct\", \"Nov\", \"D\\u00e9c\"], \"values\": [215.8, 324.4, 245.9, 278.1, 402.2, 295.3, 386.4, 374.5, 310.8, 450.2, 648.8, 396.5]}"}}, {"type": "Feature", "geometry": {"type": "Point", "coordinates": [-73.92838, 45.68296]}, "properties": {"site": "X2176450", "intervenant": "LALLEMAND SOLUTIONS SANTÉ INC.", "nature": "EGOU", "secteur": "population", "volume_annuel_moyen_m3": 4205, "volumes_annuels": "{\"labels\": [\"2001\", \"2002\", \"2003\", \"2004\", \"2005\", \"2006\", \"2007\", \"2008\", \"2009\", \"2010\", \"2011\", \"2012\", \"2013\", \"2014\", \"2015\", \"2016\", \"2017\", \"2018\", \"2019\", \"2020\", \"2021\", \"2022\", \"2023\", \"2024\"], \"values\": [2535, 2659, 2790, 2922, 3052, 3194, 3324, 3471, 3587, 3723, 3861, 3924, 4287, 4446, 4366, 4830, 4783, 4910, 5136, 5495, 5771, 5808, 5942, 6099]}", "profil_mensuel": "{\"labels\": [\"Jan\", \"F\\u00e9v\", \"Mar\", \"Avr\", \"Mai\", \"Jun\", \"Jul\", \"Ao\\u00fb\", \"Sep\", \"Oct\", \"Nov\", \"D\\u00e9c\"], \"values\": [519.0, 348.2, 444.0, 396.9, 278.1, 210.1, 294.5, 361.8, 231.1, 370.2, 399.1, 351.7]}"}}, {"type": "Feature", "geometry": {"type": "Point", "coordinates": [-70.95797, 46.62167]}, "properties": {"site": "X1200369", "intervenant": "EXCELDOR COOPÉRATIVE", "nature": "NATU", "secteur": "agroalimentaire", "volume_annuel_moyen_m3": 676246, "volumes_annuels": "{\"labels\": [\"2001\", \"2002\", \"2003\", \"2004\", \"2005\", \"2006\", \"2007\", \"2008\", \"2009\", \"2010\", \"2011\", \"2012\", \"2013\", \"2014\", \"2015\", \"2016\", \"2017\", \"2018\", \"2019\", \"2020\", \"2021\", \"2022\", \"2023\", \"2024\"], \"values\": [551350, 549056, 532450, 552050, 564952, 564952, 587980, 623107, 634495, 639736, 636640, 598722, 644002, 698407, 706803, 759280, 758631, 741472, 755739, 761793, 826083, 843375, 847137, 851682]}", "profil_mensuel": "{\"labels\": [\"Jan\", \"F\\u00e9v\", \"Mar\", \"Avr\", \"Mai\", \"Jun\", \"Jul\", \"Ao\\u00fb\", \"Sep\", \"Oct\", \"Nov\", \"D\\u00e9c\"], \"values\": [55922.7, 50936.7, 54421.2, 52313.8, 57297.7, 49716.5, 60698.3, 71308.5, 67027.8, 52296.9, 51167.3, 53138.2]}"}}, {"type": "Feature", "geometry": {"type": "Point", "coordinates": [-67.2994344711, 52.8458893933]}, "properties": {"site": "X2103303", "intervenant": "MINERAI DE FER QUÉBEC INC.", "nature": "NATU", "secteur": "mines", "volume_annuel_moyen_m3": 5809117, "volumes_annuels": "{\"labels\": [\"2001\", \"2002\", \"2003\", \"2004\", \"2005\", \"2006\", \"2007\", \"2008\", \"2009\", \"2010\", \"2011\", \"2012\", \"2013\", \"2014\", \"2015\", \"2016\", \"2017\", \"2018\", \"2019\", \"2020\", \"2021\", \"2022\", \"2023\", \"2024\"], \"values\": [4973129, 4792970, 5155298, 4467907, 4075285, 4042309, 4274478, 4424074, 4286408, 4442572, 4828761, 4494752, 5271290, 6251725, 6438225, 6908231, 7054489, 7332079, 7331338, 7334426, 7898470, 7325881, 7758504, 8256198]}", "profil_mensuel": "{\"labels\": [\"Jan\", \"F\\u00e9v\", \"Mar\", \"Avr\", \"Mai\", \"Jun\", \"Jul\", \"Ao\\u00fb\", \"Sep\", \"Oct\", \"Nov\", \"D\\u00e9c\"], \"values\": [0.0, 0.0, 0.0, 1519465.2, 734239.2, 1704043.3, 181865.6, 280125.2, 453202.5, 649649.1, 286526.5, 0.0]}"}}, {"type": "Feature", "geometry": {"type": "Point", "coordinates": [-77.8639408531, 48.0887826696]}, "properties": {"site": "55592950", "intervenant": "MINES AGNICO EAGLE LIMITÉE", "nature": "NATU", "secteur": "mines", "volume_annuel_moyen_m3": 897156, "volumes_annuels": "{\"labels\": [\"2001\", \"2002\", \"2003\", \"2004\", \"2005\", \"2006\", \"2007\", \"2008\", \"2009\", \"2010\", \"2011\", \"2012\", \"2013\", \"2014\", \"2015\", \"2016\", \"2017\", \"2018\", \"2019\", \"2020\", \"2021\", \"2022\", \"2023\", \"2024\"], \"values\": [767086, 739297, 795184, 689157, 628597, 623510, 659321, 682396, 661162, 685249, 744817, 693802, 820488, 972025, 987968, 1070269, 1075936, 1133239, 1140622, 1133245, 1216391, 1138034, 1200459, 1273486]}", "profil_mensuel": "{\"labels\": [\"Jan\", \"F\\u00e9v\", \"Mar\", \"Avr\", \"Mai\", \"Jun\", \"Jul\", \"Ao\\u00fb\", \"Sep\", \"Oct\", \"Nov\", \"D\\u00e9c\"], \"values\": [0.0, 0.0, 63195.9, 181619.0, 69158.0, 98665.9, 7654.1, 0.0, 0.0, 0.0, 28285.1, 0.0]}"}}, {"type": "Feature", "geometry": {"type": "Point", "coordinates": [-78.516685, 48.260879]}, "properties": {"site": "90518259", "intervenant": "IAMGOLD CORPORATION", "nature": "NATU", "secteur": "autre", "volume_annuel_moyen_m3": 5470, "volumes_annuels": "{\"labels\": [\"2001\", \"2002\", \"2003\", \"2004\", \"2005\", \"2006\", \"2007\", \"2008\", \"2009\", \"2010\", \"2011\", \"2012\", \"2013\", \"2014\", \"2015\", \"2016\", \"2017\", \"2018\", \"2019\", \"2020\", \"2021\", \"2022\", \"2023\", \"2024\"], \"values\": [5740, 5922, 5763, 5523, 5883, 5713, 5691, 5552, 4915, 5165, 5190, 4865, 4948, 5365, 5305, 5544, 5458, 5481, 5435, 5312, 5639, 5662, 5598, 5606]}", "profil_mensuel": "{\"labels\": [\"Jan\", \"F\\u00e9v\", \"Mar\", \"Avr\", \"Mai\", \"Jun\", \"Jul\", \"Ao\\u00fb\", \"Sep\", \"Oct\", \"Nov\", \"D\\u00e9c\"], \"values\": [158.6, 130.0, 243.2, 429.7, 725.8, 707.0, 791.2, 717.3, 421.0, 368.8, 521.0, 256.3]}"}}, {"type": "Feature", "geometry": {"type": "Point", "coordinates": [-73.493855, 45.399218]}, "properties": {"site": "55408538", "intervenant": "CIMENT QUÉBEC INC.", "nature": "EGOU", "secteur": "population", "volume_annuel_moyen_m3": 9591, "volumes_annuels": "{\"labels\": [\"2001\", \"2002\", \"2003\", \"2004\", \"2005\", \"2006\", \"2007\", \"2008\", \"2009\", \"2010\", \"2011\", \"2012\", \"2013\", \"2014\", \"2015\", \"2016\", \"2017\", \"2018\", \"2019\", \"2020\", \"2021\", \"2022\", \"2023\", \"2024\"], \"values\": [7844, 8008, 8211, 8482, 8713, 8935, 9097, 9227, 9296, 9418, 9618, 9369, 9822, 9862, 9499, 10054, 10033, 10114, 10401, 10844, 10905, 10662, 10760, 11018]}", "profil_mensuel": "{\"labels\": [\"Jan\", \"F\\u00e9v\", \"Mar\", \"Avr\", \"Mai\", \"Jun\", \"Jul\", \"Ao\\u00fb\", \"Sep\", \"Oct\", \"Nov\", \"D\\u00e9c\"], \"values\": [810.3, 778.2, 53.5, 325.3, 284.9, 1297.2, 1642.1, 963.8, 1290.7, 733.6, 648.6, 763.1]}"}}, {"type": "Feature", "geometry": {"type": "Point", "coordinates": [-72.7143333333, 45.2995]}, "properties": {"site": "52214574", "intervenant": "Teledyne digital imaging, inc.", "nature": "EGOU", "secteur": "population", "volume_annuel_moyen_m3": 171917, "volumes_annuels": "{\"labels\": [\"2001\", \"2002\", \"2003\", \"2004\", \"2005\", \"2006\", \"2007\", \"2008\", \"2009\", \"2010\", \"2011\", \"2012\", \"2013\", \"2014\", \"2015\", \"2016\", \"2017\", \"2018\", \"2019\", \"2020\", \"2021\", \"2022\", \"2023\", \"2024\"], \"values\": [101683, 106433, 110895, 115790, 120582, 125622, 132706, 140534, 147102, 154641, 159908, 164967, 179254, 184854, 179459, 194608, 192879, 197137, 206150, 227296, 243419, 243573, 244617, 251904]}", "profil_mensuel": "{\"labels\": [\"Jan\", \"F\\u00e9v\", \"Mar\", \"Avr\", \"Mai\", \"Jun\", \"Jul\", \"Ao\\u00fb\", \"Sep\", \"Oct\", \"Nov\", \"D\\u00e9c\"], \"values\": [14464.3, 13672.4, 14888.1, 13815.0, 14418.8, 13697.5, 14250.1, 14688.4, 14076.7, 14693.7, 14460.4, 14791.7]}"}}, {"type": "Feature", "geometry": {"type": "Point", "coordinates": [-72.315311, 45.498881]}, "properties": {"site": "X0501545", "intervenant": "BOMBARDIER PRODUITS RÉCRÉATIFS INC.", "nature": "EGOU", "secteur": "population", "volume_annuel_moyen_m3": 7361, "volumes_annuels": "{\"labels\": [\"2001\", \"2002\", \"2003\", \"2004\", \"2005\", \"2006\", \"2007\", \"2008\", \"2009\", \"2010\", \"2011\", \"2012\", \"2013\", \"2014\", \"2015\", \"2016\", \"2017\", \"2018\", \"2019\", \"2020\", \"2021\", \"2022\", \"2023\", \"2024\"], \"values\": [7962, 7851, 7750, 7666, 7659, 7649, 7656, 7604, 7714, 7539, 7623, 7364, 7499, 7441, 6899, 7286, 6881, 6775, 6761, 6963, 7092, 7025, 7001, 6999]}", "profil_mensuel": "{\"labels\": [\"Jan\", \"F\\u00e9v\", \"Mar\", \"Avr\", \"Mai\", \"Jun\", \"Jul\", \"Ao\\u00fb\", \"Sep\", \"Oct\", \"Nov\", \"D\\u00e9c\"], \"values\": [154.0, 187.2, 180.8, 158.0, 105.9, 107.1, 99.2, 128.4, 97.8, 72.9, 67.2, 113.7]}"}}, {"type": "Feature", "geometry": {"type": "Point", "coordinates": [-73.6044937151, 45.4628414981]}, "properties": {"site": "51615201", "intervenant": "EMBALLAGES KRUGER S.E.C.", "nature": "EGOU", "secteur": "population", "volume_annuel_moyen_m3": 1754766, "volumes_annuels": "{\"labels\": [\"2001\", \"2002\", \"2003\", \"2004\", \"2005\", \"2006\", \"2007\", \"2008\", \"2009\", \"2010\", \"2011\", \"2012\", \"2013\", \"2014\", \"2015\", \"2016\", \"2017\", \"2018\", \"2019\", \"2020\", \"2021\", \"2022\", \"2023\", \"2024\"], \"values\": [1657820, 1670718, 1674725, 1676945, 1678045, 1680597, 1679219, 1682139, 1696991, 1707534, 1716323, 1689433, 1786900, 1796878, 1709904, 1833134, 1774080, 1781186, 1819242, 1881271, 1859983, 1829045, 1876559, 1955716]}", "profil_mensuel": "{\"labels\": [\"Jan\", \"F\\u00e9v\", \"Mar\", \"Avr\", \"Mai\", \"Jun\", \"Jul\", \"Ao\\u00fb\", \"Sep\", \"Oct\", \"Nov\", \"D\\u00e9c\"], \"values\": [173836.9, 150877.8, 159406.9, 147815.6, 136792.2, 116050.3, 128668.5, 147816.8, 138950.0, 136964.5, 165726.0, 151860.5]}"}}, {"type": "Feature", "geometry": {"type": "Point", "coordinates": [-70.8737349476, 45.5807972859]}, "properties": {"site": "29260064", "intervenant": "TAFISA CANADA INC.", "nature": "EGOU", "secteur": "population", "volume_annuel_moyen_m3": 3131, "volumes_annuels": "{\"labels\": [\"2001\", \"2002\", \"2003\", \"2004\", \"2005\", \"2006\", \"2007\", \"2008\", \"2009\", \"2010\", \"2011\", \"2012\", \"2013\", \"2014\", \"2015\", \"2016\", \"2017\", \"2018\", \"2019\", \"2020\", \"2021\", \"2022\", \"2023\", \"2024\"], \"values\": [3214, 3202, 3195, 3179, 3155, 3179, 3204, 3227, 3226, 3197, 3153, 3070, 3219, 3134, 2956, 3135, 3002, 2953, 2961, 3081, 3151, 3092, 3098, 3150]}", "profil_mensuel": "{\"labels\": [\"Jan\", \"F\\u00e9v\", \"Mar\", \"Avr\", \"Mai\", \"Jun\", \"Jul\", \"Ao\\u00fb\", \"Sep\", \"Oct\", \"Nov\", \"D\\u00e9c\"], \"values\": [264.3, 248.5, 270.2, 252.1, 263.1, 250.1, 260.8, 267.1, 256.3, 267.3, 262.1, 268.8]}"}}, {"type": "Feature", "geometry": {"type": "Point", "coordinates": [-75.729673269, 45.4386626727]}, "properties": {"site": "53372165", "intervenant": "ST. MARYS CEMENT INC. (CANADA)", "nature": "EGOU", "secteur": "population", "volume_annuel_moyen_m3": 3032, "volumes_annuels": "{\"labels\": [\"2001\", \"2002\", \"2003\", \"2004\", \"2005\", \"2006\", \"2007\", \"2008\", \"2009\", \"2010\", \"2011\", \"2012\", \"2013\", \"2014\", \"2015\", \"2016\", \"2017\", \"2018\", \"2019\", \"2020\", \"2021\", \"2022\", \"2023\", \"2024\"], \"values\": [2614, 2640, 2683, 2721, 2747, 2767, 2811, 2862, 2920, 2981, 3037, 3012, 3178, 3189, 3026, 3276, 3150, 3148, 3204, 3336, 3382, 3322, 3345, 3427]}", "profil_mensuel": "{\"labels\": [\"Jan\", \"F\\u00e9v\", \"Mar\", \"Avr\", \"Mai\", \"Jun\", \"Jul\", \"Ao\\u00fb\", \"Sep\", \"Oct\", \"Nov\", \"D\\u00e9c\"], \"values\": [399.3, 377.3, 409.6, 200.9, 188.5, 179.3, 208.1, 216.0, 207.4, 216.1, 212.4, 217.5]}"}}, {"type": "Feature", "geometry": {"type": "Point", "coordinates": [-71.2978333333, 46.8525555556]}, "properties": {"site": "12434569", "intervenant": "CARRIÈRE UNION LTÉE", "nature": "EGOU", "secteur": "population", "volume_annuel_moyen_m3": 480336, "volumes_annuels": "{\"labels\": [\"2001\", \"2002\", \"2003\", \"2004\", \"2005\", \"2006\", \"2007\", \"2008\", \"2009\", \"2010\", \"2011\", \"2012\", \"2013\", \"2014\", \"2015\", \"2016\", \"2017\", \"2018\", \"2019\", \"2020\", \"2021\", \"2022\", \"2023\", \"2024\"], \"values\": [442508, 444712, 446275, 447797, 449026, 451852, 455843, 461123, 466281, 471306, 476272, 467565, 492653, 496894, 477094, 505600, 491737, 485734, 493279, 515445, 519566, 514482, 520168, 534859]}", "profil_mensuel": "{\"labels\": [\"Jan\", \"F\\u00e9v\", \"Mar\", \"Avr\", \"Mai\", \"Jun\", \"Jul\", \"Ao\\u00fb\", \"Sep\", \"Oct\", \"Nov\", \"D\\u00e9c\"], \"values\": [7499.4, 25543.4, 81498.2, 24314.4, 36150.9, 34020.8, 47801.1, 60906.4, 28885.4, 26429.0, 44724.9, 62562.5]}"}}, {"type": "Feature", "geometry": {"type": "Point", "coordinates": [-73.710617, 46.222583]}, "properties": {"site": "X2091632", "intervenant": "Les Sables La-Ro ltée", "nature": "NATU", "secteur": "autre", "volume_annuel_moyen_m3": 21425, "volumes_annuels": "{\"labels\": [\"2001\", \"2002\", \"2003\", \"2004\", \"2005\", \"2006\", \"2007\", \"2008\", \"2009\", \"2010\", \"2011\", \"2012\", \"2013\", \"2014\", \"2015\", \"2016\", \"2017\", \"2018\", \"2019\", \"2020\", \"2021\", \"2022\", \"2023\", \"2024\"], \"values\": [22536, 23252, 22627, 21685, 23098, 22430, 22342, 21798, 19297, 20277, 20376, 18819, 19450, 20405, 21523, 21896, 21417, 21547, 20962, 20277, 22237, 22193, 21744, 22010]}", "profil_mensuel": "{\"labels\": [\"Jan\", \"F\\u00e9v\", \"Mar\", \"Avr\", \"Mai\", \"Jun\", \"Jul\", \"Ao\\u00fb\", \"Sep\", \"Oct\", \"Nov\", \"D\\u00e9c\"], \"values\": [0.0, 0.0, 0.0, 0.0, 14581.2, 0.0, 0.0, 0.0, 6843.7, 0.0, 0.0, 0.0]}"}}, {"type": "Feature", "geometry": {"type": "Point", "coordinates": [-72.375242, 46.385879]}, "properties": {"site": "54469143", "intervenant": "ARKEMA CANADA INC.", "nature": "NATU", "secteur": "autre", "volume_annuel_moyen_m3": 141249, "volumes_annuels": "{\"labels\": [\"2001\", \"2002\", \"2003\", \"2004\", \"2005\", \"2006\", \"2007\", \"2008\", \"2009\", \"2010\", \"2011\", \"2012\", \"2013\", \"2014\", \"2015\", \"2016\", \"2017\", \"2018\", \"2019\", \"2020\", \"2021\", \"2022\", \"2023\", \"2024\"], \"values\": [147798, 152491, 148397, 142214, 151481, 147101, 146525, 142957, 126554, 132985, 133634, 126697, 129068, 139699, 136538, 144957, 141015, 141702, 140200, 136826, 145373, 146288, 145136, 144348]}", "profil_mensuel": "{\"labels\": [\"Jan\", \"F\\u00e9v\", \"Mar\", \"Avr\", \"Mai\", \"Jun\", \"Jul\", \"Ao\\u00fb\", \"Sep\", \"Oct\", \"Nov\", \"D\\u00e9c\"], \"values\": [10622.1, 9777.8, 11060.3, 8540.1, 11703.8, 13296.9, 14193.9, 13728.5, 13922.3, 11774.6, 11080.9, 11548.2]}"}}, {"type": "Feature", "geometry": {"type": "Point", "coordinates": [-71.1419342, 46.4964861]}, "properties": {"site": "X2157641", "intervenant": "LES SPÉCIALITÉS PRODAL (1975) LTÉE", "nature": "EGOU", "secteur": "population", "volume_annuel_moyen_m3": 7659, "volumes_annuels": "{\"labels\": [\"2001\", \"2002\", \"2003\", \"2004\", \"2005\", \"2006\", \"2007\", \"2008\", \"2009\", \"2010\", \"2011\", \"2012\", \"2013\", \"2014\", \"2015\", \"2016\", \"2017\", \"2018\", \"2019\", \"2020\", \"2021\", \"2022\", \"2023\", \"2024\"], \"values\": [7120, 7065, 6926, 6857, 6750, 6619, 6688, 6878, 6847, 6947, 7082, 6925, 7486, 7766, 7606, 8394, 8221, 8155, 8333, 8876, 9093, 8999, 9038, 9150]}", "profil_mensuel": "{\"labels\": [\"Jan\", \"F\\u00e9v\", \"Mar\", \"Avr\", \"Mai\", \"Jun\", \"Jul\", \"Ao\\u00fb\", \"Sep\", \"Oct\", \"Nov\", \"D\\u00e9c\"], \"values\": [645.1, 609.1, 661.7, 616.5, 642.8, 611.5, 636.4, 653.7, 627.6, 653.9, 642.8, 658.0]}"}}, {"type": "Feature", "geometry": {"type": "Point", "coordinates": [-77.234357, 48.385781]}, "properties": {"site": "54584628", "intervenant": "PF RÉSOLU CANADA INC.", "nature": "EGOU", "secteur": "population", "volume_annuel_moyen_m3": 6861, "volumes_annuels": "{\"labels\": [\"2001\", \"2002\", \"2003\", \"2004\", \"2005\", \"2006\", \"2007\", \"2008\", \"2009\", \"2010\", \"2011\", \"2012\", \"2013\", \"2014\", \"2015\", \"2016\", \"2017\", \"2018\", \"2019\", \"2020\", \"2021\", \"2022\", \"2023\", \"2024\"], \"values\": [7689, 7538, 7399, 7278, 7095, 6974, 7023, 7006, 6958, 6932, 6916, 6704, 6959, 6972, 6591, 6873, 6588, 6327, 6261, 6546, 6674, 6414, 6427, 6521]}", "profil_mensuel": "{\"labels\": [\"Jan\", \"F\\u00e9v\", \"Mar\", \"Avr\", \"Mai\", \"Jun\", \"Jul\", \"Ao\\u00fb\", \"Sep\", \"Oct\", \"Nov\", \"D\\u00e9c\"], \"values\": [239.1, 263.3, 599.0, 303.4, 661.9, 1106.4, 369.6, 785.0, 858.0, 524.8, 708.9, 441.5]}"}}, {"type": "Feature", "geometry": {"type": "Point", "coordinates": [-71.1355078609, 48.3078006112]}, "properties": {"site": "53998084", "intervenant": "RIO TINTO ALCAN INC.", "nature": "NATU", "secteur": "mines", "volume_annuel_moyen_m3": 235, "volumes_annuels": "{\"labels\": [\"2001\", \"2002\", \"2003\", \"2004\", \"2005\", \"2006\", \"2007\", \"2008\", \"2009\", \"2010\", \"2011\", \"2012\", \"2013\", \"2014\", \"2015\", \"2016\", \"2017\", \"2018\", \"2019\", \"2020\", \"2021\", \"2022\", \"2023\", \"2024\"], \"values\": [199, 192, 206, 179, 163, 162, 171, 177, 172, 178, 193, 186, 219, 256, 265, 282, 293, 302, 298, 298, 318, 299, 313, 330]}", "profil_mensuel": "{\"labels\": [\"Jan\", \"F\\u00e9v\", \"Mar\", \"Avr\", \"Mai\", \"Jun\", \"Jul\", \"Ao\\u00fb\", \"Sep\", \"Oct\", \"Nov\", \"D\\u00e9c\"], \"values\": [9.7, 11.8, 17.1, 11.6, 13.8, 28.8, 24.0, 26.3, 25.5, 25.6, 25.7, 15.7]}"}}, {"type": "Feature", "geometry": {"type": "Point", "coordinates": [-72.4857461, 45.9220448]}, "properties": {"site": "X2087916", "intervenant": "GESTIMMO MARTEL INC.", "nature": "EGOU", "secteur": "population", "volume_annuel_moyen_m3": 168423, "volumes_annuels": "{\"labels\": [\"2001\", \"2002\", \"2003\", \"2004\", \"2005\", \"2006\", \"2007\", \"2008\", \"2009\", \"2010\", \"2011\", \"2012\", \"2013\", \"2014\", \"2015\", \"2016\", \"2017\", \"2018\", \"2019\", \"2020\", \"2021\", \"2022\", \"2023\", \"2024\"], \"values\": [147532, 148640, 150866, 152659, 154853, 155964, 157284, 159746, 162021, 164217, 166460, 163676, 173283, 174716, 167798, 180128, 174950, 173256, 175139, 182771, 187549, 185564, 188958, 194123]}", "profil_mensuel": "{\"labels\": [\"Jan\", \"F\\u00e9v\", \"Mar\", \"Avr\", \"Mai\", \"Jun\", \"Jul\", \"Ao\\u00fb\", \"Sep\", \"Oct\", \"Nov\", \"D\\u00e9c\"], \"values\": [13965.4, 14090.6, 14307.7, 13786.1, 14570.0, 12369.7, 14430.3, 14807.2, 13361.8, 14816.5, 14363.7, 13554.0]}"}}, {"type": "Feature", "geometry": {"type": "Point", "coordinates": [-73.651228, 45.631245]}, "properties": {"site": "X2142284", "intervenant": "LES ALIMENTS MAPLE LEAF INC.", "nature": "EGOU", "secteur": "population", "volume_annuel_moyen_m3": 72838, "volumes_annuels": "{\"labels\": [\"2001\", \"2002\", \"2003\", \"2004\", \"2005\", \"2006\", \"2007\", \"2008\", \"2009\", \"2010\", \"2011\", \"2012\", \"2013\", \"2014\", \"2015\", \"2016\", \"2017\", \"2018\", \"2019\", \"2020\", \"2021\", \"2022\", \"2023\", \"2024\"], \"values\": [62758, 63479, 64235, 65016, 65784, 66692, 67685, 68928, 70182, 71550, 72730, 71788, 76043, 76650, 74483, 78705, 77440, 76027, 76919, 79672, 80478, 79268, 79594, 82000]}", "profil_mensuel": "{\"labels\": [\"Jan\", \"F\\u00e9v\", \"Mar\", \"Avr\", \"Mai\", \"Jun\", \"Jul\", \"Ao\\u00fb\", \"Sep\", \"Oct\", \"Nov\", \"D\\u00e9c\"], \"values\": [5566.1, 5616.2, 5702.8, 3487.9, 3519.0, 3458.7, 10020.5, 10282.9, 10206.7, 3578.8, 5725.8, 5672.5]}"}}, {"type": "Feature", "geometry": {"type": "Point", "coordinates": [-73.930533, 45.309969]}, "properties": {"site": "90144411", "intervenant": "CONSTRUCTION DJL INC.", "nature": "NATU", "secteur": "autre", "volume_annuel_moyen_m3": 277740, "volumes_annuels": "{\"labels\": [\"2001\", \"2002\", \"2003\", \"2004\", \"2005\", \"2006\", \"2007\", \"2008\", \"2009\", \"2010\", \"2011\", \"2012\", \"2013\", \"2014\", \"2015\", \"2016\", \"2017\", \"2018\", \"2019\", \"2020\", \"2021\", \"2022\", \"2023\", \"2024\"], \"values\": [290691, 299920, 291869, 279707, 297933, 289320, 288186, 281169, 248907, 261556, 262833, 247877, 252828, 273823, 269523, 284493, 278004, 278651, 275559, 269487, 286633, 287466, 285410, 283905]}", "profil_mensuel": "{\"labels\": [\"Jan\", \"F\\u00e9v\", \"Mar\", \"Avr\", \"Mai\", \"Jun\", \"Jul\", \"Ao\\u00fb\", \"Sep\", \"Oct\", \"Nov\", \"D\\u00e9c\"], \"values\": [8853.4, 8927.8, 9056.6, 17494.2, 33073.6, 26035.0, 30594.0, 29103.1, 28907.9, 29114.5, 29544.3, 27035.3]}"}}, {"type": "Feature", "geometry": {"type": "Point", "coordinates": [-74.002544, 45.761589]}, "properties": {"site": "51367431", "intervenant": "Les entreprises Rolland inc.", "nature": "NATU", "secteur": "autre", "volume_annuel_moyen_m3": 243354, "volumes_annuels": "{\"labels\": [\"2001\", \"2002\", \"2003\", \"2004\", \"2005\", \"2006\", \"2007\", \"2008\", \"2009\", \"2010\", \"2011\", \"2012\", \"2013\", \"2014\", \"2015\", \"2016\", \"2017\", \"2018\", \"2019\", \"2020\", \"2021\", \"2022\", \"2023\", \"2024\"], \"values\": [254740, 262828, 255772, 245114, 261086, 253538, 252544, 246396, 218124, 229208, 230327, 218258, 222430, 240613, 234759, 249422, 242022, 244115, 241890, 235912, 250369, 252107, 250121, 248793]}", "profil_mensuel": "{\"labels\": [\"Jan\", \"F\\u00e9v\", \"Mar\", \"Avr\", \"Mai\", \"Jun\", \"Jul\", \"Ao\\u00fb\", \"Sep\", \"Oct\", \"Nov\", \"D\\u00e9c\"], \"values\": [14944.1, 20601.2, 21741.7, 18821.0, 24767.6, 22693.6, 25377.2, 20905.2, 17921.8, 18682.9, 19142.8, 17754.7]}"}}, {"type": "Feature", "geometry": {"type": "Point", "coordinates": [-71.0112639162, 48.438263085]}, "properties": {"site": "30804017", "intervenant": "9113-0476 QUÉBEC INC.", "nature": "EGOU", "secteur": "population", "volume_annuel_moyen_m3": 139789, "volumes_annuels": "{\"labels\": [\"2001\", \"2002\", \"2003\", \"2004\", \"2005\", \"2006\", \"2007\", \"2008\", \"2009\", \"2010\", \"2011\", \"2012\", \"2013\", \"2014\", \"2015\", \"2016\", \"2017\", \"2018\", \"2019\", \"2020\", \"2021\", \"2022\", \"2023\", \"2024\"], \"values\": [142829, 141408, 140352, 139502, 138403, 137803, 137814, 138285, 138284, 138754, 139310, 136386, 143381, 143212, 136401, 144698, 138432, 135700, 136134, 140727, 142014, 139748, 141031, 144336]}", "profil_mensuel": "{\"labels\": [\"Jan\", \"F\\u00e9v\", \"Mar\", \"Avr\", \"Mai\", \"Jun\", \"Jul\", \"Ao\\u00fb\", \"Sep\", \"Oct\", \"Nov\", \"D\\u00e9c\"], \"values\": [6026.7, 5298.1, 6382.0, 5657.9, 5771.7, 5069.6, 6153.8, 6110.4, 5609.1, 6145.1, 5677.5, 5992.7]}"}}, {"type": "Feature", "geometry": {"type": "Point", "coordinates": [-72.005684, 45.560343]}, "properties": {"site": "90222761", "intervenant": "DOMTAR INC.", "nature": "NATU", "secteur": "papier", "volume_annuel_moyen_m3": 36619525, "volumes_annuels": "{\"labels\": [\"2001\", \"2002\", \"2003\", \"2004\", \"2005\", \"2006\", \"2007\", \"2008\", \"2009\", \"2010\", \"2011\", \"2012\", \"2013\", \"2014\", \"2015\", \"2016\", \"2017\", \"2018\", \"2019\", \"2020\", \"2021\", \"2022\", \"2023\", \"2024\"], \"values\": [52204842, 54238029, 51258751, 45075801, 52112356, 48390153, 48050531, 44298004, 33892514, 37649589, 36353262, 32081323, 29927794, 34298659, 32820398, 33811483, 30687313, 29502917, 25946265, 23594852, 24513897, 26113270, 27733264, 24313338]}", "profil_mensuel": "{\"labels\": [\"Jan\", \"F\\u00e9v\", \"Mar\", \"Avr\", \"Mai\", \"Jun\", \"Jul\", \"Ao\\u00fb\", \"Sep\", \"Oct\", \"Nov\", \"D\\u00e9c\"], \"values\": [3120984.3, 2966926.6, 3275856.1, 2087300.4, 3122088.0, 3096546.3, 3200866.6, 3264721.5, 3110723.9, 3179042.8, 2977244.2, 3217224.6]}"}}, {"type": "Feature", "geometry": {"type": "Point", "coordinates": [-72.968997, 45.6253735]}, "properties": {"site": "X2124836", "intervenant": "BIENA INC.", "nature": "EGOU", "secteur": "population", "volume_annuel_moyen_m3": 67128, "volumes_annuels": "{\"labels\": [\"2001\", \"2002\", \"2003\", \"2004\", \"2005\", \"2006\", \"2007\", \"2008\", \"2009\", \"2010\", \"2011\", \"2012\", \"2013\", \"2014\", \"2015\", \"2016\", \"2017\", \"2018\", \"2019\", \"2020\", \"2021\", \"2022\", \"2023\", \"2024\"], \"values\": [63194, 63416, 63567, 63607, 63854, 63942, 64477, 64934, 65095, 65813, 66090, 64234, 67640, 68657, 66859, 69973, 68991, 67196, 68066, 71115, 72338, 71429, 72141, 74437]}", "profil_mensuel": "{\"labels\": [\"Jan\", \"F\\u00e9v\", \"Mar\", \"Avr\", \"Mai\", \"Jun\", \"Jul\", \"Ao\\u00fb\", \"Sep\", \"Oct\", \"Nov\", \"D\\u00e9c\"], \"values\": [1898.7, 1791.8, 3044.6, 4466.3, 4654.6, 8678.7, 10381.5, 10646.0, 7118.4, 5022.6, 4935.9, 4488.6]}"}}, {"type": "Feature", "geometry": {"type": "Point", "coordinates": [-73.6835701961, 61.6915188534]}, "properties": {"site": "90096116", "intervenant": "GLENCORE CANADA CORPORATION", "nature": "NATU", "secteur": "autre", "volume_annuel_moyen_m3": 356185, "volumes_annuels": "{\"labels\": [\"2001\", \"2002\", \"2003\", \"2004\", \"2005\", \"2006\", \"2007\", \"2008\", \"2009\", \"2010\", \"2011\", \"2012\", \"2013\", \"2014\", \"2015\", \"2016\", \"2017\", \"2018\", \"2019\", \"2020\", \"2021\", \"2022\", \"2023\", \"2024\"], \"values\": [372202, 384019, 373710, 358138, 381475, 370447, 368994, 360010, 318702, 334898, 336533, 319830, 326225, 352561, 345768, 366537, 357224, 357571, 353584, 344319, 366556, 369677, 365939, 363513]}", "profil_mensuel": "{\"labels\": [\"Jan\", \"F\\u00e9v\", \"Mar\", \"Avr\", \"Mai\", \"Jun\", \"Jul\", \"Ao\\u00fb\", \"Sep\", \"Oct\", \"Nov\", \"D\\u00e9c\"], \"values\": [28973.1, 24965.3, 32603.6, 23972.0, 28154.7, 18838.2, 31879.5, 44022.3, 43142.6, 24592.4, 27250.9, 27790.2]}"}}, {"type": "Feature", "geometry": {"type": "Point", "coordinates": [-73.59091, 45.46847]}, "properties": {"site": "26768176", "intervenant": "La Brasserie McAuslan inc.", "nature": "EGOU", "secteur": "population", "volume_annuel_moyen_m3": 112729, "volumes_annuels": "{\"labels\": [\"2001\", \"2002\", \"2003\", \"2004\", \"2005\", \"2006\", \"2007\", \"2008\", \"2009\", \"2010\", \"2011\", \"2012\", \"2013\", \"2014\", \"2015\", \"2016\", \"2017\", \"2018\", \"2019\", \"2020\", \"2021\", \"2022\", \"2023\", \"2024\"], \"values\": [106603, 107433, 107690, 107833, 107904, 108068, 107979, 108167, 109122, 109800, 110365, 108224, 114361, 115080, 110085, 117330, 114185, 114310, 116789, 120926, 119549, 117447, 120478, 125759]}", "profil_mensuel": "{\"labels\": [\"Jan\", \"F\\u00e9v\", \"Mar\", \"Avr\", \"Mai\", \"Jun\", \"Jul\", \"Ao\\u00fb\", \"Sep\", \"Oct\", \"Nov\", \"D\\u00e9c\"], \"values\": [7821.7, 9233.1, 9601.5, 8082.9, 9728.2, 9429.8, 10815.3, 9739.7, 10180.1, 10918.1, 10341.9, 6836.5]}"}}, {"type": "Feature", "geometry": {"type": "Point", "coordinates": [-72.96825, 46.49378]}, "properties": {"site": "25311895", "intervenant": "LES SOURCES ST-ÉLIE INC.", "nature": "NATU", "secteur": "autre", "volume_annuel_moyen_m3": 846, "volumes_annuels": "{\"labels\": [\"2001\", \"2002\", \"2003\", \"2004\", \"2005\", \"2006\", \"2007\", \"2008\", \"2009\", \"2010\", \"2011\", \"2012\", \"2013\", \"2014\", \"2015\", \"2016\", \"2017\", \"2018\", \"2019\", \"2020\", \"2021\", \"2022\", \"2023\", \"2024\"], \"values\": [885, 913, 888, 851, 907, 880, 877, 856, 757, 796, 800, 760, 775, 839, 815, 871, 842, 849, 840, 819, 870, 876, 871, 864]}", "profil_mensuel": "{\"labels\": [\"Jan\", \"F\\u00e9v\", \"Mar\", \"Avr\", \"Mai\", \"Jun\", \"Jul\", \"Ao\\u00fb\", \"Sep\", \"Oct\", \"Nov\", \"D\\u00e9c\"], \"values\": [70.2, 70.8, 71.8, 69.3, 69.9, 68.8, 69.3, 71.0, 70.5, 71.0, 72.0, 71.4]}"}}, {"type": "Feature", "geometry": {"type": "Point", "coordinates": [-71.611225, 48.753835]}, "properties": {"site": "90319468", "intervenant": "ARBEC, BOIS D'OEUVRE INC.", "nature": "NATU", "secteur": "autre", "volume_annuel_moyen_m3": 61942, "volumes_annuels": "{\"labels\": [\"2001\", \"2002\", \"2003\", \"2004\", \"2005\", \"2006\", \"2007\", \"2008\", \"2009\", \"2010\", \"2011\", \"2012\", \"2013\", \"2014\", \"2015\", \"2016\", \"2017\", \"2018\", \"2019\", \"2020\", \"2021\", \"2022\", \"2023\", \"2024\"], \"values\": [64661, 66713, 64923, 62217, 66271, 64356, 64103, 62542, 55366, 58180, 58464, 55706, 56927, 61753, 59282, 64575, 61322, 62079, 61487, 60118, 64016, 64200, 64190, 63151]}", "profil_mensuel": "{\"labels\": [\"Jan\", \"F\\u00e9v\", \"Mar\", \"Avr\", \"Mai\", \"Jun\", \"Jul\", \"Ao\\u00fb\", \"Sep\", \"Oct\", \"Nov\", \"D\\u00e9c\"], \"values\": [3438.1, 6933.9, 5627.3, 6793.6, 5137.4, 6065.8, 0.0, 2781.6, 5181.2, 6957.7, 8825.5, 4199.9]}"}}, {"type": "Feature", "geometry": {"type": "Point", "coordinates": [-73.6541022, 45.4217791]}, "properties": {"site": "90486168", "intervenant": "AB MAURI (CANADA) LIMITÉE", "nature": "NATU", "secteur": "autre", "volume_annuel_moyen_m3": 5263, "volumes_annuels": "{\"labels\": [\"2001\", \"2002\", \"2003\", \"2004\", \"2005\", \"2006\", \"2007\", \"2008\", \"2009\", \"2010\", \"2011\", \"2012\", \"2013\", \"2014\", \"2015\", \"2016\", \"2017\", \"2018\", \"2019\", \"2020\", \"2021\", \"2022\", \"2023\", \"2024\"], \"values\": [5462, 5622, 5487, 5282, 5591, 5446, 5426, 5309, 4768, 4985, 5010, 4740, 4838, 5199, 5091, 5374, 5252, 5275, 5246, 5160, 5440, 5450, 5422, 5445]}", "profil_mensuel": "{\"labels\": [\"Jan\", \"F\\u00e9v\", \"Mar\", \"Avr\", \"Mai\", \"Jun\", \"Jul\", \"Ao\\u00fb\", \"Sep\", \"Oct\", \"Nov\", \"D\\u00e9c\"], \"values\": [166.8, 163.8, 167.3, 182.7, 265.9, 339.5, 292.1, 299.5, 234.7, 230.4, 167.5, 121.6]}"}}, {"type": "Feature", "geometry": {"type": "Point", "coordinates": [-71.9495457251, 46.0789222661]}, "properties": {"site": "X1700118", "intervenant": "CASCADES CANADA ULC", "nature": "EGOU", "secteur": "population", "volume_annuel_moyen_m3": 1004, "volumes_annuels": "{\"labels\": [\"2001\", \"2002\", \"2003\", \"2004\", \"2005\", \"2006\", \"2007\", \"2008\", \"2009\", \"2010\", \"2011\", \"2012\", \"2013\", \"2014\", \"2015\", \"2016\", \"2017\", \"2018\", \"2019\", \"2020\", \"2021\", \"2022\", \"2023\", \"2024\"], \"values\": [896, 900, 909, 912, 916, 923, 937, 950, 962, 976, 993, 981, 1041, 1057, 1009, 1083, 1045, 1040, 1050, 1090, 1109, 1089, 1096, 1123]}", "profil_mensuel": "{\"labels\": [\"Jan\", \"F\\u00e9v\", \"Mar\", \"Avr\", \"Mai\", \"Jun\", \"Jul\", \"Ao\\u00fb\", \"Sep\", \"Oct\", \"Nov\", \"D\\u00e9c\"], \"values\": [88.1, 77.2, 82.0, 83.4, 79.7, 82.7, 86.9, 85.5, 80.4, 89.2, 82.3, 86.1]}"}}, {"type": "Feature", "geometry": {"type": "Point", "coordinates": [-73.7919275897, 45.4708174567]}, "properties": {"site": "X2116013", "intervenant": "Refresco Canada Inc.", "nature": "EGOU", "secteur": "population", "volume_annuel_moyen_m3": 137, "volumes_annuels": "{\"labels\": [\"2001\", \"2002\", \"2003\", \"2004\", \"2005\", \"2006\", \"2007\", \"2008\", \"2009\", \"2010\", \"2011\", \"2012\", \"2013\", \"2014\", \"2015\", \"2016\", \"2017\", \"2018\", \"2019\", \"2020\", \"2021\", \"2022\", \"2023\", \"2024\"], \"values\": [129, 130, 130, 131, 131, 132, 132, 133, 134, 134, 134, 131, 137, 137, 132, 142, 137, 137, 141, 147, 148, 148, 152, 159]}", "profil_mensuel": "{\"labels\": [\"Jan\", \"F\\u00e9v\", \"Mar\", \"Avr\", \"Mai\", \"Jun\", \"Jul\", \"Ao\\u00fb\", \"Sep\", \"Oct\", \"Nov\", \"D\\u00e9c\"], \"values\": [9.8, 12.5, 11.0, 11.1, 11.1, 11.1, 12.8, 12.9, 11.1, 11.9, 12.4, 9.8]}"}}, {"type": "Feature", "geometry": {"type": "Point", "coordinates": [-73.7169795526, 45.4911686536]}, "properties": {"site": "X2076099", "intervenant": "5N PLUS INC.", "nature": "EGOU", "secteur": "population", "volume_annuel_moyen_m3": 6004, "volumes_annuels": "{\"labels\": [\"2001\", \"2002\", \"2003\", \"2004\", \"2005\", \"2006\", \"2007\", \"2008\", \"2009\", \"2010\", \"2011\", \"2012\", \"2013\", \"2014\", \"2015\", \"2016\", \"2017\", \"2018\", \"2019\", \"2020\", \"2021\", \"2022\", \"2023\", \"2024\"], \"values\": [5720, 5765, 5778, 5786, 5790, 5799, 5794, 5804, 5855, 5892, 5922, 5694, 5950, 6023, 5943, 6043, 6154, 6070, 6227, 6445, 6335, 6231, 6323, 6748]}", "profil_mensuel": "{\"labels\": [\"Jan\", \"F\\u00e9v\", \"Mar\", \"Avr\", \"Mai\", \"Jun\", \"Jul\", \"Ao\\u00fb\", \"Sep\", \"Oct\", \"Nov\", \"D\\u00e9c\"], \"values\": [136.5, 199.8, 190.0, 147.1, 307.5, 1086.3, 1648.3, 1170.0, 704.4, 156.3, 135.7, 121.8]}"}}, {"type": "Feature", "geometry": {"type": "Point", "coordinates": [-73.7181461956, 45.4910848225]}, "properties": {"site": "X2009277", "intervenant": "5N PLUS INC.", "nature": "EGOU", "secteur": "population", "volume_annuel_moyen_m3": 1552, "volumes_annuels": "{\"labels\": [\"2001\", \"2002\", \"2003\", \"2004\", \"2005\", \"2006\", \"2007\", \"2008\", \"2009\", \"2010\", \"2011\", \"2012\", \"2013\", \"2014\", \"2015\", \"2016\", \"2017\", \"2018\", \"2019\", \"2020\", \"2021\", \"2022\", \"2023\", \"2024\"], \"values\": [1466, 1478, 1481, 1483, 1484, 1487, 1485, 1488, 1501, 1510, 1518, 1490, 1576, 1587, 1515, 1620, 1570, 1573, 1609, 1667, 1650, 1621, 1662, 1730]}", "profil_mensuel": "{\"labels\": [\"Jan\", \"F\\u00e9v\", \"Mar\", \"Avr\", \"Mai\", \"Jun\", \"Jul\", \"Ao\\u00fb\", \"Sep\", \"Oct\", \"Nov\", \"D\\u00e9c\"], \"values\": [99.9, 108.9, 188.2, 139.2, 136.9, 118.0, 109.2, 132.7, 131.7, 142.7, 137.6, 107.2]}"}}, {"type": "Feature", "geometry": {"type": "Point", "coordinates": [-73.1414876865, 46.0475396355]}, "properties": {"site": "54134762", "intervenant": "Rio Tinto Fer et Titane inc.", "nature": "NATU", "secteur": "mines", "volume_annuel_moyen_m3": 29619996, "volumes_annuels": "{\"labels\": [\"2001\", \"2002\", \"2003\", \"2004\", \"2005\", \"2006\", \"2007\", \"2008\", \"2009\", \"2010\", \"2011\", \"2012\", \"2013\", \"2014\", \"2015\", \"2016\", \"2017\", \"2018\", \"2019\", \"2020\", \"2021\", \"2022\", \"2023\", \"2024\"], \"values\": [25072552, 24164264, 25990978, 22525424, 20545977, 20379728, 21550231, 22304435, 21610378, 22397696, 24344705, 23412045, 27538143, 32113779, 33388647, 35441636, 36754752, 37961320, 37503735, 37319548, 39935436, 37622785, 39377226, 41624492]}", "profil_mensuel": "{\"labels\": [\"Jan\", \"F\\u00e9v\", \"Mar\", \"Avr\", \"Mai\", \"Jun\", \"Jul\", \"Ao\\u00fb\", \"Sep\", \"Oct\", \"Nov\", \"D\\u00e9c\"], \"values\": [1699042.6, 1531543.7, 1749397.6, 2019149.3, 2932758.3, 2943703.0, 3156647.2, 3185551.0, 3060557.0, 3152037.1, 2557164.9, 1632444.6]}"}}, {"type": "Feature", "geometry": {"type": "Point", "coordinates": [-74.376691, 49.931591]}, "properties": {"site": "24300311", "intervenant": "LES CHANTIERS DE CHIBOUGAMAU LTÉE", "nature": "NATU", "secteur": "autre", "volume_annuel_moyen_m3": 449380, "volumes_annuels": "{\"labels\": [\"2001\", \"2002\", \"2003\", \"2004\", \"2005\", \"2006\", \"2007\", \"2008\", \"2009\", \"2010\", \"2011\", \"2012\", \"2013\", \"2014\", \"2015\", \"2016\", \"2017\", \"2018\", \"2019\", \"2020\", \"2021\", \"2022\", \"2023\", \"2024\"], \"values\": [469955, 484876, 471859, 452197, 481663, 467739, 465905, 454561, 402404, 422853, 424918, 403878, 411984, 445662, 433018, 462864, 447365, 450832, 446274, 435080, 462276, 465435, 462531, 458984]}", "profil_mensuel": "{\"labels\": [\"Jan\", \"F\\u00e9v\", \"Mar\", \"Avr\", \"Mai\", \"Jun\", \"Jul\", \"Ao\\u00fb\", \"Sep\", \"Oct\", \"Nov\", \"D\\u00e9c\"], \"values\": [19780.6, 18569.5, 18838.4, 18283.7, 17856.6, 17711.0, 18353.3, 18896.4, 18964.5, 19337.7, 18272.3, 19825.9]}"}}, {"type": "Feature", "geometry": {"type": "Point", "coordinates": [-73.2699444444, 45.8254805556]}, "properties": {"site": "53751400", "intervenant": "AIR LIQUIDE CANADA INC.", "nature": "EGOU", "secteur": "population", "volume_annuel_moyen_m3": 15732, "volumes_annuels": "{\"labels\": [\"2001\", \"2002\", \"2003\", \"2004\", \"2005\", \"2006\", \"2007\", \"2008\", \"2009\", \"2010\", \"2011\", \"2012\", \"2013\", \"2014\", \"2015\", \"2016\", \"2017\", \"2018\", \"2019\", \"2020\", \"2021\", \"2022\", \"2023\", \"2024\"], \"values\": [11657, 11510, 11604, 11852, 12160, 12286, 12527, 12613, 12737, 13194, 13660, 14316, 15493, 16241, 16340, 17838, 17749, 18289, 18899, 20131, 21082, 21140, 21781, 22473]}", "profil_mensuel": "{\"labels\": [\"Jan\", \"F\\u00e9v\", \"Mar\", \"Avr\", \"Mai\", \"Jun\", \"Jul\", \"Ao\\u00fb\", \"Sep\", \"Oct\", \"Nov\", \"D\\u00e9c\"], \"values\": [978.1, 1021.2, 1673.8, 667.9, 1787.0, 1576.9, 2236.7, 845.8, 1580.8, 1120.6, 1239.9, 1003.3]}"}}, {"type": "Feature", "geometry": {"type": "Point", "coordinates": [-73.4549021, 45.5655058]}, "properties": {"site": "X2113622", "intervenant": "Amrize Canada Inc.", "nature": "EGOU", "secteur": "population", "volume_annuel_moyen_m3": 4121, "volumes_annuels": "{\"labels\": [\"2001\", \"2002\", \"2003\", \"2004\", \"2005\", \"2006\", \"2007\", \"2008\", \"2009\", \"2010\", \"2011\", \"2012\", \"2013\", \"2014\", \"2015\", \"2016\", \"2017\", \"2018\", \"2019\", \"2020\", \"2021\", \"2022\", \"2023\", \"2024\"], \"values\": [3929, 3941, 3949, 3954, 3950, 3942, 3933, 3931, 3941, 3957, 3989, 3942, 4191, 4213, 3991, 4322, 4161, 4154, 4242, 4429, 4470, 4377, 4445, 4560]}", "profil_mensuel": "{\"labels\": [\"Jan\", \"F\\u00e9v\", \"Mar\", \"Avr\", \"Mai\", \"Jun\", \"Jul\", \"Ao\\u00fb\", \"Sep\", \"Oct\", \"Nov\", \"D\\u00e9c\"], \"values\": [394.4, 446.6, 431.3, 347.8, 175.0, 67.6, 316.6, 316.5, 352.0, 370.2, 561.9, 341.4]}"}}, {"type": "Feature", "geometry": {"type": "Point", "coordinates": [-72.377309, 46.380371]}, "properties": {"site": "X2091162", "intervenant": "AIR LIQUIDE CANADA INC.", "nature": "NATU", "secteur": "autre", "volume_annuel_moyen_m3": 29483, "volumes_annuels": "{\"labels\": [\"2001\", \"2002\", \"2003\", \"2004\", \"2005\", \"2006\", \"2007\", \"2008\", \"2009\", \"2010\", \"2011\", \"2012\", \"2013\", \"2014\", \"2015\", \"2016\", \"2017\", \"2018\", \"2019\", \"2020\", \"2021\", \"2022\", \"2023\", \"2024\"], \"values\": [30856, 31836, 30981, 29690, 31625, 30711, 30590, 29846, 26421, 27764, 27899, 26424, 26827, 29254, 28170, 30411, 29129, 29470, 29275, 28711, 30554, 30557, 30451, 30136]}", "profil_mensuel": "{\"labels\": [\"Jan\", \"F\\u00e9v\", \"Mar\", \"Avr\", \"Mai\", \"Jun\", \"Jul\", \"Ao\\u00fb\", \"Sep\", \"Oct\", \"Nov\", \"D\\u00e9c\"], \"values\": [1881.8, 2431.2, 2245.0, 3235.0, 1712.5, 4836.4, 376.2, 3088.1, 1616.4, 2586.4, 2790.7, 2683.2]}"}}, {"type": "Feature", "geometry": {"type": "Point", "coordinates": [-71.2361388889, 46.6669444444]}, "properties": {"site": "21684030", "intervenant": "Les entreprises Rolland inc.", "nature": "NATU", "secteur": "autre", "volume_annuel_moyen_m3": 59216, "volumes_annuels": "{\"labels\": [\"2001\", \"2002\", \"2003\", \"2004\", \"2005\", \"2006\", \"2007\", \"2008\", \"2009\", \"2010\", \"2011\", \"2012\", \"2013\", \"2014\", \"2015\", \"2016\", \"2017\", \"2018\", \"2019\", \"2020\", \"2021\", \"2022\", \"2023\", \"2024\"], \"values\": [61963, 63930, 62214, 59621, 63506, 61670, 61429, 59933, 53056, 55752, 56024, 53108, 54146, 58595, 57124, 60839, 58948, 59372, 58804, 57382, 60980, 61354, 60928, 60516]}", "profil_mensuel": "{\"labels\": [\"Jan\", \"F\\u00e9v\", \"Mar\", \"Avr\", \"Mai\", \"Jun\", \"Jul\", \"Ao\\u00fb\", \"Sep\", \"Oct\", \"Nov\", \"D\\u00e9c\"], \"values\": [3866.8, 4700.2, 5147.8, 4686.9, 5644.1, 5355.1, 5303.5, 5121.6, 5011.8, 5310.9, 4715.9, 4351.6]}"}}, {"type": "Feature", "geometry": {"type": "Point", "coordinates": [-73.550122, 45.489461]}, "properties": {"site": "X2168342", "intervenant": "CIMENT QUÉBEC INC.", "nature": "EGOU", "secteur": "population", "volume_annuel_moyen_m3": 7370, "volumes_annuels": "{\"labels\": [\"2001\", \"2002\", \"2003\", \"2004\", \"2005\", \"2006\", \"2007\", \"2008\", \"2009\", \"2010\", \"2011\", \"2012\", \"2013\", \"2014\", \"2015\", \"2016\", \"2017\", \"2018\", \"2019\", \"2020\", \"2021\", \"2022\", \"2023\", \"2024\"], \"values\": [6977, 7032, 7048, 7058, 7062, 7073, 7067, 7080, 7142, 7186, 7223, 7037, 7407, 7485, 7221, 7593, 7450, 7466, 7662, 7952, 7849, 7711, 7857, 8231]}", "profil_mensuel": "{\"labels\": [\"Jan\", \"F\\u00e9v\", \"Mar\", \"Avr\", \"Mai\", \"Jun\", \"Jul\", \"Ao\\u00fb\", \"Sep\", \"Oct\", \"Nov\", \"D\\u00e9c\"], \"values\": [37.5, 494.2, 1047.9, 589.4, 797.1, 915.0, 855.0, 889.2, 457.1, 178.9, 359.5, 748.9]}"}}, {"type": "Feature", "geometry": {"type": "Point", "coordinates": [-73.6074525259, 45.4591425672]}, "properties": {"site": "90400854", "intervenant": "ArcelorMittal Produits longs Canada s.e.n.c.", "nature": "NATU", "secteur": "mines", "volume_annuel_moyen_m3": 224365, "volumes_annuels": "{\"labels\": [\"2001\", \"2002\", \"2003\", \"2004\", \"2005\", \"2006\", \"2007\", \"2008\", \"2009\", \"2010\", \"2011\", \"2012\", \"2013\", \"2014\", \"2015\", \"2016\", \"2017\", \"2018\", \"2019\", \"2020\", \"2021\", \"2022\", \"2023\", \"2024\"], \"values\": [189639, 182769, 196585, 170373, 155402, 154144, 162997, 168702, 163452, 169407, 184134, 177885, 209770, 244368, 252000, 269964, 277535, 287713, 284331, 282450, 302165, 285246, 298888, 314831]}", "profil_mensuel": "{\"labels\": [\"Jan\", \"F\\u00e9v\", \"Mar\", \"Avr\", \"Mai\", \"Jun\", \"Jul\", \"Ao\\u00fb\", \"Sep\", \"Oct\", \"Nov\", \"D\\u00e9c\"], \"values\": [18004.1, 14319.6, 19958.2, 21108.4, 20056.3, 15723.4, 18609.9, 19166.6, 19853.3, 21976.6, 20361.8, 15226.3]}"}}, {"type": "Feature", "geometry": {"type": "Point", "coordinates": [-73.72086, 45.57428]}, "properties": {"site": "90507377", "intervenant": "Placage Jay Ge ltée", "nature": "EGOU", "secteur": "population", "volume_annuel_moyen_m3": 33834, "volumes_annuels": "{\"labels\": [\"2001\", \"2002\", \"2003\", \"2004\", \"2005\", \"2006\", \"2007\", \"2008\", \"2009\", \"2010\", \"2011\", \"2012\", \"2013\", \"2014\", \"2015\", \"2016\", \"2017\", \"2018\", \"2019\", \"2020\", \"2021\", \"2022\", \"2023\", \"2024\"], \"values\": [29157, 29492, 29843, 30206, 30563, 30985, 31446, 32024, 32606, 33242, 33790, 33397, 35425, 35732, 34167, 36765, 35471, 35273, 35724, 37129, 37516, 36801, 37168, 38097]}", "profil_mensuel": "{\"labels\": [\"Jan\", \"F\\u00e9v\", \"Mar\", \"Avr\", \"Mai\", \"Jun\", \"Jul\", \"Ao\\u00fb\", \"Sep\", \"Oct\", \"Nov\", \"D\\u00e9c\"], \"values\": [2933.2, 2959.7, 3005.3, 2710.1, 2734.3, 2687.4, 2606.2, 2674.4, 2654.6, 2934.7, 2981.0, 2953.3]}"}}, {"type": "Feature", "geometry": {"type": "Point", "coordinates": [-71.6020488899, 45.6279167771]}, "properties": {"site": "X2115084", "intervenant": "GRAYMONT (QC) INC.", "nature": "NATU", "secteur": "chimie", "volume_annuel_moyen_m3": 482173, "volumes_annuels": "{\"labels\": [\"2001\", \"2002\", \"2003\", \"2004\", \"2005\", \"2006\", \"2007\", \"2008\", \"2009\", \"2010\", \"2011\", \"2012\", \"2013\", \"2014\", \"2015\", \"2016\", \"2017\", \"2018\", \"2019\", \"2020\", \"2021\", \"2022\", \"2023\", \"2024\"], \"values\": [562646, 569174, 576210, 559959, 552860, 547193, 470602, 438556, 438492, 451790, 432661, 438361, 413406, 421254, 392753, 414830, 426353, 446395, 444679, 459798, 501951, 532725, 530971, 548537]}", "profil_mensuel": "{\"labels\": [\"Jan\", \"F\\u00e9v\", \"Mar\", \"Avr\", \"Mai\", \"Jun\", \"Jul\", \"Ao\\u00fb\", \"Sep\", \"Oct\", \"Nov\", \"D\\u00e9c\"], \"values\": [0.0, 0.0, 0.0, 0.0, 118724.3, 42827.5, 97690.2, 88471.1, 32097.5, 66141.4, 18275.4, 17945.8]}"}}, {"type": "Feature", "geometry": {"type": "Point", "coordinates": [-74.0551388889, 45.17325]}, "properties": {"site": "X1602939", "intervenant": "3681611 CANADA INC.", "nature": "EGOU", "secteur": "population", "volume_annuel_moyen_m3": 16063, "volumes_annuels": "{\"labels\": [\"2001\", \"2002\", \"2003\", \"2004\", \"2005\", \"2006\", \"2007\", \"2008\", \"2009\", \"2010\", \"2011\", \"2012\", \"2013\", \"2014\", \"2015\", \"2016\", \"2017\", \"2018\", \"2019\", \"2020\", \"2021\", \"2022\", \"2023\", \"2024\"], \"values\": [15613, 15801, 15754, 15331, 15472, 15716, 15454, 15191, 14890, 14580, 14712, 14356, 14959, 15606, 15186, 16163, 15813, 15718, 16000, 16792, 18079, 19132, 19526, 19669]}", "profil_mensuel": "{\"labels\": [\"Jan\", \"F\\u00e9v\", \"Mar\", \"Avr\", \"Mai\", \"Jun\", \"Jul\", \"Ao\\u00fb\", \"Sep\", \"Oct\", \"Nov\", \"D\\u00e9c\"], \"values\": [1390.6, 1184.8, 1557.9, 1365.3, 1493.6, 1380.1, 1350.7, 1294.4, 1189.0, 1291.8, 1220.6, 1344.0]}"}}, {"type": "Feature", "geometry": {"type": "Point", "coordinates": [-72.712568, 45.287574]}, "properties": {"site": "51521557", "intervenant": "IBM CANADA LIMITÉE", "nature": "NATU", "secteur": "autre", "volume_annuel_moyen_m3": 77570, "volumes_annuels": "{\"labels\": [\"2001\", \"2002\", \"2003\", \"2004\", \"2005\", \"2006\", \"2007\", \"2008\", \"2009\", \"2010\", \"2011\", \"2012\", \"2013\", \"2014\", \"2015\", \"2016\", \"2017\", \"2018\", \"2019\", \"2020\", \"2021\", \"2022\", \"2023\", \"2024\"], \"values\": [69524, 71957, 71108, 69552, 73677, 72808, 73643, 73486, 68411, 71897, 72915, 71229, 74246, 79037, 76968, 82471, 80677, 81523, 82323, 84194, 89688, 90053, 89822, 90472]}", "profil_mensuel": "{\"labels\": [\"Jan\", \"F\\u00e9v\", \"Mar\", \"Avr\", \"Mai\", \"Jun\", \"Jul\", \"Ao\\u00fb\", \"Sep\", \"Oct\", \"Nov\", \"D\\u00e9c\"], \"values\": [2594.1, 3119.9, 2716.0, 2804.2, 2915.6, 2914.7, 3471.5, 3847.6, 3470.4, 3325.2, 3852.4, 3753.5]}"}}, {"type": "Feature", "geometry": {"type": "Point", "coordinates": [-72.527116, 46.381728]}, "properties": {"site": "55113039", "intervenant": "OLYMEL S.E.C.", "nature": "EGOU", "secteur": "population", "volume_annuel_moyen_m3": 42476, "volumes_annuels": "{\"labels\": [\"2001\", \"2002\", \"2003\", \"2004\", \"2005\", \"2006\", \"2007\", \"2008\", \"2009\", \"2010\", \"2011\", \"2012\", \"2013\", \"2014\", \"2015\", \"2016\", \"2017\", \"2018\", \"2019\", \"2020\", \"2021\", \"2022\", \"2023\", \"2024\"], \"values\": [39706, 39690, 39854, 40086, 40297, 40550, 40912, 41273, 41604, 41969, 42227, 41284, 43375, 43605, 41719, 44521, 43063, 42367, 42859, 44787, 45562, 45122, 45712, 47275]}", "profil_mensuel": "{\"labels\": [\"Jan\", \"F\\u00e9v\", \"Mar\", \"Avr\", \"Mai\", \"Jun\", \"Jul\", \"Ao\\u00fb\", \"Sep\", \"Oct\", \"Nov\", \"D\\u00e9c\"], \"values\": [3299.1, 3842.2, 2654.9, 2934.7, 3521.3, 3412.8, 3891.9, 4020.6, 4023.2, 4270.5, 3878.8, 2725.9]}"}}, {"type": "Feature", "geometry": {"type": "Point", "coordinates": [-73.5485805556, 45.4886805556]}, "properties": {"site": "X2116022", "intervenant": "SAZERAC DU CANADA INC.", "nature": "EGOU", "secteur": "population", "volume_annuel_moyen_m3": 74956, "volumes_annuels": "{\"labels\": [\"2001\", \"2002\", \"2003\", \"2004\", \"2005\", \"2006\", \"2007\", \"2008\", \"2009\", \"2010\", \"2011\", \"2012\", \"2013\", \"2014\", \"2015\", \"2016\", \"2017\", \"2018\", \"2019\", \"2020\", \"2021\", \"2022\", \"2023\", \"2024\"], \"values\": [70856, 71407, 71578, 71673, 71720, 71829, 71770, 71895, 72530, 72981, 73356, 71809, 76086, 76582, 73190, 78152, 75900, 76009, 77585, 80420, 79676, 78188, 80168, 83588]}", "profil_mensuel": "{\"labels\": [\"Jan\", \"F\\u00e9v\", \"Mar\", \"Avr\", \"Mai\", \"Jun\", \"Jul\", \"Ao\\u00fb\", \"Sep\", \"Oct\", \"Nov\", \"D\\u00e9c\"], \"values\": [7036.4, 1797.6, 6866.3, 7262.6, 7415.0, 5199.9, 5652.0, 6529.5, 6538.8, 7547.0, 7610.6, 5500.5]}"}}, {"type": "Feature", "geometry": {"type": "Point", "coordinates": [-73.053032, 45.431144]}, "properties": {"site": "11506607", "intervenant": "A. LASSONDE INC.", "nature": "EGOU", "secteur": "population", "volume_annuel_moyen_m3": 316444, "volumes_annuels": "{\"labels\": [\"2001\", \"2002\", \"2003\", \"2004\", \"2005\", \"2006\", \"2007\", \"2008\", \"2009\", \"2010\", \"2011\", \"2012\", \"2013\", \"2014\", \"2015\", \"2016\", \"2017\", \"2018\", \"2019\", \"2020\", \"2021\", \"2022\", \"2023\", \"2024\"], \"values\": [308263, 309436, 308263, 309436, 310139, 308849, 309787, 313188, 317409, 315767, 321161, 311922, 326886, 328322, 311232, 337460, 319664, 316132, 313047, 323455, 326741, 311435, 315982, 320692]}", "profil_mensuel": "{\"labels\": [\"Jan\", \"F\\u00e9v\", \"Mar\", \"Avr\", \"Mai\", \"Jun\", \"Jul\", \"Ao\\u00fb\", \"Sep\", \"Oct\", \"Nov\", \"D\\u00e9c\"], \"values\": [25190.5, 25049.1, 25691.8, 23671.4, 27325.4, 23886.2, 23384.8, 28636.2, 27072.8, 31658.5, 30113.4, 24764.3]}"}}, {"type": "Feature", "geometry": {"type": "Point", "coordinates": [-67.533333, 48.849998]}, "properties": {"site": "16260903", "intervenant": "Les cuisines gaspésiennes ltée", "nature": "EGOU", "secteur": "population", "volume_annuel_moyen_m3": 39832, "volumes_annuels": "{\"labels\": [\"2001\", \"2002\", \"2003\", \"2004\", \"2005\", \"2006\", \"2007\", \"2008\", \"2009\", \"2010\", \"2011\", \"2012\", \"2013\", \"2014\", \"2015\", \"2016\", \"2017\", \"2018\", \"2019\", \"2020\", \"2021\", \"2022\", \"2023\", \"2024\"], \"values\": [41785, 41293, 40869, 40729, 40471, 40614, 40374, 40325, 40119, 39992, 39866, 38836, 40701, 40451, 38264, 40685, 38851, 37990, 37893, 39422, 39430, 39046, 38970, 38989]}", "profil_mensuel": "{\"labels\": [\"Jan\", \"F\\u00e9v\", \"Mar\", \"Avr\", \"Mai\", \"Jun\", \"Jul\", \"Ao\\u00fb\", \"Sep\", \"Oct\", \"Nov\", \"D\\u00e9c\"], \"values\": [2945.5, 3519.7, 3527.2, 3406.5, 3121.8, 3071.3, 3567.5, 3645.0, 3286.1, 3672.4, 3557.7, 2511.2]}"}}, {"type": "Feature", "geometry": {"type": "Point", "coordinates": [-75.734541, 45.457884]}, "properties": {"site": "X2132409", "intervenant": "LA SOYARIE INC.", "nature": "EGOU", "secteur": "population", "volume_annuel_moyen_m3": 11047, "volumes_annuels": "{\"labels\": [\"2001\", \"2002\", \"2003\", \"2004\", \"2005\", \"2006\", \"2007\", \"2008\", \"2009\", \"2010\", \"2011\", \"2012\", \"2013\", \"2014\", \"2015\", \"2016\", \"2017\", \"2018\", \"2019\", \"2020\", \"2021\", \"2022\", \"2023\", \"2024\"], \"values\": [9538, 9634, 9789, 9929, 10023, 10096, 10256, 10442, 10654, 10875, 11081, 10885, 11485, 11563, 11070, 11887, 11513, 11445, 11662, 12169, 12356, 12084, 12178, 12503]}", "profil_mensuel": "{\"labels\": [\"Jan\", \"F\\u00e9v\", \"Mar\", \"Avr\", \"Mai\", \"Jun\", \"Jul\", \"Ao\\u00fb\", \"Sep\", \"Oct\", \"Nov\", \"D\\u00e9c\"], \"values\": [868.1, 875.9, 889.4, 914.1, 922.2, 906.5, 928.5, 952.8, 945.7, 940.8, 955.6, 946.8]}"}}, {"type": "Feature", "geometry": {"type": "Point", "coordinates": [-71.977866, 46.206077]}, "properties": {"site": "X2188277", "intervenant": "GAUDREAU ENVIRONNEMENT INC.", "nature": "NATU", "secteur": "autre", "volume_annuel_moyen_m3": 219345, "volumes_annuels": "{\"labels\": [\"2001\", \"2002\", \"2003\", \"2004\", \"2005\", \"2006\", \"2007\", \"2008\", \"2009\", \"2010\", \"2011\", \"2012\", \"2013\", \"2014\", \"2015\", \"2016\", \"2017\", \"2018\", \"2019\", \"2020\", \"2021\", \"2022\", \"2023\", \"2024\"], \"values\": [229843, 237140, 230774, 221158, 235569, 228759, 227862, 222314, 196805, 206806, 207816, 194557, 198606, 215876, 213010, 224265, 219830, 219441, 217522, 212894, 226676, 226711, 225560, 224477]}", "profil_mensuel": "{\"labels\": [\"Jan\", \"F\\u00e9v\", \"Mar\", \"Avr\", \"Mai\", \"Jun\", \"Jul\", \"Ao\\u00fb\", \"Sep\", \"Oct\", \"Nov\", \"D\\u00e9c\"], \"values\": [0.0, 0.0, 0.0, 23516.6, 24840.4, 22220.7, 25738.9, 25221.5, 23913.7, 26378.2, 24440.1, 23074.5]}"}}, {"type": "Feature", "geometry": {"type": "Point", "coordinates": [-78.977527, 48.247444]}, "properties": {"site": "53341673", "intervenant": "GLENCORE CANADA CORPORATION", "nature": "NATU", "secteur": "autre", "volume_annuel_moyen_m3": 26129, "volumes_annuels": "{\"labels\": [\"2001\", \"2002\", \"2003\", \"2004\", \"2005\", \"2006\", \"2007\", \"2008\", \"2009\", \"2010\", \"2011\", \"2012\", \"2013\", \"2014\", \"2015\", \"2016\", \"2017\", \"2018\", \"2019\", \"2020\", \"2021\", \"2022\", \"2023\", \"2024\"], \"values\": [27334, 28201, 27444, 26301, 28014, 27205, 27098, 26438, 23405, 24594, 24714, 23406, 23944, 25945, 25146, 26941, 25985, 26183, 25967, 25298, 26864, 27045, 26931, 26695]}", "profil_mensuel": "{\"labels\": [\"Jan\", \"F\\u00e9v\", \"Mar\", \"Avr\", \"Mai\", \"Jun\", \"Jul\", \"Ao\\u00fb\", \"Sep\", \"Oct\", \"Nov\", \"D\\u00e9c\"], \"values\": [917.3, 839.3, 1100.7, 1682.7, 995.9, 899.7, 1145.0, 852.9, 1025.3, 1151.9, 1343.2, 1110.7]}"}}, {"type": "Feature", "geometry": {"type": "Point", "coordinates": [-74.3454484292, 45.6500421583]}, "properties": {"site": "90281247", "intervenant": "CASCADES CANADA ULC", "nature": "NATU", "secteur": "papier", "volume_annuel_moyen_m3": 638262, "volumes_annuels": "{\"labels\": [\"2001\", \"2002\", \"2003\", \"2004\", \"2005\", \"2006\", \"2007\", \"2008\", \"2009\", \"2010\", \"2011\", \"2012\", \"2013\", \"2014\", \"2015\", \"2016\", \"2017\", \"2018\", \"2019\", \"2020\", \"2021\", \"2022\", \"2023\", \"2024\"], \"values\": [909839, 945274, 893350, 785592, 908227, 843356, 837437, 772037, 590687, 656167, 633574, 559456, 522440, 598764, 570901, 590687, 533700, 514093, 452485, 410878, 426940, 454923, 483731, 423739]}", "profil_mensuel": "{\"labels\": [\"Jan\", \"F\\u00e9v\", \"Mar\", \"Avr\", \"Mai\", \"Jun\", \"Jul\", \"Ao\\u00fb\", \"Sep\", \"Oct\", \"Nov\", \"D\\u00e9c\"], \"values\": [58913.0, 57756.5, 54978.3, 52659.8, 53465.4, 48062.1, 46989.2, 51689.2, 49672.1, 48133.1, 54899.6, 61043.3]}"}}, {"type": "Feature", "geometry": {"type": "Point", "coordinates": [-71.211601, 46.829899]}, "properties": {"site": "55033559", "intervenant": "SOCIÉTÉ EN COMMANDITE STADACONA WB", "nature": "NATU", "secteur": "papier", "volume_annuel_moyen_m3": 33802013, "volumes_annuels": "{\"labels\": [\"2001\", \"2002\", \"2003\", \"2004\", \"2005\", \"2006\", \"2007\", \"2008\", \"2009\", \"2010\", \"2011\", \"2012\", \"2013\", \"2014\", \"2015\", \"2016\", \"2017\", \"2018\", \"2019\", \"2020\", \"2021\", \"2022\", \"2023\", \"2024\"], \"values\": [48208334, 50085872, 47334670, 41625052, 48122928, 44685676, 44372053, 40906799, 31297895, 34767349, 33570261, 29582629, 27627089, 31668985, 30239676, 31215139, 28273628, 27206577, 23950421, 21759771, 22602512, 24083937, 25609015, 22452046]}", "profil_mensuel": "{\"labels\": [\"Jan\", \"F\\u00e9v\", \"Mar\", \"Avr\", \"Mai\", \"Jun\", \"Jul\", \"Ao\\u00fb\", \"Sep\", \"Oct\", \"Nov\", \"D\\u00e9c\"], \"values\": [2856195.4, 2808923.5, 3076118.3, 2729660.4, 2897314.6, 2788815.4, 3013334.5, 2581214.8, 2699200.0, 3028922.8, 2923169.3, 2399144.1]}"}}, {"type": "Feature", "geometry": {"type": "Point", "coordinates": [-73.4093837077, 45.1853418164]}, "properties": {"site": "54810924", "intervenant": "RAFFINERIES DE NAPIERVILLE INC.", "nature": "NATU", "secteur": "autre", "volume_annuel_moyen_m3": 330894, "volumes_annuels": "{\"labels\": [\"2001\", \"2002\", \"2003\", \"2004\", \"2005\", \"2006\", \"2007\", \"2008\", \"2009\", \"2010\", \"2011\", \"2012\", \"2013\", \"2014\", \"2015\", \"2016\", \"2017\", \"2018\", \"2019\", \"2020\", \"2021\", \"2022\", \"2023\", \"2024\"], \"values\": [346105, 357093, 347507, 333027, 354727, 344472, 343122, 334768, 296356, 311416, 312936, 297446, 303470, 328079, 318678, 340703, 329011, 331986, 328647, 320282, 340319, 342784, 340502, 338025]}", "profil_mensuel": "{\"labels\": [\"Jan\", \"F\\u00e9v\", \"Mar\", \"Avr\", \"Mai\", \"Jun\", \"Jul\", \"Ao\\u00fb\", \"Sep\", \"Oct\", \"Nov\", \"D\\u00e9c\"], \"values\": [30595.6, 28057.9, 30087.5, 27958.0, 29063.3, 25888.8, 26546.2, 26708.9, 26386.8, 26994.4, 26435.4, 26171.3]}"}}, {"type": "Feature", "geometry": {"type": "Point", "coordinates": [-73.9319981127, 45.6924399216]}, "properties": {"site": "90377466", "intervenant": "SAFRAN SYSTÈMES D'ATTERRISSAGE CANADA INC.", "nature": "EGOU", "secteur": "population", "volume_annuel_moyen_m3": 14479, "volumes_annuels": "{\"labels\": [\"2001\", \"2002\", \"2003\", \"2004\", \"2005\", \"2006\", \"2007\", \"2008\", \"2009\", \"2010\", \"2011\", \"2012\", \"2013\", \"2014\", \"2015\", \"2016\", \"2017\", \"2018\", \"2019\", \"2020\", \"2021\", \"2022\", \"2023\", \"2024\"], \"values\": [8740, 9167, 9618, 10073, 10521, 11011, 11458, 11964, 12365, 12833, 13310, 13464, 14702, 15257, 15115, 16574, 16543, 16893, 17677, 18911, 19856, 19981, 20433, 21025]}", "profil_mensuel": "{\"labels\": [\"Jan\", \"F\\u00e9v\", \"Mar\", \"Avr\", \"Mai\", \"Jun\", \"Jul\", \"Ao\\u00fb\", \"Sep\", \"Oct\", \"Nov\", \"D\\u00e9c\"], \"values\": [1129.0, 1261.6, 1402.4, 1147.5, 1086.6, 874.1, 1520.3, 1167.9, 1261.4, 1284.9, 1253.7, 1089.4]}"}}, {"type": "Feature", "geometry": {"type": "Point", "coordinates": [-73.524117, 45.670888]}, "properties": {"site": "90514621", "intervenant": "SAPUTO PRODUITS LAITIERS CANADA S.E.N.C.", "nature": "EGOU", "secteur": "population", "volume_annuel_moyen_m3": 1330, "volumes_annuels": "{\"labels\": [\"2001\", \"2002\", \"2003\", \"2004\", \"2005\", \"2006\", \"2007\", \"2008\", \"2009\", \"2010\", \"2011\", \"2012\", \"2013\", \"2014\", \"2015\", \"2016\", \"2017\", \"2018\", \"2019\", \"2020\", \"2021\", \"2022\", \"2023\", \"2024\"], \"values\": [1257, 1267, 1270, 1272, 1273, 1275, 1274, 1276, 1287, 1295, 1302, 1277, 1349, 1358, 1298, 1384, 1346, 1348, 1378, 1426, 1410, 1385, 1421, 1483]}", "profil_mensuel": "{\"labels\": [\"Jan\", \"F\\u00e9v\", \"Mar\", \"Avr\", \"Mai\", \"Jun\", \"Jul\", \"Ao\\u00fb\", \"Sep\", \"Oct\", \"Nov\", \"D\\u00e9c\"], \"values\": [104.9, 105.9, 110.8, 102.8, 113.6, 110.2, 118.2, 118.9, 111.8, 118.3, 109.7, 104.7]}"}}, {"type": "Feature", "geometry": {"type": "Point", "coordinates": [-74.028963, 45.491198]}, "properties": {"site": "52450640", "intervenant": "AGROPUR COOPÉRATIVE", "nature": "NATU", "secteur": "agroalimentaire", "volume_annuel_moyen_m3": 127432, "volumes_annuels": "{\"labels\": [\"2001\", \"2002\", \"2003\", \"2004\", \"2005\", \"2006\", \"2007\", \"2008\", \"2009\", \"2010\", \"2011\", \"2012\", \"2013\", \"2014\", \"2015\", \"2016\", \"2017\", \"2018\", \"2019\", \"2020\", \"2021\", \"2022\", \"2023\", \"2024\"], \"values\": [103821, 103389, 100262, 103953, 106383, 106383, 110719, 117333, 119478, 120465, 119882, 112734, 121434, 131783, 132951, 143295, 142721, 139749, 142425, 143862, 155973, 159084, 159923, 160375]}", "profil_mensuel": "{\"labels\": [\"Jan\", \"F\\u00e9v\", \"Mar\", \"Avr\", \"Mai\", \"Jun\", \"Jul\", \"Ao\\u00fb\", \"Sep\", \"Oct\", \"Nov\", \"D\\u00e9c\"], \"values\": [9638.1, 6838.5, 11993.3, 10771.7, 11631.6, 9365.0, 10278.0, 11731.6, 10744.8, 12042.5, 11787.1, 10610.2]}"}}, {"type": "Feature", "geometry": {"type": "Point", "coordinates": [-71.1303111111, 48.4094055556]}, "properties": {"site": "X0000419", "intervenant": "RIO TINTO ALCAN INC.", "nature": "EGOU", "secteur": "population", "volume_annuel_moyen_m3": 11, "volumes_annuels": "{\"labels\": [\"2001\", \"2002\", \"2003\", \"2004\", \"2005\", \"2006\", \"2007\", \"2008\", \"2009\", \"2010\", \"2011\", \"2012\", \"2013\", \"2014\", \"2015\", \"2016\", \"2017\", \"2018\", \"2019\", \"2020\", \"2021\", \"2022\", \"2023\", \"2024\"], \"values\": [11, 11, 11, 11, 11, 11, 11, 11, 11, 11, 11, 11, 11, 11, 11, 11, 11, 11, 11, 11, 11, 11, 11, 11]}", "profil_mensuel": "{\"labels\": [\"Jan\", \"F\\u00e9v\", \"Mar\", \"Avr\", \"Mai\", \"Jun\", \"Jul\", \"Ao\\u00fb\", \"Sep\", \"Oct\", \"Nov\", \"D\\u00e9c\"], \"values\": [0.5, 0.8, 0.4, 0.8, 1.0, 1.1, 1.0, 1.4, 1.1, 0.8, 1.3, 0.8]}"}}, {"type": "Feature", "geometry": {"type": "Point", "coordinates": [-72.24295, 46.10307]}, "properties": {"site": "X2162770", "intervenant": "Emblème Canneberge inc.", "nature": "EGOU", "secteur": "population", "volume_annuel_moyen_m3": 12576, "volumes_annuels": "{\"labels\": [\"2001\", \"2002\", \"2003\", \"2004\", \"2005\", \"2006\", \"2007\", \"2008\", \"2009\", \"2010\", \"2011\", \"2012\", \"2013\", \"2014\", \"2015\", \"2016\", \"2017\", \"2018\", \"2019\", \"2020\", \"2021\", \"2022\", \"2023\", \"2024\"], \"values\": [12190, 12149, 12204, 12625, 12285, 12177, 12109, 12231, 12109, 11878, 11905, 11856, 12584, 12348, 12011, 12580, 12690, 12447, 12482, 13344, 14083, 13711, 13764, 14052]}", "profil_mensuel": "{\"labels\": [\"Jan\", \"F\\u00e9v\", \"Mar\", \"Avr\", \"Mai\", \"Jun\", \"Jul\", \"Ao\\u00fb\", \"Sep\", \"Oct\", \"Nov\", \"D\\u00e9c\"], \"values\": [369.5, 215.9, 306.5, 355.3, 483.1, 486.6, 1002.7, 3936.3, 2239.8, 1611.5, 1279.7, 288.6]}"}}, {"type": "Feature", "geometry": {"type": "Point", "coordinates": [-73.08849, 45.48885]}, "properties": {"site": "X2141859", "intervenant": "VERGERS PAUL JODOIN INC.", "nature": "NATU", "secteur": "autre", "volume_annuel_moyen_m3": 684, "volumes_annuels": "{\"labels\": [\"2001\", \"2002\", \"2003\", \"2004\", \"2005\", \"2006\", \"2007\", \"2008\", \"2009\", \"2010\", \"2011\", \"2012\", \"2013\", \"2014\", \"2015\", \"2016\", \"2017\", \"2018\", \"2019\", \"2020\", \"2021\", \"2022\", \"2023\", \"2024\"], \"values\": [716, 738, 719, 689, 734, 712, 710, 692, 613, 644, 647, 616, 628, 678, 659, 704, 679, 688, 681, 664, 704, 710, 704, 699]}", "profil_mensuel": "{\"labels\": [\"Jan\", \"F\\u00e9v\", \"Mar\", \"Avr\", \"Mai\", \"Jun\", \"Jul\", \"Ao\\u00fb\", \"Sep\", \"Oct\", \"Nov\", \"D\\u00e9c\"], \"values\": [56.5, 65.8, 67.8, 44.3, 71.8, 65.0, 55.8, 55.2, 41.1, 40.4, 69.0, 51.6]}"}}, {"type": "Feature", "geometry": {"type": "Point", "coordinates": [-73.92988, 45.69671]}, "properties": {"site": "29316239", "intervenant": "Sonaca Montréal inc.", "nature": "EGOU", "secteur": "population", "volume_annuel_moyen_m3": 25336, "volumes_annuels": "{\"labels\": [\"2001\", \"2002\", \"2003\", \"2004\", \"2005\", \"2006\", \"2007\", \"2008\", \"2009\", \"2010\", \"2011\", \"2012\", \"2013\", \"2014\", \"2015\", \"2016\", \"2017\", \"2018\", \"2019\", \"2020\", \"2021\", \"2022\", \"2023\", \"2024\"], \"values\": [15288, 16036, 16823, 17620, 18404, 19261, 20043, 20928, 21629, 22448, 23282, 23583, 25739, 26710, 26376, 29070, 28863, 29543, 30899, 33112, 34833, 34987, 35808, 36777]}", "profil_mensuel": "{\"labels\": [\"Jan\", \"F\\u00e9v\", \"Mar\", \"Avr\", \"Mai\", \"Jun\", \"Jul\", \"Ao\\u00fb\", \"Sep\", \"Oct\", \"Nov\", \"D\\u00e9c\"], \"values\": [2307.9, 2174.3, 2524.1, 1984.5, 2145.3, 1762.8, 1786.5, 2033.1, 1986.4, 2637.3, 1997.4, 1996.2]}"}}, {"type": "Feature", "geometry": {"type": "Point", "coordinates": [-71.606498, 45.620704]}, "properties": {"site": "53221180", "intervenant": "GRAYMONT (QC) INC.", "nature": "NATU", "secteur": "chimie", "volume_annuel_moyen_m3": 184891, "volumes_annuels": "{\"labels\": [\"2001\", \"2002\", \"2003\", \"2004\", \"2005\", \"2006\", \"2007\", \"2008\", \"2009\", \"2010\", \"2011\", \"2012\", \"2013\", \"2014\", \"2015\", \"2016\", \"2017\", \"2018\", \"2019\", \"2020\", \"2021\", \"2022\", \"2023\", \"2024\"], \"values\": [215452, 217952, 220646, 214423, 211704, 209534, 180206, 167934, 167910, 173002, 165677, 168199, 158689, 164421, 148639, 162263, 163768, 170096, 170369, 175992, 191881, 203438, 205143, 210049]}", "profil_mensuel": "{\"labels\": [\"Jan\", \"F\\u00e9v\", \"Mar\", \"Avr\", \"Mai\", \"Jun\", \"Jul\", \"Ao\\u00fb\", \"Sep\", \"Oct\", \"Nov\", \"D\\u00e9c\"], \"values\": [4955.3, 764.9, 1470.0, 10557.3, 159.8, 12820.5, 11524.0, 14707.1, 11536.5, 9249.4, 8611.5, 6089.3]}"}}, {"type": "Feature", "geometry": {"type": "Point", "coordinates": [-71.31845, 46.79032]}, "properties": {"site": "90411851", "intervenant": "ID BIOMEDICAL CORPORATION OF QUEBEC", "nature": "EGOU", "secteur": "population", "volume_annuel_moyen_m3": 135, "volumes_annuels": "{\"labels\": [\"2001\", \"2002\", \"2003\", \"2004\", \"2005\", \"2006\", \"2007\", \"2008\", \"2009\", \"2010\", \"2011\", \"2012\", \"2013\", \"2014\", \"2015\", \"2016\", \"2017\", \"2018\", \"2019\", \"2020\", \"2021\", \"2022\", \"2023\", \"2024\"], \"values\": [125, 126, 126, 127, 127, 128, 129, 130, 132, 133, 135, 132, 139, 139, 134, 142, 138, 136, 138, 144, 145, 144, 146, 151]}", "profil_mensuel": "{\"labels\": [\"Jan\", \"F\\u00e9v\", \"Mar\", \"Avr\", \"Mai\", \"Jun\", \"Jul\", \"Ao\\u00fb\", \"Sep\", \"Oct\", \"Nov\", \"D\\u00e9c\"], \"values\": [10.4, 11.6, 13.5, 12.7, 14.8, 11.5, 12.0, 11.4, 10.4, 10.0, 8.6, 8.3]}"}}, {"type": "Feature", "geometry": {"type": "Point", "coordinates": [-73.521158, 45.635209]}, "properties": {"site": "12679825", "intervenant": "PRODUITS SUNCOR ÉNERGIE, S.E.N.C.", "nature": "EGOU", "secteur": "population", "volume_annuel_moyen_m3": 13060, "volumes_annuels": "{\"labels\": [\"2001\", \"2002\", \"2003\", \"2004\", \"2005\", \"2006\", \"2007\", \"2008\", \"2009\", \"2010\", \"2011\", \"2012\", \"2013\", \"2014\", \"2015\", \"2016\", \"2017\", \"2018\", \"2019\", \"2020\", \"2021\", \"2022\", \"2023\", \"2024\"], \"values\": [11889, 11827, 11436, 12437, 12653, 12680, 12443, 12361, 12447, 12414, 12398, 12266, 12697, 13025, 12284, 13264, 13038, 12847, 13397, 14202, 14898, 14956, 15405, 16167]}", "profil_mensuel": "{\"labels\": [\"Jan\", \"F\\u00e9v\", \"Mar\", \"Avr\", \"Mai\", \"Jun\", \"Jul\", \"Ao\\u00fb\", \"Sep\", \"Oct\", \"Nov\", \"D\\u00e9c\"], \"values\": [1156.3, 1197.4, 1086.8, 751.9, 548.8, 1134.8, 1142.4, 1266.5, 1195.3, 1232.3, 1248.3, 1098.9]}"}}, {"type": "Feature", "geometry": {"type": "Point", "coordinates": [-73.61811, 45.60064]}, "properties": {"site": "X2159489", "intervenant": "Chrome & Zinc C.J.G.M. inc.", "nature": "EGOU", "secteur": "population", "volume_annuel_moyen_m3": 15068, "volumes_annuels": "{\"labels\": [\"2001\", \"2002\", \"2003\", \"2004\", \"2005\", \"2006\", \"2007\", \"2008\", \"2009\", \"2010\", \"2011\", \"2012\", \"2013\", \"2014\", \"2015\", \"2016\", \"2017\", \"2018\", \"2019\", \"2020\", \"2021\", \"2022\", \"2023\", \"2024\"], \"values\": [14266, 14377, 14412, 14431, 14440, 14462, 14451, 14476, 14604, 14694, 14770, 14436, 15257, 15316, 14727, 15623, 15211, 15277, 15607, 16157, 16009, 15712, 16080, 16830]}", "profil_mensuel": "{\"labels\": [\"Jan\", \"F\\u00e9v\", \"Mar\", \"Avr\", \"Mai\", \"Jun\", \"Jul\", \"Ao\\u00fb\", \"Sep\", \"Oct\", \"Nov\", \"D\\u00e9c\"], \"values\": [1044.1, 1031.6, 1190.4, 1242.3, 2242.1, 1241.0, 1315.5, 1453.4, 1110.4, 1371.2, 1197.8, 628.0]}"}}, {"type": "Feature", "geometry": {"type": "Point", "coordinates": [-72.523568, 48.739858]}, "properties": {"site": "X0202045", "intervenant": "FIBREK S.E.N.C.", "nature": "NATU", "secteur": "papier", "volume_annuel_moyen_m3": 35285927, "volumes_annuels": "{\"labels\": [\"2001\", \"2002\", \"2003\", \"2004\", \"2005\", \"2006\", \"2007\", \"2008\", \"2009\", \"2010\", \"2011\", \"2012\", \"2013\", \"2014\", \"2015\", \"2016\", \"2017\", \"2018\", \"2019\", \"2020\", \"2021\", \"2022\", \"2023\", \"2024\"], \"values\": [50366720, 52328319, 49453940, 43488690, 50277490, 46686345, 46358681, 42738280, 32699165, 36323954, 35073270, 30830083, 28723628, 32932939, 31670059, 32415311, 29586713, 28389648, 24984929, 22702639, 23589914, 25132065, 26652193, 23457270]}", "profil_mensuel": "{\"labels\": [\"Jan\", \"F\\u00e9v\", \"Mar\", \"Avr\", \"Mai\", \"Jun\", \"Jul\", \"Ao\\u00fb\", \"Sep\", \"Oct\", \"Nov\", \"D\\u00e9c\"], \"values\": [1466969.6, 1339730.4, 1433298.8, 1053367.4, 1572660.7, 1752516.7, 1894841.2, 1803994.2, 1651508.0, 1305030.9, 1211100.0, 1157945.4]}"}}, {"type": "Feature", "geometry": {"type": "Point", "coordinates": [-73.415231, 45.698483]}, "properties": {"site": "53429296", "intervenant": "AIR LIQUIDE CANADA INC.", "nature": "NATU", "secteur": "autre", "volume_annuel_moyen_m3": 51168, "volumes_annuels": "{\"labels\": [\"2001\", \"2002\", \"2003\", \"2004\", \"2005\", \"2006\", \"2007\", \"2008\", \"2009\", \"2010\", \"2011\", \"2012\", \"2013\", \"2014\", \"2015\", \"2016\", \"2017\", \"2018\", \"2019\", \"2020\", \"2021\", \"2022\", \"2023\", \"2024\"], \"values\": [53489, 55187, 53705, 51468, 54821, 53236, 53028, 51737, 45800, 48128, 48363, 45782, 46685, 50643, 49480, 52627, 51058, 51277, 50880, 49718, 52817, 53098, 52753, 52240]}", "profil_mensuel": "{\"labels\": [\"Jan\", \"F\\u00e9v\", \"Mar\", \"Avr\", \"Mai\", \"Jun\", \"Jul\", \"Ao\\u00fb\", \"Sep\", \"Oct\", \"Nov\", \"D\\u00e9c\"], \"values\": [97.0, 2213.5, 2400.5, 2243.3, 2337.6, 2225.7, 2316.9, 2373.5, 2281.2, 2374.4, 2331.4, 2388.6]}"}}, {"type": "Feature", "geometry": {"type": "Point", "coordinates": [-72.388489, 45.048911]}, "properties": {"site": "21642269", "intervenant": "NEXKEMIA PÉTROCHIMIE INC.", "nature": "NATU", "secteur": "autre", "volume_annuel_moyen_m3": 1177921, "volumes_annuels": "{\"labels\": [\"2001\", \"2002\", \"2003\", \"2004\", \"2005\", \"2006\", \"2007\", \"2008\", \"2009\", \"2010\", \"2011\", \"2012\", \"2013\", \"2014\", \"2015\", \"2016\", \"2017\", \"2018\", \"2019\", \"2020\", \"2021\", \"2022\", \"2023\", \"2024\"], \"values\": [1234038, 1273099, 1239271, 1187763, 1264633, 1228277, 1223435, 1193768, 1057598, 1111133, 1116661, 1052655, 1071059, 1159079, 1143667, 1201683, 1180886, 1179983, 1167310, 1139413, 1212116, 1218312, 1207529, 1206747]}", "profil_mensuel": "{\"labels\": [\"Jan\", \"F\\u00e9v\", \"Mar\", \"Avr\", \"Mai\", \"Jun\", \"Jul\", \"Ao\\u00fb\", \"Sep\", \"Oct\", \"Nov\", \"D\\u00e9c\"], \"values\": [39110.2, 29026.3, 23979.8, 32843.4, 54165.5, 61235.9, 75548.6, 74407.7, 71840.8, 52966.1, 40535.1, 33301.4]}"}}, {"type": "Feature", "geometry": {"type": "Point", "coordinates": [-79.0987075383, 46.7093235375]}, "properties": {"site": "X0000005", "intervenant": "Rayonier A.M. Canada, Société en nom collectif ", "nature": "NATU", "secteur": "papier", "volume_annuel_moyen_m3": 48264298, "volumes_annuels": "{\"labels\": [\"2001\", \"2002\", \"2003\", \"2004\", \"2005\", \"2006\", \"2007\", \"2008\", \"2009\", \"2010\", \"2011\", \"2012\", \"2013\", \"2014\", \"2015\", \"2016\", \"2017\", \"2018\", \"2019\", \"2020\", \"2021\", \"2022\", \"2023\", \"2024\"], \"values\": [69010677, 71698390, 67760019, 59586647, 68888418, 63967959, 63519005, 58558462, 44803226, 49769782, 48056140, 42070499, 39224183, 44981900, 43053901, 44210861, 40092978, 38756682, 34174260, 31036033, 32233369, 34316199, 36433257, 32140312]}", "profil_mensuel": "{\"labels\": [\"Jan\", \"F\\u00e9v\", \"Mar\", \"Avr\", \"Mai\", \"Jun\", \"Jul\", \"Ao\\u00fb\", \"Sep\", \"Oct\", \"Nov\", \"D\\u00e9c\"], \"values\": [1515972.7, 1184248.0, 1520834.8, 1567919.9, 1919148.8, 2014435.2, 1639345.4, 1038180.7, 981343.0, 921875.2, 871994.1, 912801.6]}"}}, {"type": "Feature", "geometry": {"type": "Point", "coordinates": [-74.682448, 45.764235]}, "properties": {"site": "X1501500", "intervenant": "Les sources Véo inc.", "nature": "NATU", "secteur": "autre", "volume_annuel_moyen_m3": 131190, "volumes_annuels": "{\"labels\": [\"2001\", \"2002\", \"2003\", \"2004\", \"2005\", \"2006\", \"2007\", \"2008\", \"2009\", \"2010\", \"2011\", \"2012\", \"2013\", \"2014\", \"2015\", \"2016\", \"2017\", \"2018\", \"2019\", \"2020\", \"2021\", \"2022\", \"2023\", \"2024\"], \"values\": [137301, 141660, 137858, 132113, 140722, 136654, 136118, 132804, 117565, 123540, 124143, 117643, 119779, 129674, 126700, 134633, 130743, 131497, 130235, 127116, 135162, 135908, 134887, 134096]}", "profil_mensuel": "{\"labels\": [\"Jan\", \"F\\u00e9v\", \"Mar\", \"Avr\", \"Mai\", \"Jun\", \"Jul\", \"Ao\\u00fb\", \"Sep\", \"Oct\", \"Nov\", \"D\\u00e9c\"], \"values\": [8593.6, 10533.9, 10005.4, 9213.7, 12038.4, 12656.0, 11675.7, 13309.2, 11856.5, 11297.3, 8587.5, 11422.5]}"}}, {"type": "Feature", "geometry": {"type": "Point", "coordinates": [-73.940517, 45.878867]}, "properties": {"site": "X2007692", "intervenant": "BAU-VAL INC.", "nature": "NATU", "secteur": "autre", "volume_annuel_moyen_m3": 413976, "volumes_annuels": "{\"labels\": [\"2001\", \"2002\", \"2003\", \"2004\", \"2005\", \"2006\", \"2007\", \"2008\", \"2009\", \"2010\", \"2011\", \"2012\", \"2013\", \"2014\", \"2015\", \"2016\", \"2017\", \"2018\", \"2019\", \"2020\", \"2021\", \"2022\", \"2023\", \"2024\"], \"values\": [432056, 445773, 433806, 415730, 442819, 430018, 428332, 417903, 369952, 388752, 390650, 372221, 379696, 411288, 398930, 427335, 412468, 415579, 411639, 402687, 427990, 430414, 427428, 421969]}", "profil_mensuel": "{\"labels\": [\"Jan\", \"F\\u00e9v\", \"Mar\", \"Avr\", \"Mai\", \"Jun\", \"Jul\", \"Ao\\u00fb\", \"Sep\", \"Oct\", \"Nov\", \"D\\u00e9c\"], \"values\": [24194.1, 28395.9, 42408.9, 33310.2, 32353.3, 27088.6, 25415.6, 45048.4, 25122.8, 46486.9, 38356.7, 45794.8]}"}}, {"type": "Feature", "geometry": {"type": "Point", "coordinates": [-73.63668, 45.45276]}, "properties": {"site": "90506338", "intervenant": "LACTALIS CANADA INC.", "nature": "EGOU", "secteur": "population", "volume_annuel_moyen_m3": 398494, "volumes_annuels": "{\"labels\": [\"2001\", \"2002\", \"2003\", \"2004\", \"2005\", \"2006\", \"2007\", \"2008\", \"2009\", \"2010\", \"2011\", \"2012\", \"2013\", \"2014\", \"2015\", \"2016\", \"2017\", \"2018\", \"2019\", \"2020\", \"2021\", \"2022\", \"2023\", \"2024\"], \"values\": [376770, 379701, 380612, 381116, 381366, 381946, 381633, 382297, 385672, 388068, 390066, 382469, 404535, 407403, 388431, 415736, 402838, 403864, 412832, 427580, 423004, 414970, 426483, 444472]}", "profil_mensuel": "{\"labels\": [\"Jan\", \"F\\u00e9v\", \"Mar\", \"Avr\", \"Mai\", \"Jun\", \"Jul\", \"Ao\\u00fb\", \"Sep\", \"Oct\", \"Nov\", \"D\\u00e9c\"], \"values\": [29602.8, 29038.6, 29282.3, 36318.2, 34014.5, 31315.0, 31294.1, 30726.6, 32199.2, 39530.8, 32243.6, 42928.4]}"}}, {"type": "Feature", "geometry": {"type": "Point", "coordinates": [-73.439867, 45.507059]}, "properties": {"site": "27106103", "intervenant": "LABORATOIRES CONFAB INC.", "nature": "EGOU", "secteur": "population", "volume_annuel_moyen_m3": 35262, "volumes_annuels": "{\"labels\": [\"2001\", \"2002\", \"2003\", \"2004\", \"2005\", \"2006\", \"2007\", \"2008\", \"2009\", \"2010\", \"2011\", \"2012\", \"2013\", \"2014\", \"2015\", \"2016\", \"2017\", \"2018\", \"2019\", \"2020\", \"2021\", \"2022\", \"2023\", \"2024\"], \"values\": [33731, 33827, 33902, 33938, 33903, 33840, 33762, 33740, 33826, 33969, 34245, 33553, 35585, 35809, 34168, 36738, 35508, 35446, 36195, 37857, 38313, 37362, 37935, 39144]}", "profil_mensuel": "{\"labels\": [\"Jan\", \"F\\u00e9v\", \"Mar\", \"Avr\", \"Mai\", \"Jun\", \"Jul\", \"Ao\\u00fb\", \"Sep\", \"Oct\", \"Nov\", \"D\\u00e9c\"], \"values\": [3438.2, 2881.4, 2706.3, 2718.0, 2907.5, 2558.4, 2709.7, 2580.0, 3504.5, 3144.1, 3515.4, 2599.1]}"}}, {"type": "Feature", "geometry": {"type": "Point", "coordinates": [-71.949294, 45.394815]}, "properties": {"site": "90324922", "intervenant": "BOMBARDIER PRODUITS RÉCRÉATIFS INC.", "nature": "EGOU", "secteur": "population", "volume_annuel_moyen_m3": 981, "volumes_annuels": "{\"labels\": [\"2001\", \"2002\", \"2003\", \"2004\", \"2005\", \"2006\", \"2007\", \"2008\", \"2009\", \"2010\", \"2011\", \"2012\", \"2013\", \"2014\", \"2015\", \"2016\", \"2017\", \"2018\", \"2019\", \"2020\", \"2021\", \"2022\", \"2023\", \"2024\"], \"values\": [871, 882, 893, 902, 909, 916, 922, 930, 940, 951, 963, 946, 1000, 1008, 963, 1037, 1004, 1002, 1023, 1072, 1098, 1090, 1100, 1127]}", "profil_mensuel": "{\"labels\": [\"Jan\", \"F\\u00e9v\", \"Mar\", \"Avr\", \"Mai\", \"Jun\", \"Jul\", \"Ao\\u00fb\", \"Sep\", \"Oct\", \"Nov\", \"D\\u00e9c\"], \"values\": [40.7, 41.0, 41.7, 40.2, 40.5, 39.8, 40.1, 41.2, 40.9, 41.2, 41.8, 41.5]}"}}, {"type": "Feature", "geometry": {"type": "Point", "coordinates": [-73.670697, 45.4956858]}, "properties": {"site": "55589303", "intervenant": "KRAFT HEINZ CANADA ULC", "nature": "EGOU", "secteur": "population", "volume_annuel_moyen_m3": 906622, "volumes_annuels": "{\"labels\": [\"2001\", \"2002\", \"2003\", \"2004\", \"2005\", \"2006\", \"2007\", \"2008\", \"2009\", \"2010\", \"2011\", \"2012\", \"2013\", \"2014\", \"2015\", \"2016\", \"2017\", \"2018\", \"2019\", \"2020\", \"2021\", \"2022\", \"2023\", \"2024\"], \"values\": [855513, 862267, 866095, 858170, 854883, 857539, 858035, 858125, 865734, 874920, 885906, 867907, 919094, 929598, 885059, 947851, 927562, 932270, 956960, 975605, 963230, 944625, 981764, 1030218]}", "profil_mensuel": "{\"labels\": [\"Jan\", \"F\\u00e9v\", \"Mar\", \"Avr\", \"Mai\", \"Jun\", \"Jul\", \"Ao\\u00fb\", \"Sep\", \"Oct\", \"Nov\", \"D\\u00e9c\"], \"values\": [73800.0, 75967.5, 75949.2, 77527.8, 72797.6, 75459.1, 87196.2, 68235.3, 80825.9, 75501.1, 82885.5, 60476.9]}"}}, {"type": "Feature", "geometry": {"type": "Point", "coordinates": [-73.6959998, 45.349391]}, "properties": {"site": "90541194", "intervenant": "CIMENT QUÉBEC INC.", "nature": "EGOU", "secteur": "population", "volume_annuel_moyen_m3": 5296, "volumes_annuels": "{\"labels\": [\"2001\", \"2002\", \"2003\", \"2004\", \"2005\", \"2006\", \"2007\", \"2008\", \"2009\", \"2010\", \"2011\", \"2012\", \"2013\", \"2014\", \"2015\", \"2016\", \"2017\", \"2018\", \"2019\", \"2020\", \"2021\", \"2022\", \"2023\", \"2024\"], \"values\": [4733, 4753, 4780, 4820, 4844, 4887, 4915, 4988, 5058, 5165, 5249, 5139, 5445, 5486, 5273, 5660, 5479, 5447, 5538, 5805, 5927, 5829, 5881, 6008]}", "profil_mensuel": "{\"labels\": [\"Jan\", \"F\\u00e9v\", \"Mar\", \"Avr\", \"Mai\", \"Jun\", \"Jul\", \"Ao\\u00fb\", \"Sep\", \"Oct\", \"Nov\", \"D\\u00e9c\"], \"values\": [242.2, 466.7, 473.9, 467.0, 565.5, 470.8, 394.7, 310.0, 519.3, 650.6, 427.0, 308.6]}"}}, {"type": "Feature", "geometry": {"type": "Point", "coordinates": [-71.9933333333, 45.9347222222]}, "properties": {"site": "31010135", "intervenant": "COMPAGNIE WESTROCK DU CANADA CORP.", "nature": "EGOU", "secteur": "population", "volume_annuel_moyen_m3": 18792, "volumes_annuels": "{\"labels\": [\"2001\", \"2002\", \"2003\", \"2004\", \"2005\", \"2006\", \"2007\", \"2008\", \"2009\", \"2010\", \"2011\", \"2012\", \"2013\", \"2014\", \"2015\", \"2016\", \"2017\", \"2018\", \"2019\", \"2020\", \"2021\", \"2022\", \"2023\", \"2024\"], \"values\": [19559, 19223, 18963, 18974, 19049, 19077, 18852, 18777, 18812, 18939, 18967, 18492, 19244, 19081, 17683, 18948, 18109, 17831, 18072, 18388, 18884, 18828, 18788, 19480]}", "profil_mensuel": "{\"labels\": [\"Jan\", \"F\\u00e9v\", \"Mar\", \"Avr\", \"Mai\", \"Jun\", \"Jul\", \"Ao\\u00fb\", \"Sep\", \"Oct\", \"Nov\", \"D\\u00e9c\"], \"values\": [7048.2, 1008.8, 1060.5, 1558.0, 731.3, 973.4, 2302.7, 560.2, 689.0, 1090.0, 938.9, 831.6]}"}}, {"type": "Feature", "geometry": {"type": "Point", "coordinates": [-72.9718844062, 45.1193591203]}, "properties": {"site": "17502311", "intervenant": "JTEKT BEARINGS CANADA INC.", "nature": "EGOU", "secteur": "population", "volume_annuel_moyen_m3": 19961, "volumes_annuels": "{\"labels\": [\"2001\", \"2002\", \"2003\", \"2004\", \"2005\", \"2006\", \"2007\", \"2008\", \"2009\", \"2010\", \"2011\", \"2012\", \"2013\", \"2014\", \"2015\", \"2016\", \"2017\", \"2018\", \"2019\", \"2020\", \"2021\", \"2022\", \"2023\", \"2024\"], \"values\": [20557, 20284, 19981, 20269, 20125, 20011, 20148, 20353, 20254, 20315, 20474, 19577, 20656, 19918, 18892, 20108, 19304, 18935, 18776, 19503, 19993, 19950, 19989, 20694]}", "profil_mensuel": "{\"labels\": [\"Jan\", \"F\\u00e9v\", \"Mar\", \"Avr\", \"Mai\", \"Jun\", \"Jul\", \"Ao\\u00fb\", \"Sep\", \"Oct\", \"Nov\", \"D\\u00e9c\"], \"values\": [844.4, 810.7, 869.6, 797.2, 838.2, 793.6, 838.0, 821.3, 857.3, 827.7, 871.5, 811.1]}"}}, {"type": "Feature", "geometry": {"type": "Point", "coordinates": [-73.830793, 45.623688]}, "properties": {"site": "90209529", "intervenant": "Signify Canada Ltée", "nature": "EGOU", "secteur": "population", "volume_annuel_moyen_m3": 18439, "volumes_annuels": "{\"labels\": [\"2001\", \"2002\", \"2003\", \"2004\", \"2005\", \"2006\", \"2007\", \"2008\", \"2009\", \"2010\", \"2011\", \"2012\", \"2013\", \"2014\", \"2015\", \"2016\", \"2017\", \"2018\", \"2019\", \"2020\", \"2021\", \"2022\", \"2023\", \"2024\"], \"values\": [18408, 18297, 18174, 18195, 18102, 18048, 18035, 17970, 18062, 18149, 18272, 17840, 18681, 18668, 17982, 18740, 17847, 17582, 18023, 18978, 19712, 19403, 19507, 19854]}", "profil_mensuel": "{\"labels\": [\"Jan\", \"F\\u00e9v\", \"Mar\", \"Avr\", \"Mai\", \"Jun\", \"Jul\", \"Ao\\u00fb\", \"Sep\", \"Oct\", \"Nov\", \"D\\u00e9c\"], \"values\": [1457.6, 1933.0, 1568.3, 1538.9, 1679.2, 1376.2, 1536.8, 2148.9, 1848.3, 1696.1, 867.9, 787.6]}"}}, {"type": "Feature", "geometry": {"type": "Point", "coordinates": [-72.51788, 45.88482]}, "properties": {"site": "55491351", "intervenant": "SIEMENS CANADA LIMITÉE", "nature": "EGOU", "secteur": "population", "volume_annuel_moyen_m3": 51, "volumes_annuels": "{\"labels\": [\"2001\", \"2002\", \"2003\", \"2004\", \"2005\", \"2006\", \"2007\", \"2008\", \"2009\", \"2010\", \"2011\", \"2012\", \"2013\", \"2014\", \"2015\", \"2016\", \"2017\", \"2018\", \"2019\", \"2020\", \"2021\", \"2022\", \"2023\", \"2024\"], \"values\": [44, 45, 45, 46, 47, 47, 47, 48, 49, 49, 50, 49, 52, 52, 50, 54, 52, 52, 53, 55, 56, 56, 57, 58]}", "profil_mensuel": "{\"labels\": [\"Jan\", \"F\\u00e9v\", \"Mar\", \"Avr\", \"Mai\", \"Jun\", \"Jul\", \"Ao\\u00fb\", \"Sep\", \"Oct\", \"Nov\", \"D\\u00e9c\"], \"values\": [3.8, 4.0, 4.1, 5.1, 5.1, 4.1, 3.6, 4.2, 4.7, 4.3, 4.2, 3.4]}"}}, {"type": "Feature", "geometry": {"type": "Point", "coordinates": [-77.727523, 48.113016]}, "properties": {"site": "90498775", "intervenant": "Eldorado Gold (Quebec) Inc.", "nature": "NATU", "secteur": "mines", "volume_annuel_moyen_m3": 1927370, "volumes_annuels": "{\"labels\": [\"2001\", \"2002\", \"2003\", \"2004\", \"2005\", \"2006\", \"2007\", \"2008\", \"2009\", \"2010\", \"2011\", \"2012\", \"2013\", \"2014\", \"2015\", \"2016\", \"2017\", \"2018\", \"2019\", \"2020\", \"2021\", \"2022\", \"2023\", \"2024\"], \"values\": [1628362, 1569372, 1688010, 1462936, 1334379, 1323582, 1399601, 1448584, 1403507, 1454641, 1581091, 1524272, 1794880, 2099524, 2166799, 2317759, 2391370, 2471200, 2443404, 2432743, 2600099, 2450134, 2567296, 2703344]}", "profil_mensuel": "{\"labels\": [\"Jan\", \"F\\u00e9v\", \"Mar\", \"Avr\", \"Mai\", \"Jun\", \"Jul\", \"Ao\\u00fb\", \"Sep\", \"Oct\", \"Nov\", \"D\\u00e9c\"], \"values\": [109765.4, 85515.6, 138579.8, 177242.2, 116647.1, 185172.6, 162726.0, 209611.3, 187891.4, 171459.3, 252978.2, 129781.5]}"}}, {"type": "Feature", "geometry": {"type": "Point", "coordinates": [-73.4953306, 45.3738806]}, "properties": {"site": "X1501751", "intervenant": "4525663 Canada inc.", "nature": "EGOU", "secteur": "population", "volume_annuel_moyen_m3": 70996, "volumes_annuels": "{\"labels\": [\"2001\", \"2002\", \"2003\", \"2004\", \"2005\", \"2006\", \"2007\", \"2008\", \"2009\", \"2010\", \"2011\", \"2012\", \"2013\", \"2014\", \"2015\", \"2016\", \"2017\", \"2018\", \"2019\", \"2020\", \"2021\", \"2022\", \"2023\", \"2024\"], \"values\": [47351, 48754, 50646, 52920, 55864, 59042, 61658, 65590, 68812, 71720, 72900, 72249, 77037, 77830, 74473, 79708, 77011, 77844, 79542, 84098, 86237, 86126, 87187, 89317]}", "profil_mensuel": "{\"labels\": [\"Jan\", \"F\\u00e9v\", \"Mar\", \"Avr\", \"Mai\", \"Jun\", \"Jul\", \"Ao\\u00fb\", \"Sep\", \"Oct\", \"Nov\", \"D\\u00e9c\"], \"values\": [5838.1, 6176.3, 6690.3, 6410.8, 5835.9, 5826.0, 6204.5, 6177.3, 5643.1, 5076.2, 5485.5, 5632.7]}"}}, {"type": "Feature", "geometry": {"type": "Point", "coordinates": [-71.928988, 46.301639]}, "properties": {"site": "90306432", "intervenant": "CANNEBERGES ATOKA INC.", "nature": "NATU", "secteur": "autre", "volume_annuel_moyen_m3": 49968, "volumes_annuels": "{\"labels\": [\"2001\", \"2002\", \"2003\", \"2004\", \"2005\", \"2006\", \"2007\", \"2008\", \"2009\", \"2010\", \"2011\", \"2012\", \"2013\", \"2014\", \"2015\", \"2016\", \"2017\", \"2018\", \"2019\", \"2020\", \"2021\", \"2022\", \"2023\", \"2024\"], \"values\": [52196, 53853, 52407, 50223, 53496, 51949, 51746, 50486, 44693, 46964, 47193, 44893, 45874, 49641, 48174, 51661, 49786, 50184, 49630, 48461, 51463, 51745, 51539, 50977]}", "profil_mensuel": "{\"labels\": [\"Jan\", \"F\\u00e9v\", \"Mar\", \"Avr\", \"Mai\", \"Jun\", \"Jul\", \"Ao\\u00fb\", \"Sep\", \"Oct\", \"Nov\", \"D\\u00e9c\"], \"values\": [2987.8, 3992.7, 3797.1, 3624.0, 4329.7, 3741.7, 3829.4, 2950.1, 4504.7, 5058.5, 5604.5, 5547.9]}"}}, {"type": "Feature", "geometry": {"type": "Point", "coordinates": [-72.3606920106, 46.0814900131]}, "properties": {"site": "28409027", "intervenant": "Les Aliments Bari inc.", "nature": "NATU", "secteur": "autre", "volume_annuel_moyen_m3": 42554, "volumes_annuels": "{\"labels\": [\"2001\", \"2002\", \"2003\", \"2004\", \"2005\", \"2006\", \"2007\", \"2008\", \"2009\", \"2010\", \"2011\", \"2012\", \"2013\", \"2014\", \"2015\", \"2016\", \"2017\", \"2018\", \"2019\", \"2020\", \"2021\", \"2022\", \"2023\", \"2024\"], \"values\": [44523, 45937, 44704, 42841, 45633, 44313, 44140, 43065, 38124, 40061, 40257, 38213, 38974, 42159, 41024, 43747, 42360, 42695, 42268, 41203, 43757, 44062, 43761, 43484]}", "profil_mensuel": "{\"labels\": [\"Jan\", \"F\\u00e9v\", \"Mar\", \"Avr\", \"Mai\", \"Jun\", \"Jul\", \"Ao\\u00fb\", \"Sep\", \"Oct\", \"Nov\", \"D\\u00e9c\"], \"values\": [3655.4, 3307.7, 3485.1, 3453.6, 3609.4, 3560.2, 3920.8, 3611.5, 3510.0, 3409.8, 3545.2, 3485.7]}"}}, {"type": "Feature", "geometry": {"type": "Point", "coordinates": [-73.1510733869, 45.7890375881]}, "properties": {"site": "29537677", "intervenant": "ALIMENTS NORTERA INC.", "nature": "NATU", "secteur": "autre", "volume_annuel_moyen_m3": 268279, "volumes_annuels": "{\"labels\": [\"2001\", \"2002\", \"2003\", \"2004\", \"2005\", \"2006\", \"2007\", \"2008\", \"2009\", \"2010\", \"2011\", \"2012\", \"2013\", \"2014\", \"2015\", \"2016\", \"2017\", \"2018\", \"2019\", \"2020\", \"2021\", \"2022\", \"2023\", \"2024\"], \"values\": [280616, 289525, 281753, 270013, 287607, 279293, 278198, 271424, 240280, 252491, 253724, 239706, 244298, 264459, 262621, 274365, 271990, 268667, 266260, 258850, 275226, 278122, 275153, 274065]}", "profil_mensuel": "{\"labels\": [\"Jan\", \"F\\u00e9v\", \"Mar\", \"Avr\", \"Mai\", \"Jun\", \"Jul\", \"Ao\\u00fb\", \"Sep\", \"Oct\", \"Nov\", \"D\\u00e9c\"], \"values\": [3698.3, 22161.7, 20564.4, 17154.3, 11703.8, 10498.1, 44134.6, 41160.9, 45162.4, 26011.3, 17282.7, 8746.9]}"}}, {"type": "Feature", "geometry": {"type": "Point", "coordinates": [-73.69712, 45.586513]}, "properties": {"site": "90300047", "intervenant": "GROUPE CRH CANADA INC.", "nature": "NATU", "secteur": "autre", "volume_annuel_moyen_m3": 677171, "volumes_annuels": "{\"labels\": [\"2001\", \"2002\", \"2003\", \"2004\", \"2005\", \"2006\", \"2007\", \"2008\", \"2009\", \"2010\", \"2011\", \"2012\", \"2013\", \"2014\", \"2015\", \"2016\", \"2017\", \"2018\", \"2019\", \"2020\", \"2021\", \"2022\", \"2023\", \"2024\"], \"values\": [704520, 726888, 707375, 677899, 722072, 701197, 698448, 681443, 603252, 633909, 637003, 606180, 620048, 671608, 660266, 695620, 679867, 680849, 674724, 662513, 704477, 714963, 698899, 688073]}", "profil_mensuel": "{\"labels\": [\"Jan\", \"F\\u00e9v\", \"Mar\", \"Avr\", \"Mai\", \"Jun\", \"Jul\", \"Ao\\u00fb\", \"Sep\", \"Oct\", \"Nov\", \"D\\u00e9c\"], \"values\": [0.0, 0.0, 255590.5, 35655.6, 68530.6, 27632.1, 59250.2, 81345.0, 63463.1, 37246.5, 48457.0, 0.0]}"}}, {"type": "Feature", "geometry": {"type": "Point", "coordinates": [-73.736058373, 45.4500575607]}, "properties": {"site": "53760070", "intervenant": "Multibond inc.", "nature": "EGOU", "secteur": "population", "volume_annuel_moyen_m3": 2298, "volumes_annuels": "{\"labels\": [\"2001\", \"2002\", \"2003\", \"2004\", \"2005\", \"2006\", \"2007\", \"2008\", \"2009\", \"2010\", \"2011\", \"2012\", \"2013\", \"2014\", \"2015\", \"2016\", \"2017\", \"2018\", \"2019\", \"2020\", \"2021\", \"2022\", \"2023\", \"2024\"], \"values\": [2200, 2211, 2210, 2206, 2203, 2223, 2220, 2220, 2211, 2229, 2245, 2208, 2335, 2348, 2253, 2411, 2330, 2341, 2377, 2440, 2412, 2392, 2423, 2508]}", "profil_mensuel": "{\"labels\": [\"Jan\", \"F\\u00e9v\", \"Mar\", \"Avr\", \"Mai\", \"Jun\", \"Jul\", \"Ao\\u00fb\", \"Sep\", \"Oct\", \"Nov\", \"D\\u00e9c\"], \"values\": [185.3, 206.3, 188.8, 219.0, 196.4, 202.1, 206.3, 183.8, 171.5, 187.6, 178.3, 172.9]}"}}]}